[28Aug2026 02:32:22.865] [main/INFO] [cpw.mods.modlauncher.Launcher/MODLAUNCHER]: ModLauncher running: args [--launchTarget, forgeserver, --fml.forgeVersion, 47.3.7, --fml.mcVersion, 1.20.1, --fml.forgeGroup, net.minecraftforge, --fml.mcpVersion, 20230612.114412, nogui]
[28Aug2026 02:32:22.869] [main/INFO] [cpw.mods.modlauncher.Launcher/MODLAUNCHER]: ModLauncher 10.0.9+10.0.9+main.dcd20f30 starting: java version 17.0.18 by Ubuntu; OS Linux arch amd64 version 6.8.0-1052-azure
[28Aug2026 02:32:22.895] [main/DEBUG] [cpw.mods.modlauncher.LaunchServiceHandler/MODLAUNCHER]: Found launch services [fmlclientdev,forgeclient,minecraft,forgegametestserverdev,fmlserveruserdev,fmlclient,fmldatauserdev,forgeserverdev,forgeserveruserdev,forgeclientdev,forgeclientuserdev,forgeserver,forgedatadev,fmlserver,fmlclientuserdev,fmlserverdev,forgedatauserdev,testharness,forgegametestserveruserdev]
[28Aug2026 02:32:22.908] [main/DEBUG] [cpw.mods.modlauncher.NameMappingServiceHandler/MODLAUNCHER]: Found naming services : [srgtomcp]
[28Aug2026 02:32:22.922] [main/DEBUG] [cpw.mods.modlauncher.LaunchPluginHandler/MODLAUNCHER]: Found launch plugins: [mixin,eventbus,slf4jfixer,object_holder_definalize,runtime_enum_extender,capability_token_subclass,accesstransformer,runtimedistcleaner]
[28Aug2026 02:32:22.931] [main/DEBUG] [cpw.mods.modlauncher.TransformationServicesHandler/MODLAUNCHER]: Discovering transformation services
[28Aug2026 02:32:22.937] [main/DEBUG] [net.minecraftforge.fml.loading.FMLPaths/CORE]: Path GAMEDIR is /workspaces/Server-2/servidor_minecraft
[28Aug2026 02:32:22.937] [main/DEBUG] [net.minecraftforge.fml.loading.FMLPaths/CORE]: Path MODSDIR is /workspaces/Server-2/servidor_minecraft/mods
[28Aug2026 02:32:22.937] [main/DEBUG] [net.minecraftforge.fml.loading.FMLPaths/CORE]: Path CONFIGDIR is /workspaces/Server-2/servidor_minecraft/config
[28Aug2026 02:32:22.938] [main/DEBUG] [net.minecraftforge.fml.loading.FMLPaths/CORE]: Path FMLCONFIG is /workspaces/Server-2/servidor_minecraft/config/fml.toml
[28Aug2026 02:32:23.443] [main/DEBUG] [cpw.mods.modlauncher.TransformationServicesHandler/MODLAUNCHER]: Found additional transformation services from discovery services: 
[28Aug2026 02:32:23.450] [main/INFO] [net.minecraftforge.fml.loading.ImmediateWindowHandler/]: ImmediateWindowProvider not loading because launch target is forgeserver
[28Aug2026 02:32:23.458] [main/DEBUG] [cpw.mods.modlauncher.TransformationServicesHandler/MODLAUNCHER]: Found transformer services : [mixin,fml]
[28Aug2026 02:32:23.458] [main/DEBUG] [cpw.mods.modlauncher.TransformationServicesHandler/MODLAUNCHER]: Transformation services loading
[28Aug2026 02:32:23.459] [main/DEBUG] [cpw.mods.modlauncher.TransformationServiceDecorator/MODLAUNCHER]: Loading service mixin
[28Aug2026 02:32:23.459] [main/DEBUG] [cpw.mods.modlauncher.TransformationServiceDecorator/MODLAUNCHER]: Loaded service mixin
[28Aug2026 02:32:23.459] [main/DEBUG] [cpw.mods.modlauncher.TransformationServiceDecorator/MODLAUNCHER]: Loading service fml
[28Aug2026 02:32:23.460] [main/DEBUG] [net.minecraftforge.fml.loading.LauncherVersion/CORE]: Found FMLLauncher version 1.0
[28Aug2026 02:32:23.460] [main/DEBUG] [net.minecraftforge.fml.loading.FMLLoader/CORE]: FML 1.0 loading
[28Aug2026 02:32:23.460] [main/DEBUG] [net.minecraftforge.fml.loading.FMLLoader/CORE]: FML found ModLauncher version : 10.0.9+10.0.9+main.dcd20f30
[28Aug2026 02:32:23.461] [main/DEBUG] [net.minecraftforge.fml.loading.FMLLoader/CORE]: FML found AccessTransformer version : 8.0.4+66+master.c09db6d7
[28Aug2026 02:32:23.461] [main/DEBUG] [net.minecraftforge.fml.loading.FMLLoader/CORE]: FML found EventBus version : 6.0.5+6.0.5+master.eb8e549b
[28Aug2026 02:32:23.461] [main/DEBUG] [net.minecraftforge.fml.loading.FMLLoader/CORE]: Found Runtime Dist Cleaner
[28Aug2026 02:32:23.463] [main/DEBUG] [net.minecraftforge.fml.loading.FMLLoader/CORE]: FML found CoreMod version : 5.1.6
[28Aug2026 02:32:23.463] [main/DEBUG] [net.minecraftforge.fml.loading.FMLLoader/CORE]: Found ForgeSPI package implementation version 7.0.1+7.0.1+master.d2b38bf6
[28Aug2026 02:32:23.463] [main/DEBUG] [net.minecraftforge.fml.loading.FMLLoader/CORE]: Found ForgeSPI package specification 5
[28Aug2026 02:32:23.463] [main/DEBUG] [cpw.mods.modlauncher.TransformationServiceDecorator/MODLAUNCHER]: Loaded service fml
[28Aug2026 02:32:23.464] [main/DEBUG] [cpw.mods.modlauncher.TransformationServicesHandler/MODLAUNCHER]: Configuring option handling for services
[28Aug2026 02:32:23.471] [main/DEBUG] [cpw.mods.modlauncher.TransformationServicesHandler/MODLAUNCHER]: Transformation services initializing
[28Aug2026 02:32:23.472] [main/DEBUG] [cpw.mods.modlauncher.TransformationServiceDecorator/MODLAUNCHER]: Initializing transformation service mixin
[28Aug2026 02:32:23.484] [main/DEBUG] [mixin/]: MixinService [ModLauncher] was successfully booted in cpw.mods.cl.ModuleClassLoader@7a3d45bd
[28Aug2026 02:32:23.499] [main/INFO] [mixin/]: SpongePowered MIXIN Subsystem Version=0.8.5 Source=union:/workspaces/Server-2/servidor_minecraft/libraries/org/spongepowered/mixin/0.8.5/mixin-0.8.5.jar%2365!/ Service=ModLauncher Env=SERVER
[28Aug2026 02:32:23.504] [main/DEBUG] [mixin/]: Initialising Mixin Platform Manager
[28Aug2026 02:32:23.504] [main/DEBUG] [mixin/]: Adding mixin platform agents for container ModLauncher Root Container(ModLauncher:4f56a0a2)
[28Aug2026 02:32:23.505] [main/DEBUG] [mixin/]: Instancing new MixinPlatformAgentMinecraftForge for ModLauncher Root Container(ModLauncher:4f56a0a2)
[28Aug2026 02:32:23.506] [main/DEBUG] [mixin/]: MixinPlatformAgentMinecraftForge rejected container ModLauncher Root Container(ModLauncher:4f56a0a2)
[28Aug2026 02:32:23.506] [main/DEBUG] [mixin/]: Instancing new MixinPlatformAgentDefault for ModLauncher Root Container(ModLauncher:4f56a0a2)
[28Aug2026 02:32:23.507] [main/DEBUG] [mixin/]: MixinPlatformAgentDefault accepted container ModLauncher Root Container(ModLauncher:4f56a0a2)
[28Aug2026 02:32:23.509] [main/DEBUG] [cpw.mods.modlauncher.TransformationServiceDecorator/MODLAUNCHER]: Initialized transformation service mixin
[28Aug2026 02:32:23.509] [main/DEBUG] [cpw.mods.modlauncher.TransformationServiceDecorator/MODLAUNCHER]: Initializing transformation service fml
[28Aug2026 02:32:23.510] [main/DEBUG] [net.minecraftforge.fml.loading.FMLServiceProvider/CORE]: Setting up basic FML game directories
[28Aug2026 02:32:23.510] [main/DEBUG] [net.minecraftforge.fml.loading.FMLPaths/CORE]: Path GAMEDIR is /workspaces/Server-2/servidor_minecraft
[28Aug2026 02:32:23.510] [main/DEBUG] [net.minecraftforge.fml.loading.FMLPaths/CORE]: Path MODSDIR is /workspaces/Server-2/servidor_minecraft/mods
[28Aug2026 02:32:23.511] [main/DEBUG] [net.minecraftforge.fml.loading.FMLPaths/CORE]: Path CONFIGDIR is /workspaces/Server-2/servidor_minecraft/config
[28Aug2026 02:32:23.511] [main/DEBUG] [net.minecraftforge.fml.loading.FMLPaths/CORE]: Path FMLCONFIG is /workspaces/Server-2/servidor_minecraft/config/fml.toml
[28Aug2026 02:32:23.511] [main/DEBUG] [net.minecraftforge.fml.loading.FMLServiceProvider/CORE]: Loading configuration
[28Aug2026 02:32:23.514] [main/DEBUG] [net.minecraftforge.fml.loading.FMLServiceProvider/CORE]: Preparing ModFile
[28Aug2026 02:32:23.517] [main/DEBUG] [net.minecraftforge.fml.loading.FMLServiceProvider/CORE]: Preparing launch handler
[28Aug2026 02:32:23.517] [main/DEBUG] [net.minecraftforge.fml.loading.FMLLoader/CORE]: Using forgeserver as launch service
[28Aug2026 02:32:23.531] [main/DEBUG] [net.minecraftforge.fml.loading.FMLLoader/CORE]: Received command line version data  : VersionInfo[forgeVersion=47.3.7, mcVersion=1.20.1, mcpVersion=20230612.114412, forgeGroup=net.minecraftforge]
[28Aug2026 02:32:23.533] [main/DEBUG] [cpw.mods.modlauncher.TransformationServiceDecorator/MODLAUNCHER]: Initialized transformation service fml
[28Aug2026 02:32:23.534] [main/DEBUG] [cpw.mods.modlauncher.NameMappingServiceHandler/MODLAUNCHER]: Current naming domain is 'srg'
[28Aug2026 02:32:23.534] [main/DEBUG] [cpw.mods.modlauncher.NameMappingServiceHandler/MODLAUNCHER]: Identified name mapping providers {}
[28Aug2026 02:32:23.535] [main/DEBUG] [cpw.mods.modlauncher.TransformationServicesHandler/MODLAUNCHER]: Transformation services begin scanning
[28Aug2026 02:32:23.535] [main/DEBUG] [cpw.mods.modlauncher.TransformationServiceDecorator/MODLAUNCHER]: Beginning scan trigger - transformation service mixin
[28Aug2026 02:32:23.536] [main/DEBUG] [cpw.mods.modlauncher.TransformationServiceDecorator/MODLAUNCHER]: End scan trigger - transformation service mixin
[28Aug2026 02:32:23.536] [main/DEBUG] [cpw.mods.modlauncher.TransformationServiceDecorator/MODLAUNCHER]: Beginning scan trigger - transformation service fml
[28Aug2026 02:32:23.536] [main/DEBUG] [net.minecraftforge.fml.loading.FMLServiceProvider/CORE]: Initiating mod scan
[28Aug2026 02:32:23.547] [main/DEBUG] [net.minecraftforge.fml.loading.moddiscovery.ModListHandler/CORE]: Found mod coordinates from lists: []
[28Aug2026 02:32:23.551] [main/DEBUG] [net.minecraftforge.fml.loading.moddiscovery.ModDiscoverer/CORE]: Found Mod Locators : (mods folder:null),(maven libs:null),(exploded directory:null),(minecraft:null),(userdev classpath:null)
[28Aug2026 02:32:23.551] [main/DEBUG] [net.minecraftforge.fml.loading.moddiscovery.ModDiscoverer/CORE]: Found Dependency Locators : (JarInJar:null)
[28Aug2026 02:32:23.563] [main/DEBUG] [net.minecraftforge.fml.loading.moddiscovery.ModFileParser/LOADING]: Considering mod file candidate /workspaces/Server-2/servidor_minecraft/mods/alexscaves-2.0.2.jar
[28Aug2026 02:32:23.606] [main/DEBUG] [net.minecraftforge.fml.loading.moddiscovery.ModFileInfo/LOADING]: Found valid mod file alexscaves-2.0.2.jar with {alexscaves} mods - versions {2.0.2}
[28Aug2026 02:32:23.610] [main/DEBUG] [net.minecraftforge.fml.loading.moddiscovery.ModFileParser/LOADING]: Considering mod file candidate /workspaces/Server-2/servidor_minecraft/mods/alexsmobs-1.22.9.jar
[28Aug2026 02:32:23.612] [main/DEBUG] [net.minecraftforge.fml.loading.moddiscovery.ModFileInfo/LOADING]: Found valid mod file alexsmobs-1.22.9.jar with {alexsmobs} mods - versions {1.22.9}
[28Aug2026 02:32:23.615] [main/DEBUG] [net.minecraftforge.fml.loading.moddiscovery.ModFileParser/LOADING]: Considering mod file candidate /workspaces/Server-2/servidor_minecraft/mods/BiomesOPlenty-forge-1.20.1-19.0.0.96.jar
[28Aug2026 02:32:23.616] [main/DEBUG] [net.minecraftforge.fml.loading.moddiscovery.ModFileInfo/LOADING]: Found valid mod file BiomesOPlenty-forge-1.20.1-19.0.0.96.jar with {biomesoplenty} mods - versions {19.0.0.96}
[28Aug2026 02:32:23.642] [main/DEBUG] [net.minecraftforge.fml.loading.moddiscovery.ModFileParser/LOADING]: Considering mod file candidate /workspaces/Server-2/servidor_minecraft/mods/cfm-forge-1.20.1-7.0.0-pre36.jar
[28Aug2026 02:32:23.644] [main/DEBUG] [net.minecraftforge.fml.loading.moddiscovery.ModFileInfo/LOADING]: Found valid mod file cfm-forge-1.20.1-7.0.0-pre36.jar with {cfm} mods - versions {7.0.0-pre36}
[28Aug2026 02:32:23.646] [main/DEBUG] [net.minecraftforge.fml.loading.moddiscovery.ModFileParser/LOADING]: Considering mod file candidate /workspaces/Server-2/servidor_minecraft/mods/citadel-2.6.3-1.20.1.jar
[28Aug2026 02:32:23.647] [main/DEBUG] [net.minecraftforge.fml.loading.moddiscovery.ModFileInfo/LOADING]: Found valid mod file citadel-2.6.3-1.20.1.jar with {citadel} mods - versions {2.6.3}
[28Aug2026 02:32:23.649] [main/DEBUG] [net.minecraftforge.fml.loading.moddiscovery.ModFileParser/LOADING]: Considering mod file candidate /workspaces/Server-2/servidor_minecraft/mods/cloth-config-11.1.136-forge.jar
[28Aug2026 02:32:23.650] [main/DEBUG] [net.minecraftforge.fml.loading.moddiscovery.ModFileInfo/LOADING]: Found valid mod file cloth-config-11.1.136-forge.jar with {cloth_config} mods - versions {11.1.136}
[28Aug2026 02:32:23.651] [main/DEBUG] [net.minecraftforge.fml.loading.moddiscovery.ModFileParser/LOADING]: Considering mod file candidate /workspaces/Server-2/servidor_minecraft/mods/CreativeCore_FORGE_v2.12.39_mc1.20.1.jar
[28Aug2026 02:32:23.652] [main/DEBUG] [net.minecraftforge.fml.loading.moddiscovery.ModFileInfo/LOADING]: Found valid mod file CreativeCore_FORGE_v2.12.39_mc1.20.1.jar with {creativecore} mods - versions {2.12.39}
[28Aug2026 02:32:23.653] [main/DEBUG] [net.minecraftforge.fml.loading.moddiscovery.ModFileParser/LOADING]: Considering mod file candidate /workspaces/Server-2/servidor_minecraft/mods/curios-forge-5.14.1+1.20.1.jar
[28Aug2026 02:32:23.660] [main/DEBUG] [net.minecraftforge.fml.loading.moddiscovery.ModFileInfo/LOADING]: Found valid mod file curios-forge-5.14.1+1.20.1.jar with {curios} mods - versions {5.14.1+1.20.1}
[28Aug2026 02:32:23.660] [main/DEBUG] [net.minecraftforge.fml.loading.moddiscovery.ModFileParser/LOADING]: Considering mod file candidate /workspaces/Server-2/servidor_minecraft/mods/entityculling-forge-1.10.5-mc1.20.1.jar
[28Aug2026 02:32:23.661] [main/DEBUG] [net.minecraftforge.fml.loading.moddiscovery.ModFileInfo/LOADING]: Found valid mod file entityculling-forge-1.10.5-mc1.20.1.jar with {entityculling} mods - versions {1.10.5}
[28Aug2026 02:32:23.665] [main/DEBUG] [net.minecraftforge.fml.loading.moddiscovery.ModFileParser/LOADING]: Considering mod file candidate /workspaces/Server-2/servidor_minecraft/mods/ferritecore-6.0.1-forge.jar
[28Aug2026 02:32:23.667] [main/DEBUG] [net.minecraftforge.fml.loading.moddiscovery.ModFileInfo/LOADING]: Found valid mod file ferritecore-6.0.1-forge.jar with {ferritecore} mods - versions {6.0.1}
[28Aug2026 02:32:23.670] [main/DEBUG] [net.minecraftforge.fml.loading.moddiscovery.ModFileParser/LOADING]: Considering mod file candidate /workspaces/Server-2/servidor_minecraft/mods/framework-forge-1.20.1-0.8.0.jar
[28Aug2026 02:32:23.671] [main/DEBUG] [net.minecraftforge.fml.loading.moddiscovery.ModFileInfo/LOADING]: Found valid mod file framework-forge-1.20.1-0.8.0.jar with {framework} mods - versions {0.8.0}
[28Aug2026 02:32:23.672] [main/DEBUG] [net.minecraftforge.fml.loading.moddiscovery.ModFileParser/LOADING]: Considering mod file candidate /workspaces/Server-2/servidor_minecraft/mods/geckolib-forge-1.20.1-4.8.4.jar
[28Aug2026 02:32:23.673] [main/DEBUG] [net.minecraftforge.fml.loading.moddiscovery.ModFileInfo/LOADING]: Found valid mod file geckolib-forge-1.20.1-4.8.4.jar with {geckolib} mods - versions {4.8.4}
[28Aug2026 02:32:23.674] [main/DEBUG] [net.minecraftforge.fml.loading.moddiscovery.ModFileParser/LOADING]: Considering mod file candidate /workspaces/Server-2/servidor_minecraft/mods/GlitchCore-forge-1.20.1-0.0.1.1.jar
[28Aug2026 02:32:23.675] [main/DEBUG] [net.minecraftforge.fml.loading.moddiscovery.ModFileInfo/LOADING]: Found valid mod file GlitchCore-forge-1.20.1-0.0.1.1.jar with {glitchcore} mods - versions {0.0.1.1}
[28Aug2026 02:32:23.676] [main/DEBUG] [net.minecraftforge.fml.loading.moddiscovery.ModFileParser/LOADING]: Considering mod file candidate /workspaces/Server-2/servidor_minecraft/mods/horror_element_mod-1.6.3-forge-1.20.1.jar
[28Aug2026 02:32:23.676] [main/DEBUG] [net.minecraftforge.fml.loading.moddiscovery.ModFileInfo/LOADING]: Found valid mod file horror_element_mod-1.6.3-forge-1.20.1.jar with {horror_element_mod} mods - versions {1.6.3}
[28Aug2026 02:32:23.680] [main/DEBUG] [net.minecraftforge.fml.loading.moddiscovery.ModFileParser/LOADING]: Considering mod file candidate /workspaces/Server-2/servidor_minecraft/mods/iceandfire-2.1.13-1.20.1-beta-5.jar
[28Aug2026 02:32:23.681] [main/DEBUG] [net.minecraftforge.fml.loading.moddiscovery.ModFileInfo/LOADING]: Found valid mod file iceandfire-2.1.13-1.20.1-beta-5.jar with {iceandfire} mods - versions {2.1.13-1.20.1}
[28Aug2026 02:32:23.682] [main/DEBUG] [net.minecraftforge.fml.loading.moddiscovery.ModFileParser/LOADING]: Considering mod file candidate /workspaces/Server-2/servidor_minecraft/mods/ImmediatelyFast-Forge-1.5.5+1.20.4.jar
[28Aug2026 02:32:23.683] [main/DEBUG] [net.minecraftforge.fml.loading.moddiscovery.ModFileInfo/LOADING]: Found valid mod file ImmediatelyFast-Forge-1.5.5+1.20.4.jar with {immediatelyfast} mods - versions {1.5.5+1.20.4}
[28Aug2026 02:32:23.684] [main/DEBUG] [net.minecraftforge.fml.loading.moddiscovery.ModFileParser/LOADING]: Considering mod file candidate /workspaces/Server-2/servidor_minecraft/mods/Jade-1.20.1-Forge-11.13.3.jar
[28Aug2026 02:32:23.684] [main/DEBUG] [net.minecraftforge.fml.loading.moddiscovery.ModFileInfo/LOADING]: Found valid mod file Jade-1.20.1-Forge-11.13.3.jar with {jade} mods - versions {11.13.3+forge}
[28Aug2026 02:32:23.686] [main/DEBUG] [net.minecraftforge.fml.loading.moddiscovery.ModFileParser/LOADING]: Considering mod file candidate /workspaces/Server-2/servidor_minecraft/mods/jei-1.20.1-forge-15.21.0.144.jar
[28Aug2026 02:32:23.687] [main/DEBUG] [net.minecraftforge.fml.loading.moddiscovery.ModFileInfo/LOADING]: Found valid mod file jei-1.20.1-forge-15.21.0.144.jar with {jei} mods - versions {15.21.0.144}
[28Aug2026 02:32:23.689] [main/DEBUG] [net.minecraftforge.fml.loading.moddiscovery.ModFileParser/LOADING]: Considering mod file candidate /workspaces/Server-2/servidor_minecraft/mods/journeymap-forge-1.20.1-6.0.0-beta.5.jar
[28Aug2026 02:32:23.689] [main/DEBUG] [net.minecraftforge.fml.loading.moddiscovery.ModFileInfo/LOADING]: Found valid mod file journeymap-forge-1.20.1-6.0.0-beta.5.jar with {journeymap} mods - versions {1.20.1-6.0.0-beta.5}
[28Aug2026 02:32:23.692] [main/DEBUG] [net.minecraftforge.fml.loading.moddiscovery.ModFileParser/LOADING]: Considering mod file candidate /workspaces/Server-2/servidor_minecraft/mods/L_Enders_Cataclysm-3.31.jar
[28Aug2026 02:32:23.693] [main/DEBUG] [net.minecraftforge.fml.loading.moddiscovery.ModFileInfo/LOADING]: Found valid mod file L_Enders_Cataclysm-3.31.jar with {cataclysm} mods - versions {3.31}
[28Aug2026 02:32:23.694] [main/DEBUG] [net.minecraftforge.fml.loading.moddiscovery.ModFileParser/LOADING]: Considering mod file candidate /workspaces/Server-2/servidor_minecraft/mods/lionfishapi-3.0.jar
[28Aug2026 02:32:23.695] [main/DEBUG] [net.minecraftforge.fml.loading.moddiscovery.ModFileInfo/LOADING]: Found valid mod file lionfishapi-3.0.jar with {lionfishapi} mods - versions {3.0}
[28Aug2026 02:32:23.696] [main/DEBUG] [net.minecraftforge.fml.loading.moddiscovery.ModFileParser/LOADING]: Considering mod file candidate /workspaces/Server-2/servidor_minecraft/mods/modernfix-forge-5.27.66+mc1.20.1.jar
[28Aug2026 02:32:23.697] [main/DEBUG] [net.minecraftforge.fml.loading.moddiscovery.ModFileInfo/LOADING]: Found valid mod file modernfix-forge-5.27.66+mc1.20.1.jar with {modernfix} mods - versions {5.27.66+mc1.20.1}
[28Aug2026 02:32:23.698] [main/DEBUG] [net.minecraftforge.fml.loading.moddiscovery.ModFileParser/LOADING]: Considering mod file candidate /workspaces/Server-2/servidor_minecraft/mods/starlight-1.1.2+forge.1cda73c.jar
[28Aug2026 02:32:23.699] [main/DEBUG] [net.minecraftforge.fml.loading.moddiscovery.ModFileInfo/LOADING]: Found valid mod file starlight-1.1.2+forge.1cda73c.jar with {starlight} mods - versions {1.1.2+forge.1cda73c}
[28Aug2026 02:32:23.699] [main/DEBUG] [net.minecraftforge.fml.loading.moddiscovery.ModFileParser/LOADING]: Considering mod file candidate /workspaces/Server-2/servidor_minecraft/mods/TerraBlender-forge-1.20.1-3.0.1.10.jar
[28Aug2026 02:32:23.700] [main/DEBUG] [net.minecraftforge.fml.loading.moddiscovery.ModFileInfo/LOADING]: Found valid mod file TerraBlender-forge-1.20.1-3.0.1.10.jar with {terrablender} mods - versions {3.0.1.10}
[28Aug2026 02:32:23.705] [main/DEBUG] [net.minecraftforge.fml.loading.moddiscovery.ModFileParser/LOADING]: Considering mod file candidate /workspaces/Server-2/servidor_minecraft/mods/tl_skin_cape_forge_1.20_1.20.1-1.32.jar
[28Aug2026 02:32:23.706] [main/DEBUG] [net.minecraftforge.fml.loading.moddiscovery.ModFileInfo/LOADING]: Found valid mod file tl_skin_cape_forge_1.20_1.20.1-1.32.jar with {tlskincape} mods - versions {1.32}
[28Aug2026 02:32:23.706] [main/DEBUG] [net.minecraftforge.fml.loading.moddiscovery.ModFileParser/LOADING]: Considering mod file candidate /workspaces/Server-2/servidor_minecraft/mods/trulydark-forge-1.20.1-2.1.0.46.jar
[28Aug2026 02:32:23.707] [main/DEBUG] [net.minecraftforge.fml.loading.moddiscovery.ModFileInfo/LOADING]: Found valid mod file trulydark-forge-1.20.1-2.1.0.46.jar with {trulydark} mods - versions {2.1.0.46-SNAPSHOT}
[28Aug2026 02:32:23.708] [main/DEBUG] [net.minecraftforge.fml.loading.moddiscovery.ModFileParser/LOADING]: Considering mod file candidate /workspaces/Server-2/servidor_minecraft/mods/YungsApi-1.20-Forge-4.0.6.jar
[28Aug2026 02:32:23.709] [main/DEBUG] [net.minecraftforge.fml.loading.moddiscovery.ModFileInfo/LOADING]: Found valid mod file YungsApi-1.20-Forge-4.0.6.jar with {yungsapi} mods - versions {1.20-Forge-4.0.6}
[28Aug2026 02:32:23.710] [main/DEBUG] [net.minecraftforge.fml.loading.moddiscovery.ModFileParser/LOADING]: Considering mod file candidate /workspaces/Server-2/servidor_minecraft/mods/YungsBetterDungeons-1.20-Forge-4.0.4.jar
[28Aug2026 02:32:23.710] [main/DEBUG] [net.minecraftforge.fml.loading.moddiscovery.ModFileInfo/LOADING]: Found valid mod file YungsBetterDungeons-1.20-Forge-4.0.4.jar with {betterdungeons} mods - versions {1.20-Forge-4.0.4}
[28Aug2026 02:32:23.812] [main/DEBUG] [net.minecraftforge.fml.loading.moddiscovery.ModFileInfo/LOADING]: Found valid mod file server-1.20.1-20230612.114412-srg.jar with {minecraft} mods - versions {1.20.1}
[28Aug2026 02:32:23.816] [main/DEBUG] [net.minecraftforge.fml.loading.moddiscovery.ModFileParser/LOADING]: Considering mod file candidate /workspaces/Server-2/servidor_minecraft/libraries/net/minecraftforge/fmlcore/1.20.1-47.3.7/fmlcore-1.20.1-47.3.7.jar
[28Aug2026 02:32:23.817] [main/WARN] [net.minecraftforge.fml.loading.moddiscovery.ModFileParser/LOADING]: Mod file /workspaces/Server-2/servidor_minecraft/libraries/net/minecraftforge/fmlcore/1.20.1-47.3.7/fmlcore-1.20.1-47.3.7.jar is missing mods.toml file
[28Aug2026 02:32:23.819] [main/DEBUG] [net.minecraftforge.fml.loading.moddiscovery.ModFileParser/LOADING]: Considering mod file candidate /workspaces/Server-2/servidor_minecraft/libraries/net/minecraftforge/javafmllanguage/1.20.1-47.3.7/javafmllanguage-1.20.1-47.3.7.jar
[28Aug2026 02:32:23.819] [main/WARN] [net.minecraftforge.fml.loading.moddiscovery.ModFileParser/LOADING]: Mod file /workspaces/Server-2/servidor_minecraft/libraries/net/minecraftforge/javafmllanguage/1.20.1-47.3.7/javafmllanguage-1.20.1-47.3.7.jar is missing mods.toml file
[28Aug2026 02:32:23.825] [main/DEBUG] [net.minecraftforge.fml.loading.moddiscovery.ModFileParser/LOADING]: Considering mod file candidate /workspaces/Server-2/servidor_minecraft/libraries/net/minecraftforge/lowcodelanguage/1.20.1-47.3.7/lowcodelanguage-1.20.1-47.3.7.jar
[28Aug2026 02:32:23.827] [main/WARN] [net.minecraftforge.fml.loading.moddiscovery.ModFileParser/LOADING]: Mod file /workspaces/Server-2/servidor_minecraft/libraries/net/minecraftforge/lowcodelanguage/1.20.1-47.3.7/lowcodelanguage-1.20.1-47.3.7.jar is missing mods.toml file
[28Aug2026 02:32:23.828] [main/DEBUG] [net.minecraftforge.fml.loading.moddiscovery.ModFileParser/LOADING]: Considering mod file candidate /workspaces/Server-2/servidor_minecraft/libraries/net/minecraftforge/mclanguage/1.20.1-47.3.7/mclanguage-1.20.1-47.3.7.jar
[28Aug2026 02:32:23.829] [main/WARN] [net.minecraftforge.fml.loading.moddiscovery.ModFileParser/LOADING]: Mod file /workspaces/Server-2/servidor_minecraft/libraries/net/minecraftforge/mclanguage/1.20.1-47.3.7/mclanguage-1.20.1-47.3.7.jar is missing mods.toml file
[28Aug2026 02:32:23.876] [main/DEBUG] [net.minecraftforge.fml.loading.moddiscovery.ModFileParser/LOADING]: Considering mod file candidate /workspaces/Server-2/servidor_minecraft/libraries/net/minecraftforge/forge/1.20.1-47.3.7/forge-1.20.1-47.3.7-universal.jar
[28Aug2026 02:32:23.878] [main/DEBUG] [net.minecraftforge.fml.loading.moddiscovery.ModFileInfo/LOADING]: Found valid mod file forge-1.20.1-47.3.7-universal.jar with {forge} mods - versions {47.3.7}
[28Aug2026 02:32:23.892] [main/DEBUG] [net.minecraftforge.fml.loading.moddiscovery.AbstractJarFileDependencyLocator/]: Failed to load resource META-INF/jarjar/metadata.json from server-1.20.1-20230612.114412-srg.jar, it does not contain dependency information.
[28Aug2026 02:32:23.893] [main/DEBUG] [net.minecraftforge.fml.loading.moddiscovery.AbstractJarFileDependencyLocator/]: Failed to load resource META-INF/jarjar/metadata.json from alexscaves-2.0.2.jar, it does not contain dependency information.
[28Aug2026 02:32:23.893] [main/DEBUG] [net.minecraftforge.fml.loading.moddiscovery.AbstractJarFileDependencyLocator/]: Failed to load resource META-INF/jarjar/metadata.json from YungsBetterDungeons-1.20-Forge-4.0.4.jar, it does not contain dependency information.
[28Aug2026 02:32:23.893] [main/DEBUG] [net.minecraftforge.fml.loading.moddiscovery.AbstractJarFileDependencyLocator/]: Failed to load resource META-INF/jarjar/metadata.json from TerraBlender-forge-1.20.1-3.0.1.10.jar, it does not contain dependency information.
[28Aug2026 02:32:23.893] [main/DEBUG] [net.minecraftforge.fml.loading.moddiscovery.AbstractJarFileDependencyLocator/]: Failed to load resource META-INF/jarjar/metadata.json from alexsmobs-1.22.9.jar, it does not contain dependency information.
[28Aug2026 02:32:23.894] [main/DEBUG] [net.minecraftforge.fml.loading.moddiscovery.AbstractJarFileDependencyLocator/]: Failed to load resource META-INF/jarjar/metadata.json from BiomesOPlenty-forge-1.20.1-19.0.0.96.jar, it does not contain dependency information.
[28Aug2026 02:32:23.894] [main/DEBUG] [net.minecraftforge.fml.loading.moddiscovery.AbstractJarFileDependencyLocator/]: Failed to load resource META-INF/jarjar/metadata.json from Jade-1.20.1-Forge-11.13.3.jar, it does not contain dependency information.
[28Aug2026 02:32:23.894] [main/DEBUG] [net.minecraftforge.fml.loading.moddiscovery.AbstractJarFileDependencyLocator/]: Failed to load resource META-INF/jarjar/metadata.json from CreativeCore_FORGE_v2.12.39_mc1.20.1.jar, it does not contain dependency information.
[28Aug2026 02:32:23.894] [main/DEBUG] [net.minecraftforge.fml.loading.moddiscovery.AbstractJarFileDependencyLocator/]: Failed to load resource META-INF/jarjar/metadata.json from jei-1.20.1-forge-15.21.0.144.jar, it does not contain dependency information.
[28Aug2026 02:32:23.894] [main/DEBUG] [net.minecraftforge.fml.loading.moddiscovery.AbstractJarFileDependencyLocator/]: Failed to load resource META-INF/jarjar/metadata.json from lionfishapi-3.0.jar, it does not contain dependency information.
[28Aug2026 02:32:23.895] [main/DEBUG] [net.minecraftforge.fml.loading.moddiscovery.AbstractJarFileDependencyLocator/]: Failed to load resource META-INF/jarjar/metadata.json from curios-forge-5.14.1+1.20.1.jar, it does not contain dependency information.
[28Aug2026 02:32:23.895] [main/DEBUG] [net.minecraftforge.fml.loading.moddiscovery.AbstractJarFileDependencyLocator/]: Failed to load resource META-INF/jarjar/metadata.json from trulydark-forge-1.20.1-2.1.0.46.jar, it does not contain dependency information.
[28Aug2026 02:32:23.895] [main/DEBUG] [net.minecraftforge.fml.loading.moddiscovery.AbstractJarFileDependencyLocator/]: Failed to load resource META-INF/jarjar/metadata.json from citadel-2.6.3-1.20.1.jar, it does not contain dependency information.
[28Aug2026 02:32:23.895] [main/DEBUG] [net.minecraftforge.fml.loading.moddiscovery.AbstractJarFileDependencyLocator/]: Failed to load resource META-INF/jarjar/metadata.json from horror_element_mod-1.6.3-forge-1.20.1.jar, it does not contain dependency information.
[28Aug2026 02:32:23.896] [main/DEBUG] [net.minecraftforge.fml.loading.moddiscovery.AbstractJarFileDependencyLocator/]: Failed to load resource META-INF/jarjar/metadata.json from YungsApi-1.20-Forge-4.0.6.jar, it does not contain dependency information.
[28Aug2026 02:32:23.896] [main/DEBUG] [net.minecraftforge.fml.loading.moddiscovery.AbstractJarFileDependencyLocator/]: Failed to load resource META-INF/jarjar/metadata.json from GlitchCore-forge-1.20.1-0.0.1.1.jar, it does not contain dependency information.
[28Aug2026 02:32:23.896] [main/DEBUG] [net.minecraftforge.fml.loading.moddiscovery.AbstractJarFileDependencyLocator/]: Failed to load resource META-INF/jarjar/metadata.json from starlight-1.1.2+forge.1cda73c.jar, it does not contain dependency information.
[28Aug2026 02:32:23.896] [main/DEBUG] [net.minecraftforge.fml.loading.moddiscovery.AbstractJarFileDependencyLocator/]: Failed to load resource META-INF/jarjar/metadata.json from cfm-forge-1.20.1-7.0.0-pre36.jar, it does not contain dependency information.
[28Aug2026 02:32:23.897] [main/DEBUG] [net.minecraftforge.fml.loading.moddiscovery.AbstractJarFileDependencyLocator/]: Failed to load resource META-INF/jarjar/metadata.json from ferritecore-6.0.1-forge.jar, it does not contain dependency information.
[28Aug2026 02:32:23.897] [main/DEBUG] [net.minecraftforge.fml.loading.moddiscovery.AbstractJarFileDependencyLocator/]: Failed to load resource META-INF/jarjar/metadata.json from iceandfire-2.1.13-1.20.1-beta-5.jar, it does not contain dependency information.
[28Aug2026 02:32:23.897] [main/DEBUG] [net.minecraftforge.fml.loading.moddiscovery.AbstractJarFileDependencyLocator/]: Failed to load resource META-INF/jarjar/metadata.json from framework-forge-1.20.1-0.8.0.jar, it does not contain dependency information.
[28Aug2026 02:32:23.897] [main/DEBUG] [net.minecraftforge.fml.loading.moddiscovery.AbstractJarFileDependencyLocator/]: Failed to load resource META-INF/jarjar/metadata.json from cloth-config-11.1.136-forge.jar, it does not contain dependency information.
[28Aug2026 02:32:23.897] [main/DEBUG] [net.minecraftforge.fml.loading.moddiscovery.AbstractJarFileDependencyLocator/]: Failed to load resource META-INF/jarjar/metadata.json from forge-1.20.1-47.3.7-universal.jar, it does not contain dependency information.
[28Aug2026 02:32:23.897] [main/DEBUG] [net.minecraftforge.fml.loading.moddiscovery.AbstractJarFileDependencyLocator/]: Failed to load resource META-INF/jarjar/metadata.json from tl_skin_cape_forge_1.20_1.20.1-1.32.jar, it does not contain dependency information.
[28Aug2026 02:32:23.897] [main/DEBUG] [net.minecraftforge.fml.loading.moddiscovery.AbstractJarFileDependencyLocator/]: Failed to load resource META-INF/jarjar/metadata.json from mclanguage-1.20.1-47.3.7.jar, it does not contain dependency information.
[28Aug2026 02:32:23.898] [main/DEBUG] [net.minecraftforge.fml.loading.moddiscovery.AbstractJarFileDependencyLocator/]: Failed to load resource META-INF/jarjar/metadata.json from javafmllanguage-1.20.1-47.3.7.jar, it does not contain dependency information.
[28Aug2026 02:32:23.898] [main/DEBUG] [net.minecraftforge.fml.loading.moddiscovery.AbstractJarFileDependencyLocator/]: Failed to load resource META-INF/jarjar/metadata.json from fmlcore-1.20.1-47.3.7.jar, it does not contain dependency information.
[28Aug2026 02:32:23.898] [main/DEBUG] [net.minecraftforge.fml.loading.moddiscovery.AbstractJarFileDependencyLocator/]: Failed to load resource META-INF/jarjar/metadata.json from lowcodelanguage-1.20.1-47.3.7.jar, it does not contain dependency information.
[28Aug2026 02:32:23.952] [main/DEBUG] [net.minecraftforge.fml.loading.moddiscovery.ModFileParser/LOADING]: Considering mod file candidate 
[28Aug2026 02:32:23.953] [main/DEBUG] [net.minecraftforge.fml.loading.moddiscovery.ModFileInfo/LOADING]: Found valid mod file mixinextras-forge-0.4.1.jar with {mixinextras} mods - versions {0.4.1}
[28Aug2026 02:32:23.957] [main/DEBUG] [net.minecraftforge.fml.loading.moddiscovery.ModFileParser/LOADING]: Considering mod file candidate 
[28Aug2026 02:32:23.958] [main/DEBUG] [net.minecraftforge.fml.loading.moddiscovery.ModFileInfo/LOADING]: Found valid mod file journeymap-api-forge-1.20.1-2.0.0.jar with {journeymap_api} mods - versions {1.20.1-2.0.0}
[28Aug2026 02:32:23.960] [main/DEBUG] [net.minecraftforge.fml.loading.moddiscovery.ModFileParser/LOADING]: Considering mod file candidate 
[28Aug2026 02:32:23.960] [main/DEBUG] [net.minecraftforge.fml.loading.moddiscovery.ModFileInfo/LOADING]: Found valid mod file common-networking-forge-1.0.6-1.20.1.jar with {commonnetworking} mods - versions {1.0.6-1.20.1}
[28Aug2026 02:32:24.005] [main/DEBUG] [net.minecraftforge.fml.loading.moddiscovery.ModFileParser/LOADING]: Considering mod file candidate 
[28Aug2026 02:32:24.006] [main/DEBUG] [net.minecraftforge.fml.loading.moddiscovery.ModFileInfo/LOADING]: Found valid mod file TRansition-1.0.21-1.20.1-forge-SNAPSHOT.jar with {transition} mods - versions {1.0.21}
[28Aug2026 02:32:24.014] [main/DEBUG] [net.minecraftforge.fml.loading.moddiscovery.ModFileParser/LOADING]: Considering mod file candidate 
[28Aug2026 02:32:24.016] [main/DEBUG] [net.minecraftforge.fml.loading.moddiscovery.ModFileInfo/LOADING]: Found valid mod file TRender-1.0.15-1.20.1-forge-SNAPSHOT.jar with {trender} mods - versions {1.0.15}
[28Aug2026 02:32:24.018] [main/DEBUG] [net.minecraftforge.fml.loading.moddiscovery.ModFileParser/LOADING]: Considering mod file candidate 
[28Aug2026 02:32:24.019] [main/DEBUG] [net.minecraftforge.fml.loading.moddiscovery.ModFileInfo/LOADING]: Found valid mod file mixinextras-forge-0.3.6.jar with {mixinextras} mods - versions {0.3.6}
[28Aug2026 02:32:24.037] [main/DEBUG] [net.minecraftforge.fml.loading.moddiscovery.AbstractJarFileDependencyLocator/]: Failed to load resource META-INF/jarjar/metadata.json from journeymap-api-forge-1.20.1-2.0.0.jar, it does not contain dependency information.
[28Aug2026 02:32:24.038] [main/DEBUG] [net.minecraftforge.fml.loading.moddiscovery.AbstractJarFileDependencyLocator/]: Failed to load resource META-INF/jarjar/metadata.json from common-networking-forge-1.0.6-1.20.1.jar, it does not contain dependency information.
[28Aug2026 02:32:24.038] [main/DEBUG] [net.minecraftforge.fml.loading.moddiscovery.AbstractJarFileDependencyLocator/]: Failed to load resource META-INF/jarjar/metadata.json from pngj-2.1.0.jar, it does not contain dependency information.
[28Aug2026 02:32:24.065] [main/DEBUG] [net.minecraftforge.fml.loading.moddiscovery.AbstractJarFileDependencyLocator/]: Failed to load resource META-INF/jarjar/metadata.json from mclib-20.jar, it does not contain dependency information.
[28Aug2026 02:32:24.065] [main/DEBUG] [net.minecraftforge.fml.loading.moddiscovery.AbstractJarFileDependencyLocator/]: Failed to load resource META-INF/jarjar/metadata.json from TRansition-1.0.21-1.20.1-forge-SNAPSHOT.jar, it does not contain dependency information.
[28Aug2026 02:32:24.065] [main/DEBUG] [net.minecraftforge.fml.loading.moddiscovery.AbstractJarFileDependencyLocator/]: Failed to load resource META-INF/jarjar/metadata.json from TRender-1.0.15-1.20.1-forge-SNAPSHOT.jar, it does not contain dependency information.
[28Aug2026 02:32:24.073] [main/DEBUG] [net.minecraftforge.fml.loading.moddiscovery.AbstractJarFileDependencyLocator/]: Failed to load resource META-INF/jarjar/metadata.json from Reflect-1.6.2.jar, it does not contain dependency information.
[28Aug2026 02:32:24.073] [main/DEBUG] [net.minecraftforge.fml.loading.moddiscovery.AbstractJarFileDependencyLocator/]: Failed to load resource META-INF/jarjar/metadata.json from MixinExtras-0.4.1.jar, it does not contain dependency information.
[28Aug2026 02:32:24.074] [main/DEBUG] [net.minecraftforge.fml.loading.moddiscovery.AbstractJarFileDependencyLocator/]: Failed to load resource META-INF/jarjar/metadata.json from MixinExtras-0.5.3.jar, it does not contain dependency information.
[28Aug2026 02:32:24.074] [main/DEBUG] [net.minecraftforge.fml.loading.moddiscovery.AbstractJarFileDependencyLocator/]: Failed to load resource META-INF/jarjar/metadata.json from MixinExtras-0.3.6.jar, it does not contain dependency information.
[28Aug2026 02:32:24.110] [main/DEBUG] [net.minecraftforge.fml.loading.moddiscovery.ModFileParser/LOADING]: Considering mod file candidate 
[28Aug2026 02:32:24.111] [main/DEBUG] [net.minecraftforge.fml.loading.moddiscovery.ModFileInfo/LOADING]: Found valid mod file TRender-1.0.15-1.20.1-forge-SNAPSHOT.jar with {trender} mods - versions {1.0.15}
[28Aug2026 02:32:24.121] [main/DEBUG] [net.minecraftforge.fml.loading.moddiscovery.ModFileParser/LOADING]: Considering mod file candidate 
[28Aug2026 02:32:24.122] [main/DEBUG] [net.minecraftforge.fml.loading.moddiscovery.ModFileInfo/LOADING]: Found valid mod file journeymap-api-forge-1.20.1-2.0.0.jar with {journeymap_api} mods - versions {1.20.1-2.0.0}
[28Aug2026 02:32:24.187] [main/DEBUG] [net.minecraftforge.fml.loading.moddiscovery.ModFileParser/LOADING]: Considering mod file candidate 
[28Aug2026 02:32:24.188] [main/DEBUG] [net.minecraftforge.fml.loading.moddiscovery.ModFileInfo/LOADING]: Found valid mod file TRansition-1.0.21-1.20.1-forge-SNAPSHOT.jar with {transition} mods - versions {1.0.21}
[28Aug2026 02:32:24.189] [main/DEBUG] [net.minecraftforge.fml.loading.moddiscovery.ModFileParser/LOADING]: Considering mod file candidate 
[28Aug2026 02:32:24.190] [main/DEBUG] [net.minecraftforge.fml.loading.moddiscovery.ModFileInfo/LOADING]: Found valid mod file common-networking-forge-1.0.6-1.20.1.jar with {commonnetworking} mods - versions {1.0.6-1.20.1}
[28Aug2026 02:32:24.192] [main/INFO] [net.minecraftforge.fml.loading.moddiscovery.JarInJarDependencyLocator/]: Found 9 dependencies adding them to mods collection
[28Aug2026 02:32:24.195] [main/DEBUG] [net.minecraftforge.fml.loading.moddiscovery.ModFileInfo/LOADING]: Found valid mod file server-1.20.1-20230612.114412-srg.jar with {minecraft} mods - versions {1.20.1}
[28Aug2026 02:32:24.197] [main/DEBUG] [net.minecraftforge.fml.loading.moddiscovery.ModFile/LOADING]: Loading mod file /workspaces/Server-2/servidor_minecraft/libraries/net/minecraft/server/1.20.1-20230612.114412/server-1.20.1-20230612.114412-srg.jar with languages [LanguageSpec[languageName=minecraft, acceptedVersions=1]]
[28Aug2026 02:32:24.198] [main/DEBUG] [net.minecraftforge.fml.loading.moddiscovery.ModFileParser/LOADING]: Considering mod file candidate /workspaces/Server-2/servidor_minecraft/mods/alexscaves-2.0.2.jar
[28Aug2026 02:32:24.199] [main/DEBUG] [net.minecraftforge.fml.loading.moddiscovery.ModFileInfo/LOADING]: Found valid mod file alexscaves-2.0.2.jar with {alexscaves} mods - versions {2.0.2}
[28Aug2026 02:32:24.200] [main/DEBUG] [net.minecraftforge.fml.loading.moddiscovery.ModFile/LOADING]: Loading mod file /workspaces/Server-2/servidor_minecraft/mods/alexscaves-2.0.2.jar with languages [LanguageSpec[languageName=javafml, acceptedVersions=[46,)]]
[28Aug2026 02:32:24.200] [main/DEBUG] [net.minecraftforge.fml.loading.moddiscovery.ModFileParser/LOADING]: Considering mod file candidate /workspaces/Server-2/servidor_minecraft/mods/YungsBetterDungeons-1.20-Forge-4.0.4.jar
[28Aug2026 02:32:24.200] [main/DEBUG] [net.minecraftforge.fml.loading.moddiscovery.ModFileInfo/LOADING]: Found valid mod file YungsBetterDungeons-1.20-Forge-4.0.4.jar with {betterdungeons} mods - versions {1.20-Forge-4.0.4}
[28Aug2026 02:32:24.200] [main/DEBUG] [net.minecraftforge.fml.loading.moddiscovery.ModFile/LOADING]: Loading mod file /workspaces/Server-2/servidor_minecraft/mods/YungsBetterDungeons-1.20-Forge-4.0.4.jar with languages [LanguageSpec[languageName=javafml, acceptedVersions=[46,)]]
[28Aug2026 02:32:24.200] [main/DEBUG] [net.minecraftforge.fml.loading.moddiscovery.ModFileParser/LOADING]: Considering mod file candidate /workspaces/Server-2/servidor_minecraft/mods/TerraBlender-forge-1.20.1-3.0.1.10.jar
[28Aug2026 02:32:24.201] [main/DEBUG] [net.minecraftforge.fml.loading.moddiscovery.ModFileInfo/LOADING]: Found valid mod file TerraBlender-forge-1.20.1-3.0.1.10.jar with {terrablender} mods - versions {3.0.1.10}
[28Aug2026 02:32:24.201] [main/DEBUG] [net.minecraftforge.fml.loading.moddiscovery.ModFile/LOADING]: Loading mod file /workspaces/Server-2/servidor_minecraft/mods/TerraBlender-forge-1.20.1-3.0.1.10.jar with languages [LanguageSpec[languageName=javafml, acceptedVersions=[47,)]]
[28Aug2026 02:32:24.201] [main/DEBUG] [net.minecraftforge.fml.loading.moddiscovery.ModFileParser/LOADING]: Considering mod file candidate /workspaces/Server-2/servidor_minecraft/mods/alexsmobs-1.22.9.jar
[28Aug2026 02:32:24.202] [main/DEBUG] [net.minecraftforge.fml.loading.moddiscovery.ModFileInfo/LOADING]: Found valid mod file alexsmobs-1.22.9.jar with {alexsmobs} mods - versions {1.22.9}
[28Aug2026 02:32:24.202] [main/DEBUG] [net.minecraftforge.fml.loading.moddiscovery.ModFile/LOADING]: Loading mod file /workspaces/Server-2/servidor_minecraft/mods/alexsmobs-1.22.9.jar with languages [LanguageSpec[languageName=javafml, acceptedVersions=[46,)]]
[28Aug2026 02:32:24.202] [main/DEBUG] [net.minecraftforge.fml.loading.moddiscovery.ModFileParser/LOADING]: Considering mod file candidate /workspaces/Server-2/servidor_minecraft/mods/BiomesOPlenty-forge-1.20.1-19.0.0.96.jar
[28Aug2026 02:32:24.202] [main/DEBUG] [net.minecraftforge.fml.loading.moddiscovery.ModFileInfo/LOADING]: Found valid mod file BiomesOPlenty-forge-1.20.1-19.0.0.96.jar with {biomesoplenty} mods - versions {19.0.0.96}
[28Aug2026 02:32:24.202] [main/DEBUG] [net.minecraftforge.fml.loading.moddiscovery.ModFile/LOADING]: Loading mod file /workspaces/Server-2/servidor_minecraft/mods/BiomesOPlenty-forge-1.20.1-19.0.0.96.jar with languages [LanguageSpec[languageName=javafml, acceptedVersions=[47,)]]
[28Aug2026 02:32:24.203] [main/DEBUG] [net.minecraftforge.fml.loading.moddiscovery.ModFileParser/LOADING]: Considering mod file candidate /workspaces/Server-2/servidor_minecraft/mods/Jade-1.20.1-Forge-11.13.3.jar
[28Aug2026 02:32:24.203] [main/DEBUG] [net.minecraftforge.fml.loading.moddiscovery.ModFileInfo/LOADING]: Found valid mod file Jade-1.20.1-Forge-11.13.3.jar with {jade} mods - versions {11.13.3+forge}
[28Aug2026 02:32:24.203] [main/DEBUG] [net.minecraftforge.fml.loading.moddiscovery.ModFile/LOADING]: Loading mod file /workspaces/Server-2/servidor_minecraft/mods/Jade-1.20.1-Forge-11.13.3.jar with languages [LanguageSpec[languageName=javafml, acceptedVersions=[46,)]]
[28Aug2026 02:32:24.203] [main/DEBUG] [net.minecraftforge.fml.loading.moddiscovery.ModFileParser/LOADING]: Considering mod file candidate /workspaces/Server-2/servidor_minecraft/mods/geckolib-forge-1.20.1-4.8.4.jar
[28Aug2026 02:32:24.204] [main/DEBUG] [net.minecraftforge.fml.loading.moddiscovery.ModFileInfo/LOADING]: Found valid mod file geckolib-forge-1.20.1-4.8.4.jar with {geckolib} mods - versions {4.8.4}
[28Aug2026 02:32:24.204] [main/DEBUG] [net.minecraftforge.fml.loading.moddiscovery.ModFile/LOADING]: Loading mod file /workspaces/Server-2/servidor_minecraft/mods/geckolib-forge-1.20.1-4.8.4.jar with languages [LanguageSpec[languageName=javafml, acceptedVersions=[47,)]]
[28Aug2026 02:32:24.204] [main/DEBUG] [net.minecraftforge.fml.loading.moddiscovery.ModFileParser/LOADING]: Considering mod file candidate /workspaces/Server-2/servidor_minecraft/mods/CreativeCore_FORGE_v2.12.39_mc1.20.1.jar
[28Aug2026 02:32:24.204] [main/DEBUG] [net.minecraftforge.fml.loading.moddiscovery.ModFileInfo/LOADING]: Found valid mod file CreativeCore_FORGE_v2.12.39_mc1.20.1.jar with {creativecore} mods - versions {2.12.39}
[28Aug2026 02:32:24.205] [main/DEBUG] [net.minecraftforge.fml.loading.moddiscovery.ModFile/LOADING]: Loading mod file /workspaces/Server-2/servidor_minecraft/mods/CreativeCore_FORGE_v2.12.39_mc1.20.1.jar with languages [LanguageSpec[languageName=javafml, acceptedVersions=[46,)]]
[28Aug2026 02:32:24.205] [main/DEBUG] [net.minecraftforge.fml.loading.moddiscovery.ModFileParser/LOADING]: Considering mod file candidate /workspaces/Server-2/servidor_minecraft/mods/jei-1.20.1-forge-15.21.0.144.jar
[28Aug2026 02:32:24.205] [main/DEBUG] [net.minecraftforge.fml.loading.moddiscovery.ModFileInfo/LOADING]: Found valid mod file jei-1.20.1-forge-15.21.0.144.jar with {jei} mods - versions {15.21.0.144}
[28Aug2026 02:32:24.205] [main/DEBUG] [net.minecraftforge.fml.loading.moddiscovery.ModFile/LOADING]: Loading mod file /workspaces/Server-2/servidor_minecraft/mods/jei-1.20.1-forge-15.21.0.144.jar with languages [LanguageSpec[languageName=javafml, acceptedVersions=[47,)]]
[28Aug2026 02:32:24.206] [main/DEBUG] [net.minecraftforge.fml.loading.moddiscovery.ModFileParser/LOADING]: Considering mod file candidate 
[28Aug2026 02:32:24.206] [main/DEBUG] [net.minecraftforge.fml.loading.moddiscovery.ModFileInfo/LOADING]: Found valid mod file common-networking-forge-1.0.6-1.20.1.jar with {commonnetworking} mods - versions {1.0.6-1.20.1}
[28Aug2026 02:32:24.206] [main/DEBUG] [net.minecraftforge.fml.loading.moddiscovery.ModFile/LOADING]: Loading mod file  with languages [LanguageSpec[languageName=javafml, acceptedVersions=[44,)]]
[28Aug2026 02:32:24.206] [main/DEBUG] [net.minecraftforge.fml.loading.moddiscovery.ModFileParser/LOADING]: Considering mod file candidate /workspaces/Server-2/servidor_minecraft/mods/lionfishapi-3.0.jar
[28Aug2026 02:32:24.207] [main/DEBUG] [net.minecraftforge.fml.loading.moddiscovery.ModFileInfo/LOADING]: Found valid mod file lionfishapi-3.0.jar with {lionfishapi} mods - versions {3.0}
[28Aug2026 02:32:24.207] [main/DEBUG] [net.minecraftforge.fml.loading.moddiscovery.ModFile/LOADING]: Loading mod file /workspaces/Server-2/servidor_minecraft/mods/lionfishapi-3.0.jar with languages [LanguageSpec[languageName=javafml, acceptedVersions=[47,)]]
[28Aug2026 02:32:24.207] [main/DEBUG] [net.minecraftforge.fml.loading.moddiscovery.ModFileParser/LOADING]: Considering mod file candidate 
[28Aug2026 02:32:24.207] [main/DEBUG] [net.minecraftforge.fml.loading.moddiscovery.ModFileInfo/LOADING]: Found valid mod file TRender-1.0.15-1.20.1-forge-SNAPSHOT.jar with {trender} mods - versions {1.0.15}
[28Aug2026 02:32:24.208] [main/DEBUG] [net.minecraftforge.fml.loading.moddiscovery.ModFile/LOADING]: Loading mod file  with languages [LanguageSpec[languageName=javafml, acceptedVersions=[28,)]]
[28Aug2026 02:32:24.208] [main/DEBUG] [net.minecraftforge.fml.loading.moddiscovery.ModFileParser/LOADING]: Considering mod file candidate /workspaces/Server-2/servidor_minecraft/mods/curios-forge-5.14.1+1.20.1.jar
[28Aug2026 02:32:24.208] [main/DEBUG] [net.minecraftforge.fml.loading.moddiscovery.ModFileInfo/LOADING]: Found valid mod file curios-forge-5.14.1+1.20.1.jar with {curios} mods - versions {5.14.1+1.20.1}
[28Aug2026 02:32:24.208] [main/DEBUG] [net.minecraftforge.fml.loading.moddiscovery.ModFile/LOADING]: Loading mod file /workspaces/Server-2/servidor_minecraft/mods/curios-forge-5.14.1+1.20.1.jar with languages [LanguageSpec[languageName=javafml, acceptedVersions=[41,)]]
[28Aug2026 02:32:24.209] [main/DEBUG] [net.minecraftforge.fml.loading.moddiscovery.ModFileParser/LOADING]: Considering mod file candidate /workspaces/Server-2/servidor_minecraft/mods/L_Enders_Cataclysm-3.31.jar
[28Aug2026 02:32:24.209] [main/DEBUG] [net.minecraftforge.fml.loading.moddiscovery.ModFileInfo/LOADING]: Found valid mod file L_Enders_Cataclysm-3.31.jar with {cataclysm} mods - versions {3.31}
[28Aug2026 02:32:24.210] [main/DEBUG] [net.minecraftforge.fml.loading.moddiscovery.ModFile/LOADING]: Loading mod file /workspaces/Server-2/servidor_minecraft/mods/L_Enders_Cataclysm-3.31.jar with languages [LanguageSpec[languageName=javafml, acceptedVersions=[47,)]]
[28Aug2026 02:32:24.210] [main/DEBUG] [net.minecraftforge.fml.loading.moddiscovery.ModFileParser/LOADING]: Considering mod file candidate /workspaces/Server-2/servidor_minecraft/mods/journeymap-forge-1.20.1-6.0.0-beta.5.jar
[28Aug2026 02:32:24.210] [main/DEBUG] [net.minecraftforge.fml.loading.moddiscovery.ModFileInfo/LOADING]: Found valid mod file journeymap-forge-1.20.1-6.0.0-beta.5.jar with {journeymap} mods - versions {1.20.1-6.0.0-beta.5}
[28Aug2026 02:32:24.210] [main/DEBUG] [net.minecraftforge.fml.loading.moddiscovery.ModFile/LOADING]: Loading mod file /workspaces/Server-2/servidor_minecraft/mods/journeymap-forge-1.20.1-6.0.0-beta.5.jar with languages [LanguageSpec[languageName=javafml, acceptedVersions=[47,)]]
[28Aug2026 02:32:24.211] [main/DEBUG] [net.minecraftforge.fml.loading.moddiscovery.ModFileParser/LOADING]: Considering mod file candidate /workspaces/Server-2/servidor_minecraft/mods/citadel-2.6.3-1.20.1.jar
[28Aug2026 02:32:24.211] [main/DEBUG] [net.minecraftforge.fml.loading.moddiscovery.ModFileInfo/LOADING]: Found valid mod file citadel-2.6.3-1.20.1.jar with {citadel} mods - versions {2.6.3}
[28Aug2026 02:32:24.211] [main/DEBUG] [net.minecraftforge.fml.loading.moddiscovery.ModFile/LOADING]: Loading mod file /workspaces/Server-2/servidor_minecraft/mods/citadel-2.6.3-1.20.1.jar with languages [LanguageSpec[languageName=javafml, acceptedVersions=[47,)]]
[28Aug2026 02:32:24.211] [main/DEBUG] [net.minecraftforge.fml.loading.moddiscovery.ModFileParser/LOADING]: Considering mod file candidate /workspaces/Server-2/servidor_minecraft/mods/modernfix-forge-5.27.66+mc1.20.1.jar
[28Aug2026 02:32:24.212] [main/DEBUG] [net.minecraftforge.fml.loading.moddiscovery.ModFileInfo/LOADING]: Found valid mod file modernfix-forge-5.27.66+mc1.20.1.jar with {modernfix} mods - versions {5.27.66+mc1.20.1}
[28Aug2026 02:32:24.212] [main/DEBUG] [net.minecraftforge.fml.loading.moddiscovery.ModFile/LOADING]: Loading mod file /workspaces/Server-2/servidor_minecraft/mods/modernfix-forge-5.27.66+mc1.20.1.jar with languages [LanguageSpec[languageName=javafml, acceptedVersions=[46,)]]
[28Aug2026 02:32:24.212] [main/DEBUG] [net.minecraftforge.fml.loading.moddiscovery.ModFileParser/LOADING]: Considering mod file candidate /workspaces/Server-2/servidor_minecraft/mods/trulydark-forge-1.20.1-2.1.0.46.jar
[28Aug2026 02:32:24.213] [main/DEBUG] [net.minecraftforge.fml.loading.moddiscovery.ModFileInfo/LOADING]: Found valid mod file trulydark-forge-1.20.1-2.1.0.46.jar with {trulydark} mods - versions {2.1.0.46-SNAPSHOT}
[28Aug2026 02:32:24.213] [main/DEBUG] [net.minecraftforge.fml.loading.moddiscovery.ModFile/LOADING]: Loading mod file /workspaces/Server-2/servidor_minecraft/mods/trulydark-forge-1.20.1-2.1.0.46.jar with languages [LanguageSpec[languageName=javafml, acceptedVersions=[47,)]]
[28Aug2026 02:32:24.213] [main/DEBUG] [net.minecraftforge.fml.loading.moddiscovery.ModFileParser/LOADING]: Considering mod file candidate /workspaces/Server-2/servidor_minecraft/mods/horror_element_mod-1.6.3-forge-1.20.1.jar
[28Aug2026 02:32:24.214] [main/DEBUG] [net.minecraftforge.fml.loading.moddiscovery.ModFileInfo/LOADING]: Found valid mod file horror_element_mod-1.6.3-forge-1.20.1.jar with {horror_element_mod} mods - versions {1.6.3}
[28Aug2026 02:32:24.214] [main/DEBUG] [net.minecraftforge.fml.loading.moddiscovery.ModFile/LOADING]: Loading mod file /workspaces/Server-2/servidor_minecraft/mods/horror_element_mod-1.6.3-forge-1.20.1.jar with languages [LanguageSpec[languageName=javafml, acceptedVersions=[47,)]]
[28Aug2026 02:32:24.214] [main/DEBUG] [net.minecraftforge.fml.loading.moddiscovery.ModFileParser/LOADING]: Considering mod file candidate /workspaces/Server-2/servidor_minecraft/mods/entityculling-forge-1.10.5-mc1.20.1.jar
[28Aug2026 02:32:24.214] [main/DEBUG] [net.minecraftforge.fml.loading.moddiscovery.ModFileInfo/LOADING]: Found valid mod file entityculling-forge-1.10.5-mc1.20.1.jar with {entityculling} mods - versions {1.10.5}
[28Aug2026 02:32:24.214] [main/DEBUG] [net.minecraftforge.fml.loading.moddiscovery.ModFile/LOADING]: Loading mod file /workspaces/Server-2/servidor_minecraft/mods/entityculling-forge-1.10.5-mc1.20.1.jar with languages [LanguageSpec[languageName=javafml, acceptedVersions=[28,)]]
[28Aug2026 02:32:24.214] [main/DEBUG] [net.minecraftforge.fml.loading.moddiscovery.ModFileParser/LOADING]: Considering mod file candidate /workspaces/Server-2/servidor_minecraft/mods/YungsApi-1.20-Forge-4.0.6.jar
[28Aug2026 02:32:24.215] [main/DEBUG] [net.minecraftforge.fml.loading.moddiscovery.ModFileInfo/LOADING]: Found valid mod file YungsApi-1.20-Forge-4.0.6.jar with {yungsapi} mods - versions {1.20-Forge-4.0.6}
[28Aug2026 02:32:24.215] [main/DEBUG] [net.minecraftforge.fml.loading.moddiscovery.ModFile/LOADING]: Loading mod file /workspaces/Server-2/servidor_minecraft/mods/YungsApi-1.20-Forge-4.0.6.jar with languages [LanguageSpec[languageName=javafml, acceptedVersions=[46,)]]
[28Aug2026 02:32:24.215] [main/DEBUG] [net.minecraftforge.fml.loading.moddiscovery.ModFileParser/LOADING]: Considering mod file candidate /workspaces/Server-2/servidor_minecraft/mods/GlitchCore-forge-1.20.1-0.0.1.1.jar
[28Aug2026 02:32:24.216] [main/DEBUG] [net.minecraftforge.fml.loading.moddiscovery.ModFileInfo/LOADING]: Found valid mod file GlitchCore-forge-1.20.1-0.0.1.1.jar with {glitchcore} mods - versions {0.0.1.1}
[28Aug2026 02:32:24.216] [main/DEBUG] [net.minecraftforge.fml.loading.moddiscovery.ModFile/LOADING]: Loading mod file /workspaces/Server-2/servidor_minecraft/mods/GlitchCore-forge-1.20.1-0.0.1.1.jar with languages [LanguageSpec[languageName=javafml, acceptedVersions=[47,)]]
[28Aug2026 02:32:24.216] [main/DEBUG] [net.minecraftforge.fml.loading.moddiscovery.ModFileParser/LOADING]: Considering mod file candidate /workspaces/Server-2/servidor_minecraft/mods/ImmediatelyFast-Forge-1.5.5+1.20.4.jar
[28Aug2026 02:32:24.217] [main/DEBUG] [net.minecraftforge.fml.loading.moddiscovery.ModFileInfo/LOADING]: Found valid mod file ImmediatelyFast-Forge-1.5.5+1.20.4.jar with {immediatelyfast} mods - versions {1.5.5+1.20.4}
[28Aug2026 02:32:24.217] [main/DEBUG] [net.minecraftforge.fml.loading.moddiscovery.ModFile/LOADING]: Loading mod file /workspaces/Server-2/servidor_minecraft/mods/ImmediatelyFast-Forge-1.5.5+1.20.4.jar with languages [LanguageSpec[languageName=javafml, acceptedVersions=[46,)]]
[28Aug2026 02:32:24.217] [main/DEBUG] [net.minecraftforge.fml.loading.moddiscovery.ModFileParser/LOADING]: Considering mod file candidate /workspaces/Server-2/servidor_minecraft/mods/starlight-1.1.2+forge.1cda73c.jar
[28Aug2026 02:32:24.217] [main/DEBUG] [net.minecraftforge.fml.loading.moddiscovery.ModFileInfo/LOADING]: Found valid mod file starlight-1.1.2+forge.1cda73c.jar with {starlight} mods - versions {1.1.2+forge.1cda73c}
[28Aug2026 02:32:24.218] [main/DEBUG] [net.minecraftforge.fml.loading.moddiscovery.ModFile/LOADING]: Loading mod file /workspaces/Server-2/servidor_minecraft/mods/starlight-1.1.2+forge.1cda73c.jar with languages [LanguageSpec[languageName=javafml, acceptedVersions=[46,)]]
[28Aug2026 02:32:24.218] [main/DEBUG] [net.minecraftforge.fml.loading.moddiscovery.ModFileParser/LOADING]: Considering mod file candidate /workspaces/Server-2/servidor_minecraft/mods/cfm-forge-1.20.1-7.0.0-pre36.jar
[28Aug2026 02:32:24.218] [main/DEBUG] [net.minecraftforge.fml.loading.moddiscovery.ModFileInfo/LOADING]: Found valid mod file cfm-forge-1.20.1-7.0.0-pre36.jar with {cfm} mods - versions {7.0.0-pre36}
[28Aug2026 02:32:24.218] [main/DEBUG] [net.minecraftforge.fml.loading.moddiscovery.ModFile/LOADING]: Loading mod file /workspaces/Server-2/servidor_minecraft/mods/cfm-forge-1.20.1-7.0.0-pre36.jar with languages [LanguageSpec[languageName=javafml, acceptedVersions=[39,)]]
[28Aug2026 02:32:24.219] [main/DEBUG] [net.minecraftforge.fml.loading.moddiscovery.ModFileParser/LOADING]: Considering mod file candidate /workspaces/Server-2/servidor_minecraft/mods/ferritecore-6.0.1-forge.jar
[28Aug2026 02:32:24.219] [main/DEBUG] [net.minecraftforge.fml.loading.moddiscovery.ModFileInfo/LOADING]: Found valid mod file ferritecore-6.0.1-forge.jar with {ferritecore} mods - versions {6.0.1}
[28Aug2026 02:32:24.219] [main/DEBUG] [net.minecraftforge.fml.loading.moddiscovery.ModFile/LOADING]: Loading mod file /workspaces/Server-2/servidor_minecraft/mods/ferritecore-6.0.1-forge.jar with languages [LanguageSpec[languageName=javafml, acceptedVersions=[28,)]]
[28Aug2026 02:32:24.219] [main/DEBUG] [net.minecraftforge.fml.loading.moddiscovery.ModFileParser/LOADING]: Considering mod file candidate /workspaces/Server-2/servidor_minecraft/mods/iceandfire-2.1.13-1.20.1-beta-5.jar
[28Aug2026 02:32:24.220] [main/DEBUG] [net.minecraftforge.fml.loading.moddiscovery.ModFileInfo/LOADING]: Found valid mod file iceandfire-2.1.13-1.20.1-beta-5.jar with {iceandfire} mods - versions {2.1.13-1.20.1}
[28Aug2026 02:32:24.220] [main/DEBUG] [net.minecraftforge.fml.loading.moddiscovery.ModFile/LOADING]: Loading mod file /workspaces/Server-2/servidor_minecraft/mods/iceandfire-2.1.13-1.20.1-beta-5.jar with languages [LanguageSpec[languageName=javafml, acceptedVersions=[37.0,)]]
[28Aug2026 02:32:24.220] [main/DEBUG] [net.minecraftforge.fml.loading.moddiscovery.ModFileParser/LOADING]: Considering mod file candidate 
[28Aug2026 02:32:24.221] [main/DEBUG] [net.minecraftforge.fml.loading.moddiscovery.ModFileInfo/LOADING]: Found valid mod file TRansition-1.0.21-1.20.1-forge-SNAPSHOT.jar with {transition} mods - versions {1.0.21}
[28Aug2026 02:32:24.221] [main/DEBUG] [net.minecraftforge.fml.loading.moddiscovery.ModFile/LOADING]: Loading mod file  with languages [LanguageSpec[languageName=javafml, acceptedVersions=[28,)]]
[28Aug2026 02:32:24.221] [main/DEBUG] [net.minecraftforge.fml.loading.moddiscovery.ModFileParser/LOADING]: Considering mod file candidate /workspaces/Server-2/servidor_minecraft/mods/framework-forge-1.20.1-0.8.0.jar
[28Aug2026 02:32:24.222] [main/DEBUG] [net.minecraftforge.fml.loading.moddiscovery.ModFileInfo/LOADING]: Found valid mod file framework-forge-1.20.1-0.8.0.jar with {framework} mods - versions {0.8.0}
[28Aug2026 02:32:24.222] [main/DEBUG] [net.minecraftforge.fml.loading.moddiscovery.ModFile/LOADING]: Loading mod file /workspaces/Server-2/servidor_minecraft/mods/framework-forge-1.20.1-0.8.0.jar with languages [LanguageSpec[languageName=javafml, acceptedVersions=[39,)]]
[28Aug2026 02:32:24.222] [main/DEBUG] [net.minecraftforge.fml.loading.moddiscovery.ModFileParser/LOADING]: Considering mod file candidate /workspaces/Server-2/servidor_minecraft/mods/cloth-config-11.1.136-forge.jar
[28Aug2026 02:32:24.222] [main/DEBUG] [net.minecraftforge.fml.loading.moddiscovery.ModFileInfo/LOADING]: Found valid mod file cloth-config-11.1.136-forge.jar with {cloth_config} mods - versions {11.1.136}
[28Aug2026 02:32:24.222] [main/DEBUG] [net.minecraftforge.fml.loading.moddiscovery.ModFile/LOADING]: Loading mod file /workspaces/Server-2/servidor_minecraft/mods/cloth-config-11.1.136-forge.jar with languages [LanguageSpec[languageName=javafml, acceptedVersions=[34,)]]
[28Aug2026 02:32:24.223] [main/DEBUG] [net.minecraftforge.fml.loading.moddiscovery.ModFileParser/LOADING]: Considering mod file candidate /workspaces/Server-2/servidor_minecraft/libraries/net/minecraftforge/forge/1.20.1-47.3.7/forge-1.20.1-47.3.7-universal.jar
[28Aug2026 02:32:24.223] [main/DEBUG] [net.minecraftforge.fml.loading.moddiscovery.ModFileInfo/LOADING]: Found valid mod file forge-1.20.1-47.3.7-universal.jar with {forge} mods - versions {47.3.7}
[28Aug2026 02:32:24.223] [main/DEBUG] [net.minecraftforge.fml.loading.moddiscovery.ModFile/LOADING]: Loading mod file /workspaces/Server-2/servidor_minecraft/libraries/net/minecraftforge/forge/1.20.1-47.3.7/forge-1.20.1-47.3.7-universal.jar with languages [LanguageSpec[languageName=javafml, acceptedVersions=[24,]]]
[28Aug2026 02:32:24.225] [main/DEBUG] [net.minecraftforge.fml.loading.moddiscovery.ModFileParser/LOADING]: Found coremod field_to_method with Javascript path coremods/field_to_method.js
[28Aug2026 02:32:24.226] [main/DEBUG] [net.minecraftforge.fml.loading.moddiscovery.ModFileParser/LOADING]: Found coremod field_to_instanceof with Javascript path coremods/field_to_instanceof.js
[28Aug2026 02:32:24.226] [main/DEBUG] [net.minecraftforge.fml.loading.moddiscovery.ModFileParser/LOADING]: Found coremod add_bouncer_method with Javascript path coremods/add_bouncer_method.js
[28Aug2026 02:32:24.226] [main/DEBUG] [net.minecraftforge.fml.loading.moddiscovery.ModFileParser/LOADING]: Found coremod method_redirector with Javascript path coremods/method_redirector.js
[28Aug2026 02:32:24.226] [main/DEBUG] [net.minecraftforge.fml.loading.moddiscovery.ModFile/LOADING]: Found coremod coremods/field_to_method.js
[28Aug2026 02:32:24.226] [main/DEBUG] [net.minecraftforge.fml.loading.moddiscovery.ModFile/LOADING]: Found coremod coremods/field_to_instanceof.js
[28Aug2026 02:32:24.226] [main/DEBUG] [net.minecraftforge.fml.loading.moddiscovery.ModFile/LOADING]: Found coremod coremods/add_bouncer_method.js
[28Aug2026 02:32:24.226] [main/DEBUG] [net.minecraftforge.fml.loading.moddiscovery.ModFile/LOADING]: Found coremod coremods/method_redirector.js
[28Aug2026 02:32:24.227] [main/DEBUG] [net.minecraftforge.fml.loading.moddiscovery.ModFileParser/LOADING]: Considering mod file candidate 
[28Aug2026 02:32:24.227] [main/DEBUG] [net.minecraftforge.fml.loading.moddiscovery.ModFileInfo/LOADING]: Found valid mod file journeymap-api-forge-1.20.1-2.0.0.jar with {journeymap_api} mods - versions {1.20.1-2.0.0}
[28Aug2026 02:32:24.227] [main/DEBUG] [net.minecraftforge.fml.loading.moddiscovery.ModFile/LOADING]: Loading mod file  with languages [LanguageSpec[languageName=javafml, acceptedVersions=[47,)]]
[28Aug2026 02:32:24.228] [main/DEBUG] [net.minecraftforge.fml.loading.moddiscovery.ModFileParser/LOADING]: Considering mod file candidate /workspaces/Server-2/servidor_minecraft/mods/tl_skin_cape_forge_1.20_1.20.1-1.32.jar
[28Aug2026 02:32:24.228] [main/DEBUG] [net.minecraftforge.fml.loading.moddiscovery.ModFileInfo/LOADING]: Found valid mod file tl_skin_cape_forge_1.20_1.20.1-1.32.jar with {tlskincape} mods - versions {1.32}
[28Aug2026 02:32:24.228] [main/DEBUG] [net.minecraftforge.fml.loading.moddiscovery.ModFile/LOADING]: Loading mod file /workspaces/Server-2/servidor_minecraft/mods/tl_skin_cape_forge_1.20_1.20.1-1.32.jar with languages [LanguageSpec[languageName=javafml, acceptedVersions=[25,)]]
[28Aug2026 02:32:24.229] [main/DEBUG] [net.minecraftforge.fml.loading.moddiscovery.ModFile/LOADING]: Loading mod file  with languages []
[28Aug2026 02:32:24.229] [main/DEBUG] [net.minecraftforge.fml.loading.moddiscovery.ModFile/LOADING]: Loading mod file  with languages []
[28Aug2026 02:32:24.229] [main/DEBUG] [net.minecraftforge.fml.loading.moddiscovery.ModFile/LOADING]: Loading mod file  with languages []
[28Aug2026 02:32:24.229] [main/DEBUG] [net.minecraftforge.fml.loading.moddiscovery.ModFile/LOADING]: Loading mod file  with languages []
[28Aug2026 02:32:24.229] [main/DEBUG] [net.minecraftforge.fml.loading.moddiscovery.ModFile/LOADING]: Loading mod file  with languages []
[28Aug2026 02:32:24.230] [main/DEBUG] [net.minecraftforge.fml.loading.moddiscovery.ModFile/LOADING]: Loading mod file  with languages []
[28Aug2026 02:32:24.230] [main/DEBUG] [net.minecraftforge.fml.loading.moddiscovery.ModFile/LOADING]: Loading mod file  with languages []
[28Aug2026 02:32:24.230] [main/DEBUG] [net.minecraftforge.fml.loading.moddiscovery.ModFile/LOADING]: Loading mod file  with languages []
[28Aug2026 02:32:24.230] [main/DEBUG] [net.minecraftforge.fml.loading.moddiscovery.ModFile/LOADING]: Loading mod file  with languages []
[28Aug2026 02:32:24.230] [main/DEBUG] [net.minecraftforge.fml.loading.moddiscovery.ModFile/LOADING]: Loading mod file  with languages []
[28Aug2026 02:32:24.231] [main/DEBUG] [cpw.mods.modlauncher.TransformationServiceDecorator/MODLAUNCHER]: End scan trigger - transformation service fml
[28Aug2026 02:32:24.242] [main/DEBUG] [net.minecraftforge.fml.loading.LanguageLoadingProvider/CORE]: Found 3 language providers
[28Aug2026 02:32:24.243] [main/DEBUG] [net.minecraftforge.fml.loading.LanguageLoadingProvider/CORE]: Found language provider minecraft, version 1.0
[28Aug2026 02:32:24.243] [main/DEBUG] [net.minecraftforge.fml.loading.LanguageLoadingProvider/CORE]: Found language provider lowcodefml, version 47
[28Aug2026 02:32:24.243] [main/DEBUG] [net.minecraftforge.fml.loading.LanguageLoadingProvider/CORE]: Found language provider javafml, version 47
[28Aug2026 02:32:24.247] [main/DEBUG] [net.minecraftforge.fml.loading.UniqueModListBuilder/]: Found 2 mods for first modid mclib, selecting most recent based on version data
[28Aug2026 02:32:24.247] [main/DEBUG] [net.minecraftforge.fml.loading.UniqueModListBuilder/]: Selected file mclib-20.jar for modid mclib with version 0.0NONE
[28Aug2026 02:32:24.248] [main/DEBUG] [net.minecraftforge.fml.loading.UniqueModListBuilder/]: Found 2 mods for first modid pngj, selecting most recent based on version data
[28Aug2026 02:32:24.248] [main/DEBUG] [net.minecraftforge.fml.loading.UniqueModListBuilder/]: Selected file pngj-2.1.0.jar for modid pngj with version 2.1.0
[28Aug2026 02:32:24.248] [main/DEBUG] [net.minecraftforge.fml.loading.UniqueModListBuilder/]: Found 2 mods for first modid mixinextras, selecting most recent based on version data
[28Aug2026 02:32:24.248] [main/DEBUG] [net.minecraftforge.fml.loading.UniqueModListBuilder/]: Selected file mixinextras-forge-0.5.3.jar for modid mixinextras with version 0.5.3
[28Aug2026 02:32:24.248] [main/DEBUG] [net.minecraftforge.fml.loading.UniqueModListBuilder/]: Found 2 mods for first modid MixinExtras, selecting most recent based on version data
[28Aug2026 02:32:24.249] [main/DEBUG] [net.minecraftforge.fml.loading.UniqueModListBuilder/]: Selected file MixinExtras-0.5.3.jar for modid MixinExtras with version 0.5.3
[28Aug2026 02:32:24.249] [main/DEBUG] [net.minecraftforge.fml.loading.UniqueModListBuilder/]: Found 2 mods for first modid Reflect, selecting most recent based on version data
[28Aug2026 02:32:24.249] [main/DEBUG] [net.minecraftforge.fml.loading.UniqueModListBuilder/]: Selected file Reflect-1.6.2.jar for modid Reflect with version 0.0NONE
[28Aug2026 02:32:24.251] [main/DEBUG] [net.minecraftforge.fml.loading.ModSorter/]: Configured system mods: [minecraft, forge]
[28Aug2026 02:32:24.251] [main/DEBUG] [net.minecraftforge.fml.loading.ModSorter/]: Found system mod: minecraft
[28Aug2026 02:32:24.251] [main/DEBUG] [net.minecraftforge.fml.loading.ModSorter/]: Found system mod: forge
[28Aug2026 02:32:24.253] [main/DEBUG] [net.minecraftforge.fml.loading.ModSorter/LOADING]: Found 52 mod requirements (51 mandatory, 1 optional)
[28Aug2026 02:32:24.254] [main/DEBUG] [net.minecraftforge.fml.loading.ModSorter/LOADING]: Found 0 mod requirements missing (0 mandatory, 0 optional)
[28Aug2026 02:32:24.739] [main/DEBUG] [cpw.mods.modlauncher.TransformationServicesHandler/MODLAUNCHER]: Transformation services loading transformers
[28Aug2026 02:32:24.740] [main/DEBUG] [cpw.mods.modlauncher.TransformationServiceDecorator/MODLAUNCHER]: Initializing transformers for transformation service mixin
[28Aug2026 02:32:24.740] [main/DEBUG] [cpw.mods.modlauncher.TransformationServiceDecorator/MODLAUNCHER]: Initialized transformers for transformation service mixin
[28Aug2026 02:32:24.741] [main/DEBUG] [cpw.mods.modlauncher.TransformationServiceDecorator/MODLAUNCHER]: Initializing transformers for transformation service fml
[28Aug2026 02:32:24.741] [main/DEBUG] [net.minecraftforge.fml.loading.FMLServiceProvider/CORE]: Loading coremod transformers
[28Aug2026 02:32:24.741] [main/DEBUG] [net.minecraftforge.coremod.CoreModEngine/COREMOD]: Loading CoreMod from coremods/field_to_method.js
[28Aug2026 02:32:24.988] [main/DEBUG] [net.minecraftforge.coremod.CoreModEngine/COREMOD]: CoreMod loaded successfully
[28Aug2026 02:32:24.988] [main/DEBUG] [net.minecraftforge.coremod.CoreModEngine/COREMOD]: Loading CoreMod from coremods/field_to_instanceof.js
[28Aug2026 02:32:25.058] [main/DEBUG] [net.minecraftforge.coremod.CoreModEngine/COREMOD]: CoreMod loaded successfully
[28Aug2026 02:32:25.058] [main/DEBUG] [net.minecraftforge.coremod.CoreModEngine/COREMOD]: Loading CoreMod from coremods/add_bouncer_method.js
[28Aug2026 02:32:25.124] [main/DEBUG] [net.minecraftforge.coremod.CoreModEngine/COREMOD]: CoreMod loaded successfully
[28Aug2026 02:32:25.125] [main/DEBUG] [net.minecraftforge.coremod.CoreModEngine/COREMOD]: Loading CoreMod from coremods/method_redirector.js
[28Aug2026 02:32:25.255] [main/DEBUG] [net.minecraftforge.coremod.CoreModEngine/COREMOD]: CoreMod loaded successfully
[28Aug2026 02:32:25.271] [main/DEBUG] [cpw.mods.modlauncher.TransformStore/MODLAUNCHER]: Adding transformer net.minecraftforge.coremod.transformer.CoreModClassTransformer@6a12c7a8 to Target : CLASS {Lnet/minecraft/world/level/biome/Biome;} {} {V}
[28Aug2026 02:32:25.275] [main/DEBUG] [cpw.mods.modlauncher.TransformStore/MODLAUNCHER]: Adding transformer net.minecraftforge.coremod.transformer.CoreModClassTransformer@4a901445 to Target : CLASS {Lnet/minecraft/world/level/levelgen/structure/Structure;} {} {V}
[28Aug2026 02:32:25.278] [main/DEBUG] [cpw.mods.modlauncher.TransformStore/MODLAUNCHER]: Adding transformer net.minecraftforge.coremod.transformer.CoreModClassTransformer@67f77f6e to Target : CLASS {Lnet/minecraft/world/effect/MobEffectInstance;} {} {V}
[28Aug2026 02:32:25.278] [main/DEBUG] [cpw.mods.modlauncher.TransformStore/MODLAUNCHER]: Adding transformer net.minecraftforge.coremod.transformer.CoreModClassTransformer@2b0b7e5a to Target : CLASS {Lnet/minecraft/world/level/block/LiquidBlock;} {} {V}
[28Aug2026 02:32:25.279] [main/DEBUG] [cpw.mods.modlauncher.TransformStore/MODLAUNCHER]: Adding transformer net.minecraftforge.coremod.transformer.CoreModClassTransformer@7be1ce6a to Target : CLASS {Lnet/minecraft/world/item/BucketItem;} {} {V}
[28Aug2026 02:32:25.279] [main/DEBUG] [cpw.mods.modlauncher.TransformStore/MODLAUNCHER]: Adding transformer net.minecraftforge.coremod.transformer.CoreModClassTransformer@3119cf6f to Target : CLASS {Lnet/minecraft/world/level/block/StairBlock;} {} {V}
[28Aug2026 02:32:25.279] [main/DEBUG] [cpw.mods.modlauncher.TransformStore/MODLAUNCHER]: Adding transformer net.minecraftforge.coremod.transformer.CoreModClassTransformer@6dc9da2d to Target : CLASS {Lnet/minecraft/world/level/block/FlowerPotBlock;} {} {V}
[28Aug2026 02:32:25.279] [main/DEBUG] [cpw.mods.modlauncher.TransformStore/MODLAUNCHER]: Adding transformer net.minecraftforge.coremod.transformer.CoreModClassTransformer@1d408060 to Target : CLASS {Lnet/minecraft/world/item/ItemStack;} {} {V}
[28Aug2026 02:32:25.279] [main/DEBUG] [cpw.mods.modlauncher.TransformStore/MODLAUNCHER]: Adding transformer net.minecraftforge.coremod.transformer.CoreModClassTransformer@68a78f3c to Target : CLASS {Lnet/minecraft/network/play/client/CClientSettingsPacket;} {} {V}
[28Aug2026 02:32:25.279] [main/DEBUG] [cpw.mods.modlauncher.TransformStore/MODLAUNCHER]: Adding transformer net.minecraftforge.coremod.transformer.CoreModClassTransformer@17ba57f0 to Target : CLASS {Lnet/minecraft/world/level/levelgen/structure/structures/SwampHutPiece;} {} {V}
[28Aug2026 02:32:25.279] [main/DEBUG] [cpw.mods.modlauncher.TransformStore/MODLAUNCHER]: Adding transformer net.minecraftforge.coremod.transformer.CoreModClassTransformer@17ba57f0 to Target : CLASS {Lnet/minecraft/server/commands/SummonCommand;} {} {V}
[28Aug2026 02:32:25.279] [main/DEBUG] [cpw.mods.modlauncher.TransformStore/MODLAUNCHER]: Adding transformer net.minecraftforge.coremod.transformer.CoreModClassTransformer@17ba57f0 to Target : CLASS {Lnet/minecraft/world/entity/npc/CatSpawner;} {} {V}
[28Aug2026 02:32:25.280] [main/DEBUG] [cpw.mods.modlauncher.TransformStore/MODLAUNCHER]: Adding transformer net.minecraftforge.coremod.transformer.CoreModClassTransformer@17ba57f0 to Target : CLASS {Lnet/minecraft/world/level/levelgen/structure/structures/OceanMonumentPieces$OceanMonumentPiece;} {} {V}
[28Aug2026 02:32:25.280] [main/DEBUG] [cpw.mods.modlauncher.TransformStore/MODLAUNCHER]: Adding transformer net.minecraftforge.coremod.transformer.CoreModClassTransformer@17ba57f0 to Target : CLASS {Lnet/minecraft/world/level/levelgen/structure/templatesystem/StructureTemplate;} {} {V}
[28Aug2026 02:32:25.280] [main/DEBUG] [cpw.mods.modlauncher.TransformStore/MODLAUNCHER]: Adding transformer net.minecraftforge.coremod.transformer.CoreModClassTransformer@17ba57f0 to Target : CLASS {Lnet/minecraft/world/entity/animal/frog/Tadpole;} {} {V}
[28Aug2026 02:32:25.280] [main/DEBUG] [cpw.mods.modlauncher.TransformStore/MODLAUNCHER]: Adding transformer net.minecraftforge.coremod.transformer.CoreModClassTransformer@17ba57f0 to Target : CLASS {Lnet/minecraft/world/level/NaturalSpawner;} {} {V}
[28Aug2026 02:32:25.280] [main/DEBUG] [cpw.mods.modlauncher.TransformStore/MODLAUNCHER]: Adding transformer net.minecraftforge.coremod.transformer.CoreModClassTransformer@17ba57f0 to Target : CLASS {Lnet/minecraft/world/level/levelgen/structure/structures/OceanRuinPieces$OceanRuinPiece;} {} {V}
[28Aug2026 02:32:25.280] [main/DEBUG] [cpw.mods.modlauncher.TransformStore/MODLAUNCHER]: Adding transformer net.minecraftforge.coremod.transformer.CoreModClassTransformer@17ba57f0 to Target : CLASS {Lnet/minecraft/world/entity/npc/Villager;} {} {V}
[28Aug2026 02:32:25.280] [main/DEBUG] [cpw.mods.modlauncher.TransformStore/MODLAUNCHER]: Adding transformer net.minecraftforge.coremod.transformer.CoreModClassTransformer@17ba57f0 to Target : CLASS {Lnet/minecraft/world/entity/monster/Zombie;} {} {V}
[28Aug2026 02:32:25.280] [main/DEBUG] [cpw.mods.modlauncher.TransformStore/MODLAUNCHER]: Adding transformer net.minecraftforge.coremod.transformer.CoreModClassTransformer@17ba57f0 to Target : CLASS {Lnet/minecraft/world/level/levelgen/PhantomSpawner;} {} {V}
[28Aug2026 02:32:25.280] [main/DEBUG] [cpw.mods.modlauncher.TransformStore/MODLAUNCHER]: Adding transformer net.minecraftforge.coremod.transformer.CoreModClassTransformer@17ba57f0 to Target : CLASS {Lnet/minecraft/world/entity/monster/Spider;} {} {V}
[28Aug2026 02:32:25.280] [main/DEBUG] [cpw.mods.modlauncher.TransformStore/MODLAUNCHER]: Adding transformer net.minecraftforge.coremod.transformer.CoreModClassTransformer@17ba57f0 to Target : CLASS {Lnet/minecraft/world/entity/animal/horse/SkeletonTrapGoal;} {} {V}
[28Aug2026 02:32:25.280] [main/DEBUG] [cpw.mods.modlauncher.TransformStore/MODLAUNCHER]: Adding transformer net.minecraftforge.coremod.transformer.CoreModClassTransformer@17ba57f0 to Target : CLASS {Lnet/minecraft/world/entity/monster/Strider;} {} {V}
[28Aug2026 02:32:25.280] [main/DEBUG] [cpw.mods.modlauncher.TransformStore/MODLAUNCHER]: Adding transformer net.minecraftforge.coremod.transformer.CoreModClassTransformer@17ba57f0 to Target : CLASS {Lnet/minecraft/server/commands/RaidCommand;} {} {V}
[28Aug2026 02:32:25.281] [main/DEBUG] [cpw.mods.modlauncher.TransformStore/MODLAUNCHER]: Adding transformer net.minecraftforge.coremod.transformer.CoreModClassTransformer@17ba57f0 to Target : CLASS {Lnet/minecraft/world/entity/monster/Evoker$EvokerSummonSpellGoal;} {} {V}
[28Aug2026 02:32:25.281] [main/DEBUG] [cpw.mods.modlauncher.TransformStore/MODLAUNCHER]: Adding transformer net.minecraftforge.coremod.transformer.CoreModClassTransformer@17ba57f0 to Target : CLASS {Lnet/minecraft/world/entity/raid/Raid;} {} {V}
[28Aug2026 02:32:25.281] [main/DEBUG] [cpw.mods.modlauncher.TransformStore/MODLAUNCHER]: Adding transformer net.minecraftforge.coremod.transformer.CoreModClassTransformer@17ba57f0 to Target : CLASS {Lnet/minecraft/world/level/levelgen/PatrolSpawner;} {} {V}
[28Aug2026 02:32:25.281] [main/DEBUG] [cpw.mods.modlauncher.TransformStore/MODLAUNCHER]: Adding transformer net.minecraftforge.coremod.transformer.CoreModClassTransformer@17ba57f0 to Target : CLASS {Lnet/minecraft/world/entity/ai/village/VillageSiege;} {} {V}
[28Aug2026 02:32:25.284] [main/DEBUG] [cpw.mods.modlauncher.TransformStore/MODLAUNCHER]: Adding transformer net.minecraftforge.coremod.transformer.CoreModClassTransformer@17ba57f0 to Target : CLASS {Lnet/minecraft/world/entity/monster/ZombieVillager;} {} {V}
[28Aug2026 02:32:25.284] [main/DEBUG] [cpw.mods.modlauncher.TransformStore/MODLAUNCHER]: Adding transformer net.minecraftforge.coremod.transformer.CoreModClassTransformer@17ba57f0 to Target : CLASS {Lnet/minecraft/world/level/levelgen/structure/structures/WoodlandMansionPieces$WoodlandMansionPiece;} {} {V}
[28Aug2026 02:32:25.284] [main/DEBUG] [cpw.mods.modlauncher.TransformStore/MODLAUNCHER]: Adding transformer net.minecraftforge.coremod.transformer.CoreModClassTransformer@17ba57f0 to Target : CLASS {Lnet/minecraft/world/entity/EntityType;} {} {V}
[28Aug2026 02:32:25.285] [main/DEBUG] [cpw.mods.modlauncher.TransformationServiceDecorator/MODLAUNCHER]: Initialized transformers for transformation service fml
[28Aug2026 02:32:26.193] [main/DEBUG] [mixin/]: Processing prepare() for PlatformAgent[MixinPlatformAgentDefault:ModLauncher Root Container(ModLauncher:4f56a0a2)]
[28Aug2026 02:32:26.194] [main/DEBUG] [mixin/]: Processing launch tasks for PlatformAgent[MixinPlatformAgentDefault:ModLauncher Root Container(ModLauncher:4f56a0a2)]
[28Aug2026 02:32:26.194] [main/DEBUG] [mixin/]: Adding mixin platform agents for container SecureJarResource(minecraft)
[28Aug2026 02:32:26.194] [main/DEBUG] [mixin/]: Instancing new MixinPlatformAgentMinecraftForge for SecureJarResource(minecraft)
[28Aug2026 02:32:26.195] [main/DEBUG] [mixin/]: MixinPlatformAgentMinecraftForge rejected container SecureJarResource(minecraft)
[28Aug2026 02:32:26.195] [main/DEBUG] [mixin/]: Instancing new MixinPlatformAgentDefault for SecureJarResource(minecraft)
[28Aug2026 02:32:26.195] [main/DEBUG] [mixin/]: MixinPlatformAgentDefault accepted container SecureJarResource(minecraft)
[28Aug2026 02:32:26.195] [main/DEBUG] [mixin/]: Processing prepare() for PlatformAgent[MixinPlatformAgentDefault:SecureJarResource(minecraft)]
[28Aug2026 02:32:26.196] [main/DEBUG] [mixin/]: Adding mixin platform agents for container SecureJarResource(betterdungeons)
[28Aug2026 02:32:26.196] [main/DEBUG] [mixin/]: Instancing new MixinPlatformAgentMinecraftForge for SecureJarResource(betterdungeons)
[28Aug2026 02:32:26.196] [main/DEBUG] [mixin/]: MixinPlatformAgentMinecraftForge rejected container SecureJarResource(betterdungeons)
[28Aug2026 02:32:26.196] [main/DEBUG] [mixin/]: Instancing new MixinPlatformAgentDefault for SecureJarResource(betterdungeons)
[28Aug2026 02:32:26.196] [main/DEBUG] [mixin/]: MixinPlatformAgentDefault accepted container SecureJarResource(betterdungeons)
[28Aug2026 02:32:26.197] [main/DEBUG] [mixin/]: Processing prepare() for PlatformAgent[MixinPlatformAgentDefault:SecureJarResource(betterdungeons)]
[28Aug2026 02:32:26.197] [main/DEBUG] [mixin/]: Registering mixin config: betterdungeons.mixins.json
[28Aug2026 02:32:26.233] [main/DEBUG] [mixin/]: Compatibility level JAVA_17 specified by betterdungeons.mixins.json is higher than the maximum level supported by this version of mixin (JAVA_13).
[28Aug2026 02:32:26.241] [main/INFO] [mixin/]: Compatibility level set to JAVA_17
[28Aug2026 02:32:26.242] [main/DEBUG] [mixin/]: Registering mixin config: betterdungeons_forge.mixins.json
[28Aug2026 02:32:26.247] [main/DEBUG] [mixin/]: Adding mixin platform agents for container SecureJarResource(terrablender)
[28Aug2026 02:32:26.247] [main/DEBUG] [mixin/]: Instancing new MixinPlatformAgentMinecraftForge for SecureJarResource(terrablender)
[28Aug2026 02:32:26.247] [main/DEBUG] [mixin/]: MixinPlatformAgentMinecraftForge rejected container SecureJarResource(terrablender)
[28Aug2026 02:32:26.247] [main/DEBUG] [mixin/]: Instancing new MixinPlatformAgentDefault for SecureJarResource(terrablender)
[28Aug2026 02:32:26.248] [main/DEBUG] [mixin/]: MixinPlatformAgentDefault accepted container SecureJarResource(terrablender)
[28Aug2026 02:32:26.248] [main/DEBUG] [mixin/]: Processing prepare() for PlatformAgent[MixinPlatformAgentDefault:SecureJarResource(terrablender)]
[28Aug2026 02:32:26.248] [main/DEBUG] [mixin/]: Registering mixin config: terrablender.mixins.json
[28Aug2026 02:32:26.253] [main/DEBUG] [mixin/]: Registering mixin config: terrablender_forge.mixins.json
[28Aug2026 02:32:26.255] [main/DEBUG] [mixin/]: Adding mixin platform agents for container SecureJarResource(jade)
[28Aug2026 02:32:26.258] [main/DEBUG] [mixin/]: Instancing new MixinPlatformAgentMinecraftForge for SecureJarResource(jade)
[28Aug2026 02:32:26.258] [main/DEBUG] [mixin/]: MixinPlatformAgentMinecraftForge rejected container SecureJarResource(jade)
[28Aug2026 02:32:26.258] [main/DEBUG] [mixin/]: Instancing new MixinPlatformAgentDefault for SecureJarResource(jade)
[28Aug2026 02:32:26.258] [main/DEBUG] [mixin/]: MixinPlatformAgentDefault accepted container SecureJarResource(jade)
[28Aug2026 02:32:26.258] [main/DEBUG] [mixin/]: Processing prepare() for PlatformAgent[MixinPlatformAgentDefault:SecureJarResource(jade)]
[28Aug2026 02:32:26.258] [main/DEBUG] [mixin/]: Registering mixin config: jade.mixins.json
[28Aug2026 02:32:26.260] [main/DEBUG] [mixin/]: Compatibility level JAVA_16 specified by jade.mixins.json is higher than the maximum level supported by this version of mixin (JAVA_13).
[28Aug2026 02:32:26.260] [main/DEBUG] [mixin/]: Adding mixin platform agents for container SecureJarResource(geckolib)
[28Aug2026 02:32:26.263] [main/DEBUG] [mixin/]: Instancing new MixinPlatformAgentMinecraftForge for SecureJarResource(geckolib)
[28Aug2026 02:32:26.263] [main/DEBUG] [mixin/]: MixinPlatformAgentMinecraftForge rejected container SecureJarResource(geckolib)
[28Aug2026 02:32:26.263] [main/DEBUG] [mixin/]: Instancing new MixinPlatformAgentDefault for SecureJarResource(geckolib)
[28Aug2026 02:32:26.263] [main/DEBUG] [mixin/]: MixinPlatformAgentDefault accepted container SecureJarResource(geckolib)
[28Aug2026 02:32:26.263] [main/DEBUG] [mixin/]: Processing prepare() for PlatformAgent[MixinPlatformAgentDefault:SecureJarResource(geckolib)]
[28Aug2026 02:32:26.263] [main/DEBUG] [mixin/]: Registering mixin config: geckolib.mixins.json
[28Aug2026 02:32:26.268] [main/DEBUG] [mixin/]: Adding mixin platform agents for container SecureJarResource(creativecore)
[28Aug2026 02:32:26.271] [main/DEBUG] [mixin/]: Instancing new MixinPlatformAgentMinecraftForge for SecureJarResource(creativecore)
[28Aug2026 02:32:26.271] [main/DEBUG] [mixin/]: MixinPlatformAgentMinecraftForge rejected container SecureJarResource(creativecore)
[28Aug2026 02:32:26.271] [main/DEBUG] [mixin/]: Instancing new MixinPlatformAgentDefault for SecureJarResource(creativecore)
[28Aug2026 02:32:26.271] [main/DEBUG] [mixin/]: MixinPlatformAgentDefault accepted container SecureJarResource(creativecore)
[28Aug2026 02:32:26.271] [main/DEBUG] [mixin/]: Processing prepare() for PlatformAgent[MixinPlatformAgentDefault:SecureJarResource(creativecore)]
[28Aug2026 02:32:26.271] [main/DEBUG] [mixin/]: Registering mixin config: creativecore.mixins.json
[28Aug2026 02:32:26.274] [main/DEBUG] [mixin/]: Registering mixin config: creativecore.forge.mixins.json
[28Aug2026 02:32:26.278] [main/DEBUG] [mixin/]: Adding mixin platform agents for container SecureJarResource(jei)
[28Aug2026 02:32:26.279] [main/DEBUG] [mixin/]: Instancing new MixinPlatformAgentMinecraftForge for SecureJarResource(jei)
[28Aug2026 02:32:26.279] [main/DEBUG] [mixin/]: MixinPlatformAgentMinecraftForge rejected container SecureJarResource(jei)
[28Aug2026 02:32:26.280] [main/DEBUG] [mixin/]: Instancing new MixinPlatformAgentDefault for SecureJarResource(jei)
[28Aug2026 02:32:26.280] [main/DEBUG] [mixin/]: MixinPlatformAgentDefault accepted container SecureJarResource(jei)
[28Aug2026 02:32:26.280] [main/DEBUG] [mixin/]: Processing prepare() for PlatformAgent[MixinPlatformAgentDefault:SecureJarResource(jei)]
[28Aug2026 02:32:26.280] [main/DEBUG] [mixin/]: Adding mixin platform agents for container SecureJarResource(commonnetworking)
[28Aug2026 02:32:26.280] [main/DEBUG] [mixin/]: Instancing new MixinPlatformAgentMinecraftForge for SecureJarResource(commonnetworking)
[28Aug2026 02:32:26.281] [main/DEBUG] [mixin/]: MixinPlatformAgentMinecraftForge rejected container SecureJarResource(commonnetworking)
[28Aug2026 02:32:26.281] [main/DEBUG] [mixin/]: Instancing new MixinPlatformAgentDefault for SecureJarResource(commonnetworking)
[28Aug2026 02:32:26.281] [main/DEBUG] [mixin/]: MixinPlatformAgentDefault accepted container SecureJarResource(commonnetworking)
[28Aug2026 02:32:26.281] [main/DEBUG] [mixin/]: Processing prepare() for PlatformAgent[MixinPlatformAgentDefault:SecureJarResource(commonnetworking)]
[28Aug2026 02:32:26.281] [main/DEBUG] [mixin/]: Adding mixin platform agents for container SecureJarResource(lionfishapi)
[28Aug2026 02:32:26.283] [main/DEBUG] [mixin/]: Instancing new MixinPlatformAgentMinecraftForge for SecureJarResource(lionfishapi)
[28Aug2026 02:32:26.283] [main/DEBUG] [mixin/]: MixinPlatformAgentMinecraftForge rejected container SecureJarResource(lionfishapi)
[28Aug2026 02:32:26.283] [main/DEBUG] [mixin/]: Instancing new MixinPlatformAgentDefault for SecureJarResource(lionfishapi)
[28Aug2026 02:32:26.288] [main/DEBUG] [mixin/]: MixinPlatformAgentDefault accepted container SecureJarResource(lionfishapi)
[28Aug2026 02:32:26.288] [main/DEBUG] [mixin/]: Processing prepare() for PlatformAgent[MixinPlatformAgentDefault:SecureJarResource(lionfishapi)]
[28Aug2026 02:32:26.288] [main/DEBUG] [mixin/]: Registering mixin config: lionfishapi.mixins.json
[28Aug2026 02:32:26.296] [main/DEBUG] [mixin/]: Adding mixin platform agents for container SecureJarResource(trender)
[28Aug2026 02:32:26.298] [main/DEBUG] [mixin/]: Instancing new MixinPlatformAgentMinecraftForge for SecureJarResource(trender)
[28Aug2026 02:32:26.298] [main/DEBUG] [mixin/]: MixinPlatformAgentMinecraftForge rejected container SecureJarResource(trender)
[28Aug2026 02:32:26.299] [main/DEBUG] [mixin/]: Instancing new MixinPlatformAgentDefault for SecureJarResource(trender)
[28Aug2026 02:32:26.299] [main/DEBUG] [mixin/]: MixinPlatformAgentDefault accepted container SecureJarResource(trender)
[28Aug2026 02:32:26.299] [main/DEBUG] [mixin/]: Processing prepare() for PlatformAgent[MixinPlatformAgentDefault:SecureJarResource(trender)]
[28Aug2026 02:32:26.299] [main/DEBUG] [mixin/]: Registering mixin config: trender.mixins.json
[28Aug2026 02:32:26.303] [main/DEBUG] [mixin/]: Adding mixin platform agents for container SecureJarResource(cataclysm)
[28Aug2026 02:32:26.303] [main/DEBUG] [mixin/]: Instancing new MixinPlatformAgentMinecraftForge for SecureJarResource(cataclysm)
[28Aug2026 02:32:26.304] [main/DEBUG] [mixin/]: MixinPlatformAgentMinecraftForge rejected container SecureJarResource(cataclysm)
[28Aug2026 02:32:26.304] [main/DEBUG] [mixin/]: Instancing new MixinPlatformAgentDefault for SecureJarResource(cataclysm)
[28Aug2026 02:32:26.304] [main/DEBUG] [mixin/]: MixinPlatformAgentDefault accepted container SecureJarResource(cataclysm)
[28Aug2026 02:32:26.305] [main/DEBUG] [mixin/]: Processing prepare() for PlatformAgent[MixinPlatformAgentDefault:SecureJarResource(cataclysm)]
[28Aug2026 02:32:26.305] [main/DEBUG] [mixin/]: Registering mixin config: lionfishapi.mixins.json
[28Aug2026 02:32:26.305] [main/DEBUG] [mixin/]: Registering mixin config: cataclysm.mixins.json
[28Aug2026 02:32:26.308] [main/DEBUG] [mixin/]: Adding mixin platform agents for container SecureJarResource(curios)
[28Aug2026 02:32:26.310] [main/DEBUG] [mixin/]: Instancing new MixinPlatformAgentMinecraftForge for SecureJarResource(curios)
[28Aug2026 02:32:26.310] [main/DEBUG] [mixin/]: MixinPlatformAgentMinecraftForge rejected container SecureJarResource(curios)
[28Aug2026 02:32:26.310] [main/DEBUG] [mixin/]: Instancing new MixinPlatformAgentDefault for SecureJarResource(curios)
[28Aug2026 02:32:26.310] [main/DEBUG] [mixin/]: MixinPlatformAgentDefault accepted container SecureJarResource(curios)
[28Aug2026 02:32:26.310] [main/DEBUG] [mixin/]: Processing prepare() for PlatformAgent[MixinPlatformAgentDefault:SecureJarResource(curios)]
[28Aug2026 02:32:26.311] [main/DEBUG] [mixin/]: Registering mixin config: curios.mixins.json
[28Aug2026 02:32:26.312] [main/DEBUG] [mixin/]: Adding mixin platform agents for container SecureJarResource(journeymap)
[28Aug2026 02:32:26.315] [main/DEBUG] [mixin/]: Instancing new MixinPlatformAgentMinecraftForge for SecureJarResource(journeymap)
[28Aug2026 02:32:26.315] [main/DEBUG] [mixin/]: MixinPlatformAgentMinecraftForge rejected container SecureJarResource(journeymap)
[28Aug2026 02:32:26.315] [main/DEBUG] [mixin/]: Instancing new MixinPlatformAgentDefault for SecureJarResource(journeymap)
[28Aug2026 02:32:26.315] [main/DEBUG] [mixin/]: MixinPlatformAgentDefault accepted container SecureJarResource(journeymap)
[28Aug2026 02:32:26.315] [main/DEBUG] [mixin/]: Processing prepare() for PlatformAgent[MixinPlatformAgentDefault:SecureJarResource(journeymap)]
[28Aug2026 02:32:26.315] [main/DEBUG] [mixin/]: Registering mixin config: journeymap.mixins.json
[28Aug2026 02:32:26.318] [main/DEBUG] [mixin/]: Registering mixin config: journeymap.forge.mixins.json
[28Aug2026 02:32:26.321] [main/DEBUG] [mixin/]: Adding mixin platform agents for container SecureJarResource(trulydark)
[28Aug2026 02:32:26.321] [main/DEBUG] [mixin/]: Instancing new MixinPlatformAgentMinecraftForge for SecureJarResource(trulydark)
[28Aug2026 02:32:26.323] [main/DEBUG] [mixin/]: MixinPlatformAgentMinecraftForge rejected container SecureJarResource(trulydark)
[28Aug2026 02:32:26.323] [main/DEBUG] [mixin/]: Instancing new MixinPlatformAgentDefault for SecureJarResource(trulydark)
[28Aug2026 02:32:26.324] [main/DEBUG] [mixin/]: MixinPlatformAgentDefault accepted container SecureJarResource(trulydark)
[28Aug2026 02:32:26.324] [main/DEBUG] [mixin/]: Processing prepare() for PlatformAgent[MixinPlatformAgentDefault:SecureJarResource(trulydark)]
[28Aug2026 02:32:26.324] [main/DEBUG] [mixin/]: Registering mixin config: trulydark.json
[28Aug2026 02:32:26.327] [main/DEBUG] [mixin/]: Registering mixin config: trulydark.client.json
[28Aug2026 02:32:26.329] [main/DEBUG] [mixin/]: Adding mixin platform agents for container SecureJarResource(modernfix)
[28Aug2026 02:32:26.330] [main/DEBUG] [mixin/]: Instancing new MixinPlatformAgentMinecraftForge for SecureJarResource(modernfix)
[28Aug2026 02:32:26.330] [main/DEBUG] [mixin/]: MixinPlatformAgentMinecraftForge rejected container SecureJarResource(modernfix)
[28Aug2026 02:32:26.330] [main/DEBUG] [mixin/]: Instancing new MixinPlatformAgentDefault for SecureJarResource(modernfix)
[28Aug2026 02:32:26.331] [main/DEBUG] [mixin/]: MixinPlatformAgentDefault accepted container SecureJarResource(modernfix)
[28Aug2026 02:32:26.331] [main/DEBUG] [mixin/]: Processing prepare() for PlatformAgent[MixinPlatformAgentDefault:SecureJarResource(modernfix)]
[28Aug2026 02:32:26.332] [main/DEBUG] [mixin/]: Registering mixin config: modernfix-modernfix.mixins.json
[28Aug2026 02:32:26.334] [main/DEBUG] [mixin/]: Adding mixin platform agents for container SecureJarResource(citadel)
[28Aug2026 02:32:26.334] [main/DEBUG] [mixin/]: Instancing new MixinPlatformAgentMinecraftForge for SecureJarResource(citadel)
[28Aug2026 02:32:26.335] [main/DEBUG] [mixin/]: MixinPlatformAgentMinecraftForge rejected container SecureJarResource(citadel)
[28Aug2026 02:32:26.335] [main/DEBUG] [mixin/]: Instancing new MixinPlatformAgentDefault for SecureJarResource(citadel)
[28Aug2026 02:32:26.335] [main/DEBUG] [mixin/]: MixinPlatformAgentDefault accepted container SecureJarResource(citadel)
[28Aug2026 02:32:26.336] [main/DEBUG] [mixin/]: Processing prepare() for PlatformAgent[MixinPlatformAgentDefault:SecureJarResource(citadel)]
[28Aug2026 02:32:26.336] [main/DEBUG] [mixin/]: Registering mixin config: citadel.mixins.json
[28Aug2026 02:32:26.340] [main/DEBUG] [mixin/]: Adding mixin platform agents for container SecureJarResource(alexscaves)
[28Aug2026 02:32:26.340] [main/DEBUG] [mixin/]: Instancing new MixinPlatformAgentMinecraftForge for SecureJarResource(alexscaves)
[28Aug2026 02:32:26.340] [main/DEBUG] [mixin/]: MixinPlatformAgentMinecraftForge rejected container SecureJarResource(alexscaves)
[28Aug2026 02:32:26.340] [main/DEBUG] [mixin/]: Instancing new MixinPlatformAgentDefault for SecureJarResource(alexscaves)
[28Aug2026 02:32:26.340] [main/DEBUG] [mixin/]: MixinPlatformAgentDefault accepted container SecureJarResource(alexscaves)
[28Aug2026 02:32:26.340] [main/DEBUG] [mixin/]: Processing prepare() for PlatformAgent[MixinPlatformAgentDefault:SecureJarResource(alexscaves)]
[28Aug2026 02:32:26.340] [main/DEBUG] [mixin/]: Registering mixin config: citadel.mixins.json
[28Aug2026 02:32:26.341] [main/DEBUG] [mixin/]: Registering mixin config: alexscaves.mixins.json
[28Aug2026 02:32:26.345] [main/DEBUG] [mixin/]: Adding mixin platform agents for container SecureJarResource(alexsmobs)
[28Aug2026 02:32:26.345] [main/DEBUG] [mixin/]: Instancing new MixinPlatformAgentMinecraftForge for SecureJarResource(alexsmobs)
[28Aug2026 02:32:26.346] [main/DEBUG] [mixin/]: MixinPlatformAgentMinecraftForge rejected container SecureJarResource(alexsmobs)
[28Aug2026 02:32:26.346] [main/DEBUG] [mixin/]: Instancing new MixinPlatformAgentDefault for SecureJarResource(alexsmobs)
[28Aug2026 02:32:26.346] [main/DEBUG] [mixin/]: MixinPlatformAgentDefault accepted container SecureJarResource(alexsmobs)
[28Aug2026 02:32:26.346] [main/DEBUG] [mixin/]: Processing prepare() for PlatformAgent[MixinPlatformAgentDefault:SecureJarResource(alexsmobs)]
[28Aug2026 02:32:26.346] [main/DEBUG] [mixin/]: Registering mixin config: citadel.mixins.json
[28Aug2026 02:32:26.346] [main/DEBUG] [mixin/]: Adding mixin platform agents for container SecureJarResource(horror_element_mod)
[28Aug2026 02:32:26.346] [main/DEBUG] [mixin/]: Instancing new MixinPlatformAgentMinecraftForge for SecureJarResource(horror_element_mod)
[28Aug2026 02:32:26.346] [main/DEBUG] [mixin/]: MixinPlatformAgentMinecraftForge rejected container SecureJarResource(horror_element_mod)
[28Aug2026 02:32:26.346] [main/DEBUG] [mixin/]: Instancing new MixinPlatformAgentDefault for SecureJarResource(horror_element_mod)
[28Aug2026 02:32:26.346] [main/DEBUG] [mixin/]: MixinPlatformAgentDefault accepted container SecureJarResource(horror_element_mod)
[28Aug2026 02:32:26.346] [main/DEBUG] [mixin/]: Processing prepare() for PlatformAgent[MixinPlatformAgentDefault:SecureJarResource(horror_element_mod)]
[28Aug2026 02:32:26.346] [main/DEBUG] [mixin/]: Adding mixin platform agents for container SecureJarResource(yungsapi)
[28Aug2026 02:32:26.346] [main/DEBUG] [mixin/]: Instancing new MixinPlatformAgentMinecraftForge for SecureJarResource(yungsapi)
[28Aug2026 02:32:26.346] [main/DEBUG] [mixin/]: MixinPlatformAgentMinecraftForge rejected container SecureJarResource(yungsapi)
[28Aug2026 02:32:26.346] [main/DEBUG] [mixin/]: Instancing new MixinPlatformAgentDefault for SecureJarResource(yungsapi)
[28Aug2026 02:32:26.347] [main/DEBUG] [mixin/]: MixinPlatformAgentDefault accepted container SecureJarResource(yungsapi)
[28Aug2026 02:32:26.347] [main/DEBUG] [mixin/]: Processing prepare() for PlatformAgent[MixinPlatformAgentDefault:SecureJarResource(yungsapi)]
[28Aug2026 02:32:26.347] [main/DEBUG] [mixin/]: Registering mixin config: yungsapi.mixins.json
[28Aug2026 02:32:26.350] [main/DEBUG] [mixin/]: Registering mixin config: yungsapi_forge.mixins.json
[28Aug2026 02:32:26.353] [main/DEBUG] [mixin/]: Adding mixin platform agents for container SecureJarResource(entityculling)
[28Aug2026 02:32:26.353] [main/DEBUG] [mixin/]: Instancing new MixinPlatformAgentMinecraftForge for SecureJarResource(entityculling)
[28Aug2026 02:32:26.353] [main/DEBUG] [mixin/]: MixinPlatformAgentMinecraftForge rejected container SecureJarResource(entityculling)
[28Aug2026 02:32:26.353] [main/DEBUG] [mixin/]: Instancing new MixinPlatformAgentDefault for SecureJarResource(entityculling)
[28Aug2026 02:32:26.353] [main/DEBUG] [mixin/]: MixinPlatformAgentDefault accepted container SecureJarResource(entityculling)
[28Aug2026 02:32:26.353] [main/DEBUG] [mixin/]: Processing prepare() for PlatformAgent[MixinPlatformAgentDefault:SecureJarResource(entityculling)]
[28Aug2026 02:32:26.353] [main/DEBUG] [mixin/]: Registering mixin config: entityculling.mixins.json
[28Aug2026 02:32:26.358] [main/DEBUG] [mixin/]: Compatibility level JAVA_16 specified by entityculling.mixins.json is higher than the maximum level supported by this version of mixin (JAVA_13).
[28Aug2026 02:32:26.358] [main/DEBUG] [mixin/]: Adding mixin platform agents for container SecureJarResource(glitchcore)
[28Aug2026 02:32:26.358] [main/DEBUG] [mixin/]: Instancing new MixinPlatformAgentMinecraftForge for SecureJarResource(glitchcore)
[28Aug2026 02:32:26.358] [main/DEBUG] [mixin/]: MixinPlatformAgentMinecraftForge rejected container SecureJarResource(glitchcore)
[28Aug2026 02:32:26.358] [main/DEBUG] [mixin/]: Instancing new MixinPlatformAgentDefault for SecureJarResource(glitchcore)
[28Aug2026 02:32:26.359] [main/DEBUG] [mixin/]: MixinPlatformAgentDefault accepted container SecureJarResource(glitchcore)
[28Aug2026 02:32:26.359] [main/DEBUG] [mixin/]: Processing prepare() for PlatformAgent[MixinPlatformAgentDefault:SecureJarResource(glitchcore)]
[28Aug2026 02:32:26.359] [main/DEBUG] [mixin/]: Registering mixin config: glitchcore.mixins.json
[28Aug2026 02:32:26.361] [main/DEBUG] [mixin/]: Registering mixin config: glitchcore.forge.mixins.json
[28Aug2026 02:32:26.362] [main/DEBUG] [mixin/]: Adding mixin platform agents for container SecureJarResource(biomesoplenty)
[28Aug2026 02:32:26.362] [main/DEBUG] [mixin/]: Instancing new MixinPlatformAgentMinecraftForge for SecureJarResource(biomesoplenty)
[28Aug2026 02:32:26.363] [main/DEBUG] [mixin/]: MixinPlatformAgentMinecraftForge rejected container SecureJarResource(biomesoplenty)
[28Aug2026 02:32:26.363] [main/DEBUG] [mixin/]: Instancing new MixinPlatformAgentDefault for SecureJarResource(biomesoplenty)
[28Aug2026 02:32:26.363] [main/DEBUG] [mixin/]: MixinPlatformAgentDefault accepted container SecureJarResource(biomesoplenty)
[28Aug2026 02:32:26.363] [main/DEBUG] [mixin/]: Processing prepare() for PlatformAgent[MixinPlatformAgentDefault:SecureJarResource(biomesoplenty)]
[28Aug2026 02:32:26.364] [main/DEBUG] [mixin/]: Registering mixin config: biomesoplenty.mixins.json
[28Aug2026 02:32:26.365] [main/DEBUG] [mixin/]: Registering mixin config: biomesoplenty.forge.mixins.json
[28Aug2026 02:32:26.366] [main/DEBUG] [mixin/]: Adding mixin platform agents for container SecureJarResource(immediatelyfast)
[28Aug2026 02:32:26.367] [main/DEBUG] [mixin/]: Instancing new MixinPlatformAgentMinecraftForge for SecureJarResource(immediatelyfast)
[28Aug2026 02:32:26.367] [main/DEBUG] [mixin/]: MixinPlatformAgentMinecraftForge rejected container SecureJarResource(immediatelyfast)
[28Aug2026 02:32:26.367] [main/DEBUG] [mixin/]: Instancing new MixinPlatformAgentDefault for SecureJarResource(immediatelyfast)
[28Aug2026 02:32:26.367] [main/DEBUG] [mixin/]: MixinPlatformAgentDefault accepted container SecureJarResource(immediatelyfast)
[28Aug2026 02:32:26.368] [main/DEBUG] [mixin/]: Processing prepare() for PlatformAgent[MixinPlatformAgentDefault:SecureJarResource(immediatelyfast)]
[28Aug2026 02:32:26.368] [main/DEBUG] [mixin/]: Registering mixin config: immediatelyfast-common.mixins.json
[28Aug2026 02:32:26.370] [main/DEBUG] [mixin/]: Registering mixin config: immediatelyfast-forge.mixins.json
[28Aug2026 02:32:26.371] [main/DEBUG] [mixin/]: Adding mixin platform agents for container SecureJarResource(starlight)
[28Aug2026 02:32:26.372] [main/DEBUG] [mixin/]: Instancing new MixinPlatformAgentMinecraftForge for SecureJarResource(starlight)
[28Aug2026 02:32:26.372] [main/DEBUG] [mixin/]: MixinPlatformAgentMinecraftForge rejected container SecureJarResource(starlight)
[28Aug2026 02:32:26.372] [main/DEBUG] [mixin/]: Instancing new MixinPlatformAgentDefault for SecureJarResource(starlight)
[28Aug2026 02:32:26.372] [main/DEBUG] [mixin/]: MixinPlatformAgentDefault accepted container SecureJarResource(starlight)
[28Aug2026 02:32:26.373] [main/DEBUG] [mixin/]: Processing prepare() for PlatformAgent[MixinPlatformAgentDefault:SecureJarResource(starlight)]
[28Aug2026 02:32:26.373] [main/DEBUG] [mixin/]: Registering mixin config: starlight.mixins.json
[28Aug2026 02:32:26.374] [main/DEBUG] [mixin/]: Adding mixin platform agents for container SecureJarResource(cfm)
[28Aug2026 02:32:26.374] [main/DEBUG] [mixin/]: Instancing new MixinPlatformAgentMinecraftForge for SecureJarResource(cfm)
[28Aug2026 02:32:26.375] [main/DEBUG] [mixin/]: MixinPlatformAgentMinecraftForge rejected container SecureJarResource(cfm)
[28Aug2026 02:32:26.375] [main/DEBUG] [mixin/]: Instancing new MixinPlatformAgentDefault for SecureJarResource(cfm)
[28Aug2026 02:32:26.375] [main/DEBUG] [mixin/]: MixinPlatformAgentDefault accepted container SecureJarResource(cfm)
[28Aug2026 02:32:26.375] [main/DEBUG] [mixin/]: Processing prepare() for PlatformAgent[MixinPlatformAgentDefault:SecureJarResource(cfm)]
[28Aug2026 02:32:26.376] [main/DEBUG] [mixin/]: Registering mixin config: cfm.mixins.json
[28Aug2026 02:32:26.377] [main/DEBUG] [mixin/]: Adding mixin platform agents for container SecureJarResource(ferritecore)
[28Aug2026 02:32:26.377] [main/DEBUG] [mixin/]: Instancing new MixinPlatformAgentMinecraftForge for SecureJarResource(ferritecore)
[28Aug2026 02:32:26.377] [main/DEBUG] [mixin/]: MixinPlatformAgentMinecraftForge rejected container SecureJarResource(ferritecore)
[28Aug2026 02:32:26.378] [main/DEBUG] [mixin/]: Instancing new MixinPlatformAgentDefault for SecureJarResource(ferritecore)
[28Aug2026 02:32:26.378] [main/DEBUG] [mixin/]: MixinPlatformAgentDefault accepted container SecureJarResource(ferritecore)
[28Aug2026 02:32:26.378] [main/DEBUG] [mixin/]: Processing prepare() for PlatformAgent[MixinPlatformAgentDefault:SecureJarResource(ferritecore)]
[28Aug2026 02:32:26.378] [main/DEBUG] [mixin/]: Registering mixin config: ferritecore.predicates.mixin.json
[28Aug2026 02:32:26.379] [main/DEBUG] [mixin/]: Registering mixin config: ferritecore.fastmap.mixin.json
[28Aug2026 02:32:26.380] [main/DEBUG] [mixin/]: Registering mixin config: ferritecore.mrl.mixin.json
[28Aug2026 02:32:26.382] [main/DEBUG] [mixin/]: Registering mixin config: ferritecore.dedupmultipart.mixin.json
[28Aug2026 02:32:26.384] [main/DEBUG] [mixin/]: Registering mixin config: ferritecore.blockstatecache.mixin.json
[28Aug2026 02:32:26.385] [main/DEBUG] [mixin/]: Registering mixin config: ferritecore.dedupbakedquad.mixin.json
[28Aug2026 02:32:26.387] [main/DEBUG] [mixin/]: Registering mixin config: ferritecore.threaddetec.mixin.json
[28Aug2026 02:32:26.388] [main/DEBUG] [mixin/]: Registering mixin config: ferritecore.modelsides.mixin.json
[28Aug2026 02:32:26.390] [main/DEBUG] [mixin/]: Adding mixin platform agents for container SecureJarResource(iceandfire)
[28Aug2026 02:32:26.390] [main/DEBUG] [mixin/]: Instancing new MixinPlatformAgentMinecraftForge for SecureJarResource(iceandfire)
[28Aug2026 02:32:26.390] [main/DEBUG] [mixin/]: MixinPlatformAgentMinecraftForge rejected container SecureJarResource(iceandfire)
[28Aug2026 02:32:26.390] [main/DEBUG] [mixin/]: Instancing new MixinPlatformAgentDefault for SecureJarResource(iceandfire)
[28Aug2026 02:32:26.391] [main/DEBUG] [mixin/]: MixinPlatformAgentDefault accepted container SecureJarResource(iceandfire)
[28Aug2026 02:32:26.391] [main/DEBUG] [mixin/]: Processing prepare() for PlatformAgent[MixinPlatformAgentDefault:SecureJarResource(iceandfire)]
[28Aug2026 02:32:26.391] [main/DEBUG] [mixin/]: Registering mixin config: iceandfire.mixins.json
[28Aug2026 02:32:26.392] [main/DEBUG] [mixin/]: Adding mixin platform agents for container SecureJarResource(transition)
[28Aug2026 02:32:26.393] [main/DEBUG] [mixin/]: Instancing new MixinPlatformAgentMinecraftForge for SecureJarResource(transition)
[28Aug2026 02:32:26.393] [main/DEBUG] [mixin/]: MixinPlatformAgentMinecraftForge rejected container SecureJarResource(transition)
[28Aug2026 02:32:26.393] [main/DEBUG] [mixin/]: Instancing new MixinPlatformAgentDefault for SecureJarResource(transition)
[28Aug2026 02:32:26.393] [main/DEBUG] [mixin/]: MixinPlatformAgentDefault accepted container SecureJarResource(transition)
[28Aug2026 02:32:26.393] [main/DEBUG] [mixin/]: Processing prepare() for PlatformAgent[MixinPlatformAgentDefault:SecureJarResource(transition)]
[28Aug2026 02:32:26.394] [main/DEBUG] [mixin/]: Registering mixin config: transition.mixins.json
[28Aug2026 02:32:26.395] [main/DEBUG] [mixin/]: Adding mixin platform agents for container SecureJarResource(framework)
[28Aug2026 02:32:26.395] [main/DEBUG] [mixin/]: Instancing new MixinPlatformAgentMinecraftForge for SecureJarResource(framework)
[28Aug2026 02:32:26.395] [main/DEBUG] [mixin/]: MixinPlatformAgentMinecraftForge rejected container SecureJarResource(framework)
[28Aug2026 02:32:26.395] [main/DEBUG] [mixin/]: Instancing new MixinPlatformAgentDefault for SecureJarResource(framework)
[28Aug2026 02:32:26.395] [main/DEBUG] [mixin/]: MixinPlatformAgentDefault accepted container SecureJarResource(framework)
[28Aug2026 02:32:26.395] [main/DEBUG] [mixin/]: Processing prepare() for PlatformAgent[MixinPlatformAgentDefault:SecureJarResource(framework)]
[28Aug2026 02:32:26.395] [main/DEBUG] [mixin/]: Adding mixin platform agents for container SecureJarResource(cloth_config)
[28Aug2026 02:32:26.395] [main/DEBUG] [mixin/]: Instancing new MixinPlatformAgentMinecraftForge for SecureJarResource(cloth_config)
[28Aug2026 02:32:26.395] [main/DEBUG] [mixin/]: MixinPlatformAgentMinecraftForge rejected container SecureJarResource(cloth_config)
[28Aug2026 02:32:26.395] [main/DEBUG] [mixin/]: Instancing new MixinPlatformAgentDefault for SecureJarResource(cloth_config)
[28Aug2026 02:32:26.395] [main/DEBUG] [mixin/]: MixinPlatformAgentDefault accepted container SecureJarResource(cloth_config)
[28Aug2026 02:32:26.395] [main/DEBUG] [mixin/]: Processing prepare() for PlatformAgent[MixinPlatformAgentDefault:SecureJarResource(cloth_config)]
[28Aug2026 02:32:26.396] [main/DEBUG] [mixin/]: Adding mixin platform agents for container SecureJarResource(forge)
[28Aug2026 02:32:26.396] [main/DEBUG] [mixin/]: Instancing new MixinPlatformAgentMinecraftForge for SecureJarResource(forge)
[28Aug2026 02:32:26.396] [main/DEBUG] [mixin/]: MixinPlatformAgentMinecraftForge rejected container SecureJarResource(forge)
[28Aug2026 02:32:26.396] [main/DEBUG] [mixin/]: Instancing new MixinPlatformAgentDefault for SecureJarResource(forge)
[28Aug2026 02:32:26.396] [main/DEBUG] [mixin/]: MixinPlatformAgentDefault accepted container SecureJarResource(forge)
[28Aug2026 02:32:26.396] [main/DEBUG] [mixin/]: Processing prepare() for PlatformAgent[MixinPlatformAgentDefault:SecureJarResource(forge)]
[28Aug2026 02:32:26.396] [main/DEBUG] [mixin/]: Adding mixin platform agents for container SecureJarResource(tlskincape)
[28Aug2026 02:32:26.396] [main/DEBUG] [mixin/]: Instancing new MixinPlatformAgentMinecraftForge for SecureJarResource(tlskincape)
[28Aug2026 02:32:26.396] [main/DEBUG] [mixin/]: MixinPlatformAgentMinecraftForge rejected container SecureJarResource(tlskincape)
[28Aug2026 02:32:26.397] [main/DEBUG] [mixin/]: Instancing new MixinPlatformAgentDefault for SecureJarResource(tlskincape)
[28Aug2026 02:32:26.397] [main/DEBUG] [mixin/]: MixinPlatformAgentDefault accepted container SecureJarResource(tlskincape)
[28Aug2026 02:32:26.397] [main/DEBUG] [mixin/]: Processing prepare() for PlatformAgent[MixinPlatformAgentDefault:SecureJarResource(tlskincape)]
[28Aug2026 02:32:26.397] [main/DEBUG] [mixin/]: Adding mixin platform agents for container SecureJarResource(journeymap_api)
[28Aug2026 02:32:26.397] [main/DEBUG] [mixin/]: Instancing new MixinPlatformAgentMinecraftForge for SecureJarResource(journeymap_api)
[28Aug2026 02:32:26.398] [main/DEBUG] [mixin/]: MixinPlatformAgentMinecraftForge rejected container SecureJarResource(journeymap_api)
[28Aug2026 02:32:26.398] [main/DEBUG] [mixin/]: Instancing new MixinPlatformAgentDefault for SecureJarResource(journeymap_api)
[28Aug2026 02:32:26.398] [main/DEBUG] [mixin/]: MixinPlatformAgentDefault accepted container SecureJarResource(journeymap_api)
[28Aug2026 02:32:26.398] [main/DEBUG] [mixin/]: Processing prepare() for PlatformAgent[MixinPlatformAgentDefault:SecureJarResource(journeymap_api)]
[28Aug2026 02:32:26.398] [main/DEBUG] [mixin/]: Adding mixin platform agents for container SecureJarResource(mclib)
[28Aug2026 02:32:26.398] [main/DEBUG] [mixin/]: Instancing new MixinPlatformAgentMinecraftForge for SecureJarResource(mclib)
[28Aug2026 02:32:26.399] [main/DEBUG] [mixin/]: MixinPlatformAgentMinecraftForge rejected container SecureJarResource(mclib)
[28Aug2026 02:32:26.399] [main/DEBUG] [mixin/]: Instancing new MixinPlatformAgentDefault for SecureJarResource(mclib)
[28Aug2026 02:32:26.399] [main/DEBUG] [mixin/]: MixinPlatformAgentDefault accepted container SecureJarResource(mclib)
[28Aug2026 02:32:26.399] [main/DEBUG] [mixin/]: Processing prepare() for PlatformAgent[MixinPlatformAgentDefault:SecureJarResource(mclib)]
[28Aug2026 02:32:26.399] [main/DEBUG] [mixin/]: Adding mixin platform agents for container SecureJarResource(pngj)
[28Aug2026 02:32:26.400] [main/DEBUG] [mixin/]: Instancing new MixinPlatformAgentMinecraftForge for SecureJarResource(pngj)
[28Aug2026 02:32:26.400] [main/DEBUG] [mixin/]: MixinPlatformAgentMinecraftForge rejected container SecureJarResource(pngj)
[28Aug2026 02:32:26.400] [main/DEBUG] [mixin/]: Instancing new MixinPlatformAgentDefault for SecureJarResource(pngj)
[28Aug2026 02:32:26.400] [main/DEBUG] [mixin/]: MixinPlatformAgentDefault accepted container SecureJarResource(pngj)
[28Aug2026 02:32:26.400] [main/DEBUG] [mixin/]: Processing prepare() for PlatformAgent[MixinPlatformAgentDefault:SecureJarResource(pngj)]
[28Aug2026 02:32:26.401] [main/DEBUG] [mixin/]: Adding mixin platform agents for container SecureJarResource(mixinextras)
[28Aug2026 02:32:26.401] [main/DEBUG] [mixin/]: Instancing new MixinPlatformAgentMinecraftForge for SecureJarResource(mixinextras)
[28Aug2026 02:32:26.401] [main/DEBUG] [mixin/]: MixinPlatformAgentMinecraftForge rejected container SecureJarResource(mixinextras)
[28Aug2026 02:32:26.401] [main/DEBUG] [mixin/]: Instancing new MixinPlatformAgentDefault for SecureJarResource(mixinextras)
[28Aug2026 02:32:26.401] [main/DEBUG] [mixin/]: MixinPlatformAgentDefault accepted container SecureJarResource(mixinextras)
[28Aug2026 02:32:26.401] [main/DEBUG] [mixin/]: Processing prepare() for PlatformAgent[MixinPlatformAgentDefault:SecureJarResource(mixinextras)]
[28Aug2026 02:32:26.401] [main/DEBUG] [mixin/]: Registering mixin config: mixinextras.init.mixins.json
[28Aug2026 02:32:26.403] [main/DEBUG] [mixin/]: Adding mixin platform agents for container SecureJarResource(MixinExtras)
[28Aug2026 02:32:26.403] [main/DEBUG] [mixin/]: Instancing new MixinPlatformAgentMinecraftForge for SecureJarResource(MixinExtras)
[28Aug2026 02:32:26.404] [main/DEBUG] [mixin/]: MixinPlatformAgentMinecraftForge rejected container SecureJarResource(MixinExtras)
[28Aug2026 02:32:26.404] [main/DEBUG] [mixin/]: Instancing new MixinPlatformAgentDefault for SecureJarResource(MixinExtras)
[28Aug2026 02:32:26.404] [main/DEBUG] [mixin/]: MixinPlatformAgentDefault accepted container SecureJarResource(MixinExtras)
[28Aug2026 02:32:26.404] [main/DEBUG] [mixin/]: Processing prepare() for PlatformAgent[MixinPlatformAgentDefault:SecureJarResource(MixinExtras)]
[28Aug2026 02:32:26.404] [main/DEBUG] [mixin/]: Adding mixin platform agents for container SecureJarResource(Reflect)
[28Aug2026 02:32:26.404] [main/DEBUG] [mixin/]: Instancing new MixinPlatformAgentMinecraftForge for SecureJarResource(Reflect)
[28Aug2026 02:32:26.405] [main/DEBUG] [mixin/]: MixinPlatformAgentMinecraftForge rejected container SecureJarResource(Reflect)
[28Aug2026 02:32:26.405] [main/DEBUG] [mixin/]: Instancing new MixinPlatformAgentDefault for SecureJarResource(Reflect)
[28Aug2026 02:32:26.405] [main/DEBUG] [mixin/]: MixinPlatformAgentDefault accepted container SecureJarResource(Reflect)
[28Aug2026 02:32:26.405] [main/DEBUG] [mixin/]: Processing prepare() for PlatformAgent[MixinPlatformAgentDefault:SecureJarResource(Reflect)]
[28Aug2026 02:32:26.405] [main/DEBUG] [mixin/]: inject() running with 40 agents
[28Aug2026 02:32:26.405] [main/DEBUG] [mixin/]: Processing inject() for PlatformAgent[MixinPlatformAgentDefault:ModLauncher Root Container(ModLauncher:4f56a0a2)]
[28Aug2026 02:32:26.405] [main/DEBUG] [mixin/]: Processing inject() for PlatformAgent[MixinPlatformAgentDefault:SecureJarResource(minecraft)]
[28Aug2026 02:32:26.405] [main/DEBUG] [mixin/]: Processing inject() for PlatformAgent[MixinPlatformAgentDefault:SecureJarResource(betterdungeons)]
[28Aug2026 02:32:26.405] [main/DEBUG] [mixin/]: Processing inject() for PlatformAgent[MixinPlatformAgentDefault:SecureJarResource(terrablender)]
[28Aug2026 02:32:26.405] [main/DEBUG] [mixin/]: Processing inject() for PlatformAgent[MixinPlatformAgentDefault:SecureJarResource(jade)]
[28Aug2026 02:32:26.405] [main/DEBUG] [mixin/]: Processing inject() for PlatformAgent[MixinPlatformAgentDefault:SecureJarResource(geckolib)]
[28Aug2026 02:32:26.405] [main/DEBUG] [mixin/]: Processing inject() for PlatformAgent[MixinPlatformAgentDefault:SecureJarResource(creativecore)]
[28Aug2026 02:32:26.405] [main/DEBUG] [mixin/]: Processing inject() for PlatformAgent[MixinPlatformAgentDefault:SecureJarResource(jei)]
[28Aug2026 02:32:26.405] [main/DEBUG] [mixin/]: Processing inject() for PlatformAgent[MixinPlatformAgentDefault:SecureJarResource(commonnetworking)]
[28Aug2026 02:32:26.405] [main/DEBUG] [mixin/]: Processing inject() for PlatformAgent[MixinPlatformAgentDefault:SecureJarResource(lionfishapi)]
[28Aug2026 02:32:26.406] [main/DEBUG] [mixin/]: Processing inject() for PlatformAgent[MixinPlatformAgentDefault:SecureJarResource(trender)]
[28Aug2026 02:32:26.406] [main/DEBUG] [mixin/]: Processing inject() for PlatformAgent[MixinPlatformAgentDefault:SecureJarResource(cataclysm)]
[28Aug2026 02:32:26.406] [main/DEBUG] [mixin/]: Processing inject() for PlatformAgent[MixinPlatformAgentDefault:SecureJarResource(curios)]
[28Aug2026 02:32:26.406] [main/DEBUG] [mixin/]: Processing inject() for PlatformAgent[MixinPlatformAgentDefault:SecureJarResource(journeymap)]
[28Aug2026 02:32:26.406] [main/DEBUG] [mixin/]: Processing inject() for PlatformAgent[MixinPlatformAgentDefault:SecureJarResource(trulydark)]
[28Aug2026 02:32:26.406] [main/DEBUG] [mixin/]: Processing inject() for PlatformAgent[MixinPlatformAgentDefault:SecureJarResource(modernfix)]
[28Aug2026 02:32:26.406] [main/DEBUG] [mixin/]: Processing inject() for PlatformAgent[MixinPlatformAgentDefault:SecureJarResource(citadel)]
[28Aug2026 02:32:26.406] [main/DEBUG] [mixin/]: Processing inject() for PlatformAgent[MixinPlatformAgentDefault:SecureJarResource(alexscaves)]
[28Aug2026 02:32:26.406] [main/DEBUG] [mixin/]: Processing inject() for PlatformAgent[MixinPlatformAgentDefault:SecureJarResource(alexsmobs)]
[28Aug2026 02:32:26.406] [main/DEBUG] [mixin/]: Processing inject() for PlatformAgent[MixinPlatformAgentDefault:SecureJarResource(horror_element_mod)]
[28Aug2026 02:32:26.406] [main/DEBUG] [mixin/]: Processing inject() for PlatformAgent[MixinPlatformAgentDefault:SecureJarResource(yungsapi)]
[28Aug2026 02:32:26.406] [main/DEBUG] [mixin/]: Processing inject() for PlatformAgent[MixinPlatformAgentDefault:SecureJarResource(entityculling)]
[28Aug2026 02:32:26.406] [main/DEBUG] [mixin/]: Processing inject() for PlatformAgent[MixinPlatformAgentDefault:SecureJarResource(glitchcore)]
[28Aug2026 02:32:26.406] [main/DEBUG] [mixin/]: Processing inject() for PlatformAgent[MixinPlatformAgentDefault:SecureJarResource(biomesoplenty)]
[28Aug2026 02:32:26.406] [main/DEBUG] [mixin/]: Processing inject() for PlatformAgent[MixinPlatformAgentDefault:SecureJarResource(immediatelyfast)]
[28Aug2026 02:32:26.406] [main/DEBUG] [mixin/]: Processing inject() for PlatformAgent[MixinPlatformAgentDefault:SecureJarResource(starlight)]
[28Aug2026 02:32:26.406] [main/DEBUG] [mixin/]: Processing inject() for PlatformAgent[MixinPlatformAgentDefault:SecureJarResource(cfm)]
[28Aug2026 02:32:26.406] [main/DEBUG] [mixin/]: Processing inject() for PlatformAgent[MixinPlatformAgentDefault:SecureJarResource(ferritecore)]
[28Aug2026 02:32:26.406] [main/DEBUG] [mixin/]: Processing inject() for PlatformAgent[MixinPlatformAgentDefault:SecureJarResource(iceandfire)]
[28Aug2026 02:32:26.407] [main/DEBUG] [mixin/]: Processing inject() for PlatformAgent[MixinPlatformAgentDefault:SecureJarResource(transition)]
[28Aug2026 02:32:26.407] [main/DEBUG] [mixin/]: Processing inject() for PlatformAgent[MixinPlatformAgentDefault:SecureJarResource(framework)]
[28Aug2026 02:32:26.407] [main/DEBUG] [mixin/]: Processing inject() for PlatformAgent[MixinPlatformAgentDefault:SecureJarResource(cloth_config)]
[28Aug2026 02:32:26.407] [main/DEBUG] [mixin/]: Processing inject() for PlatformAgent[MixinPlatformAgentDefault:SecureJarResource(forge)]
[28Aug2026 02:32:26.407] [main/DEBUG] [mixin/]: Processing inject() for PlatformAgent[MixinPlatformAgentDefault:SecureJarResource(tlskincape)]
[28Aug2026 02:32:26.407] [main/DEBUG] [mixin/]: Processing inject() for PlatformAgent[MixinPlatformAgentDefault:SecureJarResource(journeymap_api)]
[28Aug2026 02:32:26.407] [main/DEBUG] [mixin/]: Processing inject() for PlatformAgent[MixinPlatformAgentDefault:SecureJarResource(mclib)]
[28Aug2026 02:32:26.407] [main/DEBUG] [mixin/]: Processing inject() for PlatformAgent[MixinPlatformAgentDefault:SecureJarResource(pngj)]
[28Aug2026 02:32:26.407] [main/DEBUG] [mixin/]: Processing inject() for PlatformAgent[MixinPlatformAgentDefault:SecureJarResource(mixinextras)]
[28Aug2026 02:32:26.408] [main/DEBUG] [mixin/]: Processing inject() for PlatformAgent[MixinPlatformAgentDefault:SecureJarResource(MixinExtras)]
[28Aug2026 02:32:26.408] [main/DEBUG] [mixin/]: Processing inject() for PlatformAgent[MixinPlatformAgentDefault:SecureJarResource(Reflect)]
[28Aug2026 02:32:26.437] [main/DEBUG] [mixin/]: Error cleaning class output directory: .mixin.out
[28Aug2026 02:32:26.439] [main/DEBUG] [mixin/]: Preparing mixins for MixinEnvironment[PREINIT]
[28Aug2026 02:32:26.448] [main/INFO] [mixin/]: Successfully loaded Mixin Connector [ca.spottedleaf.starlight.mixin.MixinConnector]
[28Aug2026 02:32:26.450] [main/INFO] [mixin/]: Successfully loaded Mixin Connector [org.tlauncher.MixinConnector]
[28Aug2026 02:32:26.452] [main/DEBUG] [mixin/]: Compatibility level JAVA_16 specified by tlskincape-mixins.json is higher than the maximum level supported by this version of mixin (JAVA_13).
[28Aug2026 02:32:26.452] [main/INFO] [cpw.mods.modlauncher.LaunchServiceHandler/MODLAUNCHER]: Launching target 'forgeserver' with arguments [nogui]
[28Aug2026 02:32:26.455] [main/DEBUG] [mixin/]: Preparing mixins for MixinEnvironment[DEFAULT]
[28Aug2026 02:32:26.455] [main/DEBUG] [mixin/]: Selecting config betterdungeons.mixins.json
[28Aug2026 02:32:26.462] [main/DEBUG] [mixin/]: Selecting config betterdungeons_forge.mixins.json
[28Aug2026 02:32:26.464] [main/DEBUG] [mixin/]: Selecting config terrablender.mixins.json
[28Aug2026 02:32:26.465] [main/DEBUG] [mixin/]: Selecting config terrablender_forge.mixins.json
[28Aug2026 02:32:26.466] [main/DEBUG] [mixin/]: Selecting config jade.mixins.json
[28Aug2026 02:32:26.467] [main/DEBUG] [mixin/]: Selecting config geckolib.mixins.json
[28Aug2026 02:32:26.471] [main/DEBUG] [mixin/]: Selecting config creativecore.mixins.json
[28Aug2026 02:32:26.475] [main/DEBUG] [mixin/]: Selecting config creativecore.forge.mixins.json
[28Aug2026 02:32:26.476] [main/DEBUG] [mixin/]: Selecting config lionfishapi.mixins.json
[28Aug2026 02:32:26.477] [main/DEBUG] [mixin/]: Selecting config trender.mixins.json
[28Aug2026 02:32:26.505] [main/DEBUG] [mixin/]: Selecting config cataclysm.mixins.json
[28Aug2026 02:32:26.507] [main/DEBUG] [mixin/]: Selecting config curios.mixins.json
[28Aug2026 02:32:26.512] [main/DEBUG] [mixin/]: Selecting config journeymap.mixins.json
[28Aug2026 02:32:26.514] [main/DEBUG] [mixin/]: Selecting config journeymap.forge.mixins.json
[28Aug2026 02:32:26.521] [main/DEBUG] [mixin/]: Selecting config trulydark.json
[28Aug2026 02:32:26.523] [main/DEBUG] [mixin/]: Selecting config trulydark.client.json
[28Aug2026 02:32:26.527] [main/DEBUG] [mixin/]: Selecting config modernfix-modernfix.mixins.json
[28Aug2026 02:32:26.817] [main/INFO] [ModernFix/]: Loaded configuration file for ModernFix 5.27.66+mc1.20.1: 110 options available, 0 override(s) found
[28Aug2026 02:32:26.818] [main/INFO] [ModernFix/]: Applying Nashorn fix
[28Aug2026 02:32:26.837] [main/INFO] [ModernFix/]: Applied Forge config corruption patch
[28Aug2026 02:32:26.867] [main/DEBUG] [mixin/]: Selecting config citadel.mixins.json
[28Aug2026 02:32:26.877] [main/DEBUG] [mixin/]: Selecting config alexscaves.mixins.json
[28Aug2026 02:32:26.883] [main/DEBUG] [mixin/]: Selecting config yungsapi.mixins.json
[28Aug2026 02:32:26.887] [main/DEBUG] [mixin/]: Selecting config yungsapi_forge.mixins.json
[28Aug2026 02:32:26.891] [main/DEBUG] [mixin/]: Selecting config entityculling.mixins.json
[28Aug2026 02:32:26.893] [main/DEBUG] [mixin/]: Selecting config glitchcore.mixins.json
[28Aug2026 02:32:26.895] [main/DEBUG] [mixin/]: Selecting config glitchcore.forge.mixins.json
[28Aug2026 02:32:26.898] [main/DEBUG] [mixin/]: Selecting config biomesoplenty.mixins.json
[28Aug2026 02:32:26.899] [main/DEBUG] [mixin/]: Selecting config biomesoplenty.forge.mixins.json
[28Aug2026 02:32:26.903] [main/DEBUG] [mixin/]: Selecting config immediatelyfast-common.mixins.json
[28Aug2026 02:32:26.926] [main/DEBUG] [mixin/]: Selecting config immediatelyfast-forge.mixins.json
[28Aug2026 02:32:26.928] [main/DEBUG] [mixin/]: Selecting config starlight.mixins.json
[28Aug2026 02:32:26.930] [main/DEBUG] [mixin/]: Selecting config cfm.mixins.json
[28Aug2026 02:32:26.931] [main/DEBUG] [mixin/]: Selecting config ferritecore.predicates.mixin.json
[28Aug2026 02:32:26.950] [main/DEBUG] [mixin/]: Selecting config ferritecore.fastmap.mixin.json
[28Aug2026 02:32:26.955] [main/DEBUG] [mixin/]: Selecting config ferritecore.mrl.mixin.json
[28Aug2026 02:32:26.957] [main/DEBUG] [mixin/]: Selecting config ferritecore.dedupmultipart.mixin.json
[28Aug2026 02:32:26.959] [main/DEBUG] [mixin/]: Selecting config ferritecore.blockstatecache.mixin.json
[28Aug2026 02:32:26.961] [main/DEBUG] [mixin/]: Selecting config ferritecore.dedupbakedquad.mixin.json
[28Aug2026 02:32:26.963] [main/DEBUG] [mixin/]: Selecting config ferritecore.threaddetec.mixin.json
[28Aug2026 02:32:26.965] [main/DEBUG] [mixin/]: Selecting config ferritecore.modelsides.mixin.json
[28Aug2026 02:32:26.967] [main/DEBUG] [mixin/]: Selecting config iceandfire.mixins.json
[28Aug2026 02:32:26.968] [main/DEBUG] [mixin/]: Selecting config transition.mixins.json
[28Aug2026 02:32:26.969] [main/DEBUG] [mixin/]: Selecting config mixinextras.init.mixins.json
[28Aug2026 02:32:27.008] [main/DEBUG] [MixinExtras|Service/]: com.llamalad7.mixinextras.service.MixinExtrasServiceImpl(version=0.5.3) is taking over from null
[28Aug2026 02:32:27.050] [main/DEBUG] [mixin/]: Registering new injector for @Inject with org.spongepowered.asm.mixin.injection.struct.CallbackInjectionInfo
[28Aug2026 02:32:27.051] [main/DEBUG] [mixin/]: Registering new injector for @ModifyArg with org.spongepowered.asm.mixin.injection.struct.ModifyArgInjectionInfo
[28Aug2026 02:32:27.052] [main/DEBUG] [mixin/]: Registering new injector for @ModifyArgs with org.spongepowered.asm.mixin.injection.struct.ModifyArgsInjectionInfo
[28Aug2026 02:32:27.056] [main/DEBUG] [mixin/]: Registering new injector for @Redirect with org.spongepowered.asm.mixin.injection.struct.RedirectInjectionInfo
[28Aug2026 02:32:27.059] [main/DEBUG] [mixin/]: Registering new injector for @ModifyVariable with org.spongepowered.asm.mixin.injection.struct.ModifyVariableInjectionInfo
[28Aug2026 02:32:27.061] [main/DEBUG] [mixin/]: Registering new injector for @ModifyConstant with org.spongepowered.asm.mixin.injection.struct.ModifyConstantInjectionInfo
[28Aug2026 02:32:27.075] [main/DEBUG] [mixin/]: Selecting config tlskincape-mixins.json
[28Aug2026 02:32:27.077] [main/DEBUG] [mixin/]: Preparing betterdungeons.mixins.json (8)
[28Aug2026 02:32:27.118] [main/DEBUG] [net.minecraftforge.coremod.transformer.CoreModBaseTransformer/COREMOD]: Transforming net/minecraft/world/level/levelgen/structure/templatesystem/StructureTemplate
[28Aug2026 02:32:27.641] [main/DEBUG] [mixin/]: Preparing betterdungeons_forge.mixins.json (0)
[28Aug2026 02:32:27.644] [main/DEBUG] [mixin/]: Preparing terrablender.mixins.json (7)
[28Aug2026 02:32:27.696] [main/DEBUG] [mixin/]: Preparing terrablender_forge.mixins.json (0)
[28Aug2026 02:32:27.696] [main/DEBUG] [mixin/]: Preparing jade.mixins.json (2)
[28Aug2026 02:32:27.696] [main/DEBUG] [mixin/]: Preparing geckolib.mixins.json (1)
[28Aug2026 02:32:27.696] [main/DEBUG] [mixin/]: Preparing creativecore.mixins.json (8)
[28Aug2026 02:32:27.715] [main/DEBUG] [mixin/]: Preparing creativecore.forge.mixins.json (3)
[28Aug2026 02:32:27.716] [main/DEBUG] [mixin/]: Preparing lionfishapi.mixins.json (2)
[28Aug2026 02:32:27.765] [main/DEBUG] [mixin/]: Preparing trender.mixins.json (2)
[28Aug2026 02:32:27.766] [main/DEBUG] [mixin/]: Preparing cataclysm.mixins.json (25)
[28Aug2026 02:32:27.828] [main/DEBUG] [mixin/]: Preparing curios.mixins.json (13)
[28Aug2026 02:32:27.857] [main/DEBUG] [mixin/]: Preparing journeymap.mixins.json (36)
[28Aug2026 02:32:27.886] [main/DEBUG] [mixin/]: Preparing journeymap.forge.mixins.json (3)
[28Aug2026 02:32:27.886] [main/DEBUG] [mixin/]: Preparing trulydark.json (2)
[28Aug2026 02:32:27.889] [main/DEBUG] [mixin/]: Preparing trulydark.client.json (11)
[28Aug2026 02:32:27.890] [main/DEBUG] [mixin/]: Preparing modernfix-modernfix.mixins.json (196)
[28Aug2026 02:32:27.890] [main/DEBUG] [ModernFix/]: Skipping mixin devenv.GameDataMixin: disabled by configuration
[28Aug2026 02:32:27.891] [main/DEBUG] [ModernFix/]: Applying mixin bugfix.removed_dimensions.LevelStorageSourceMixin
[28Aug2026 02:32:27.893] [main/DEBUG] [ModernFix/]: Applying mixin bugfix.chunk_deadlock.ServerChunkCache_CurrentLoadingMixin
[28Aug2026 02:32:27.894] [main/DEBUG] [ModernFix/]: Applying mixin bugfix.chunk_deadlock.ChunkMapLoadMixin
[28Aug2026 02:32:27.894] [main/DEBUG] [ModernFix/]: Applying mixin bugfix.chunk_deadlock.EntityMixin
[28Aug2026 02:32:27.895] [main/DEBUG] [ModernFix/]: Applying mixin bugfix.registry_ops_cme.RegistryOpsMemoizedMixin
[28Aug2026 02:32:27.898] [main/DEBUG] [ModernFix/]: Skipping mixin bugfix.unsafe_modded_shape_caches.ShapeCacheCyclicMixin: disabled for mod compat (cyclic)
[28Aug2026 02:32:27.901] [main/DEBUG] [ModernFix/]: Skipping mixin bugfix.unsafe_modded_shape_caches.ShapeCacheRSMixin: disabled for mod compat (refinedstorage)
[28Aug2026 02:32:27.902] [main/DEBUG] [ModernFix/]: Applying mixin bugfix.paper_chunk_patches.SortedArraySetMixin
[28Aug2026 02:32:27.902] [main/DEBUG] [ModernFix/]: Applying mixin bugfix.paper_chunk_patches.ChunkMapMixin
[28Aug2026 02:32:27.903] [main/DEBUG] [ModernFix/]: Skipping mixin bugfix.cofh_core_crash.FlagManagerMixin: disabled for mod compat (cofh_core)
[28Aug2026 02:32:27.903] [main/DEBUG] [ModernFix/]: Skipping mixin bugfix.restore_old_dragon_movement.EnderDragonMixin: disabled by configuration
[28Aug2026 02:32:27.904] [main/DEBUG] [ModernFix/]: Applying mixin bugfix.forge_vehicle_packets.ServerGamePacketListenerImplMixin
[28Aug2026 02:32:27.904] [main/DEBUG] [ModernFix/]: Applying mixin bugfix.concurrency.NamespacedWrapperMixin
[28Aug2026 02:32:27.905] [main/DEBUG] [ModernFix/]: Applying mixin bugfix.concurrency.MappedRegistryMixin
[28Aug2026 02:32:27.905] [main/DEBUG] [ModernFix/]: Applying mixin bugfix.concurrency.ForgeRegistryTagManagerMixin
[28Aug2026 02:32:27.906] [main/DEBUG] [ModernFix/]: Applying mixin feature.measure_time.SimpleReloadInstanceMixin
[28Aug2026 02:32:27.906] [main/DEBUG] [ModernFix/]: Applying mixin feature.measure_time.AddReloadListenerEventWrapperMixin
[28Aug2026 02:32:27.907] [main/DEBUG] [ModernFix/]: Applying mixin feature.measure_time.BootstrapMixin
[28Aug2026 02:32:27.907] [main/DEBUG] [ModernFix/]: Applying mixin feature.measure_time.WorldLoaderMixin
[28Aug2026 02:32:27.908] [main/DEBUG] [ModernFix/]: Applying mixin feature.measure_time.ProfiledReloadInstanceMixin
[28Aug2026 02:32:27.909] [main/DEBUG] [ModernFix/]: Applying mixin feature.mcfunction_profiling.ServerFunctionManagerMixin
[28Aug2026 02:32:27.909] [main/DEBUG] [ModernFix/]: Applying mixin feature.branding.BrandingControlMixin
[28Aug2026 02:32:27.910] [main/DEBUG] [ModernFix/]: Skipping mixin feature.blockentity_incorrect_thread.ChunkAccessMixin: disabled by configuration
[28Aug2026 02:32:27.910] [main/DEBUG] [ModernFix/]: Skipping mixin feature.blockentity_incorrect_thread.LevelThreadAccessor: disabled by configuration
[28Aug2026 02:32:27.911] [main/DEBUG] [ModernFix/]: Skipping mixin feature.cause_lag_by_disabling_threads.UtilMixin: disabled by configuration
[28Aug2026 02:32:27.911] [main/DEBUG] [ModernFix/]: Applying mixin core.BootstrapMixin
[28Aug2026 02:32:27.912] [main/DEBUG] [ModernFix/]: Applying mixin core.MinecraftServerMixin
[28Aug2026 02:32:27.912] [main/DEBUG] [ModernFix/]: Applying mixin core.WorldLoaderMixin
[28Aug2026 02:32:27.913] [main/DEBUG] [ModernFix/]: Applying mixin core.PalettedContainerMixin
[28Aug2026 02:32:27.913] [main/DEBUG] [ModernFix/]: Applying mixin core.NetworkHooksMixin
[28Aug2026 02:32:27.913] [main/DEBUG] [ModernFix/]: Applying mixin core.GameDataMixin
[28Aug2026 02:32:27.914] [main/DEBUG] [ModernFix/]: Applying mixin core.CrashReportAnalyserMixin
[28Aug2026 02:32:27.914] [main/DEBUG] [ModernFix/]: Applying mixin perf.memoize_creative_tab_build.CreativeModeTabMixin
[28Aug2026 02:32:27.915] [main/DEBUG] [ModernFix/]: Skipping mixin perf.ingredient_item_deduplication.IngredientMixin: disabled for mod compat ([feature level: requires BETA])
[28Aug2026 02:32:27.915] [main/DEBUG] [ModernFix/]: Skipping mixin perf.ingredient_item_deduplication.IngredientItemValueMixin: disabled for mod compat ([feature level: requires BETA])
[28Aug2026 02:32:27.916] [main/DEBUG] [ModernFix/]: Applying mixin perf.fix_loop_spin_waiting.MinecraftServerMixin
[28Aug2026 02:32:27.916] [main/DEBUG] [ModernFix/]: Applying mixin perf.tag_id_caching.TagEntryMixin
[28Aug2026 02:32:27.917] [main/DEBUG] [ModernFix/]: Applying mixin perf.tag_id_caching.TagOrElementLocationMixin
[28Aug2026 02:32:27.917] [main/DEBUG] [ModernFix/]: Applying mixin perf.optimize_surface_rules.SurfaceRulesContextMixin
[28Aug2026 02:32:27.918] [main/DEBUG] [ModernFix/]: Skipping mixin perf.optimize_surface_rules.NamespacedSurfaceRuleSourceMixin: disabled for mod compat ([feature level: requires BETA])
[28Aug2026 02:32:27.918] [main/DEBUG] [ModernFix/]: Applying mixin perf.optimize_surface_rules.BiomeManagerAccessor
[28Aug2026 02:32:27.919] [main/DEBUG] [ModernFix/]: Applying mixin perf.optimize_surface_rules.SurfaceSystemMixin
[28Aug2026 02:32:27.920] [main/DEBUG] [ModernFix/]: Applying mixin perf.optimize_surface_rules.NoiseBasedChunkGeneratorMixin
[28Aug2026 02:32:27.921] [main/DEBUG] [ModernFix/]: Applying mixin perf.optimize_surface_rules.BiomeConditionSourceMixin
[28Aug2026 02:32:27.921] [main/DEBUG] [ModernFix/]: Applying mixin perf.compact_imposterprotochunks.ChunkAccessMixin
[28Aug2026 02:32:27.922] [main/DEBUG] [ModernFix/]: Applying mixin perf.compact_imposterprotochunks.ImposterProtoChunkMixin
[28Aug2026 02:32:27.922] [main/DEBUG] [ModernFix/]: Applying mixin perf.smart_ingredient_sync.IngredientMixin
[28Aug2026 02:32:27.923] [main/DEBUG] [ModernFix/]: Applying mixin perf.smart_ingredient_sync.PlayerListMixin
[28Aug2026 02:32:27.923] [main/DEBUG] [ModernFix/]: Applying mixin perf.smart_ingredient_sync.ConnectionMixin
[28Aug2026 02:32:27.924] [main/DEBUG] [ModernFix/]: Applying mixin perf.ticking_chunk_alloc.ChunkHolderMixin
[28Aug2026 02:32:27.925] [main/DEBUG] [ModernFix/]: Applying mixin perf.ticking_chunk_alloc.BatMixin
[28Aug2026 02:32:27.925] [main/DEBUG] [ModernFix/]: Applying mixin perf.ticking_chunk_alloc.ChunkAccessMixin
[28Aug2026 02:32:27.926] [main/DEBUG] [ModernFix/]: Applying mixin perf.faster_ingredients.ForgeHooksMixin
[28Aug2026 02:32:27.927] [main/DEBUG] [ModernFix/]: Applying mixin perf.faster_ingredients.IngredientMixin
[28Aug2026 02:32:27.927] [main/DEBUG] [ModernFix/]: Skipping mixin perf.faster_ingredients.CofhIngredientWithCountMixin: disabled for mod compat (cofh_core)
[28Aug2026 02:32:27.928] [main/DEBUG] [ModernFix/]: Applying mixin perf.forge_registry_alloc.DelegateHolderMixin
[28Aug2026 02:32:27.928] [main/DEBUG] [ModernFix/]: Applying mixin perf.forge_registry_alloc.DelegateHolderMixin
[28Aug2026 02:32:27.928] [main/DEBUG] [ModernFix/]: Applying mixin perf.forge_registry_alloc.DebugLevelSourceMixin
[28Aug2026 02:32:27.929] [main/DEBUG] [ModernFix/]: Applying mixin perf.forge_registry_alloc.ForgeRegistryMixin
[28Aug2026 02:32:27.930] [main/DEBUG] [ModernFix/]: Applying mixin perf.worldgen_allocation.SurfaceRulesContextMixin
[28Aug2026 02:32:27.930] [main/DEBUG] [ModernFix/]: Applying mixin perf.worldgen_allocation.SurfaceRulesMixin
[28Aug2026 02:32:27.930] [main/DEBUG] [ModernFix/]: Applying mixin perf.worldgen_allocation.SurfaceRulesMixin
[28Aug2026 02:32:27.931] [main/DEBUG] [ModernFix/]: Applying mixin perf.worldgen_allocation.SurfaceRulesMixin
[28Aug2026 02:32:27.931] [main/DEBUG] [ModernFix/]: Applying mixin perf.worldgen_allocation.SurfaceRulesMixin
[28Aug2026 02:32:27.931] [main/DEBUG] [ModernFix/]: Applying mixin perf.worldgen_allocation.SurfaceRulesMixin
[28Aug2026 02:32:27.931] [main/DEBUG] [ModernFix/]: Applying mixin perf.worldgen_allocation.SequenceRuleMixin
[28Aug2026 02:32:27.932] [main/DEBUG] [ModernFix/]: Applying mixin perf.worldgen_allocation.NoiseChunkMixin
[28Aug2026 02:32:27.932] [main/DEBUG] [ModernFix/]: Applying mixin perf.worldgen_allocation.MaterialRuleListMixin
[28Aug2026 02:32:27.933] [main/DEBUG] [ModernFix/]: Applying mixin perf.compact_mojang_registries.BlockStateDataMixin
[28Aug2026 02:32:27.933] [main/DEBUG] [ModernFix/]: Applying mixin perf.compact_mojang_registries.MappedRegistryMixin
[28Aug2026 02:32:27.934] [main/DEBUG] [ModernFix/]: Applying mixin perf.compact_mojang_registries.VanillaRegistriesMixin
[28Aug2026 02:32:27.934] [main/DEBUG] [ModernFix/]: Applying mixin perf.cache_blockstate_cache_arrays.AbstractBlockStateCacheMixin
[28Aug2026 02:32:27.935] [main/DEBUG] [ModernFix/]: Applying mixin perf.release_protochunks.ChunkHolderMixin
[28Aug2026 02:32:27.936] [main/DEBUG] [ModernFix/]: Applying mixin perf.release_protochunks.ChunkMapMixin
[28Aug2026 02:32:27.937] [main/DEBUG] [ModernFix/]: Applying mixin perf.release_protochunks.ImposterProtoChunkMixin
[28Aug2026 02:32:27.937] [main/DEBUG] [ModernFix/]: Applying mixin perf.attribute_supplier_dedup.AttributeSupplierBuilderMixin
[28Aug2026 02:32:27.938] [main/DEBUG] [ModernFix/]: Applying mixin perf.attribute_supplier_dedup.AttributeSupplierMixin
[28Aug2026 02:32:27.938] [main/DEBUG] [ModernFix/]: Applying mixin perf.object_holder_cleanup.GameDataMixin
[28Aug2026 02:32:27.939] [main/DEBUG] [ModernFix/]: Applying mixin perf.compact_bit_storage.PalettedContainerMixin
[28Aug2026 02:32:27.939] [main/DEBUG] [ModernFix/]: Applying mixin perf.forge_registry_lambda.RegistryObjectMixin
[28Aug2026 02:32:27.940] [main/DEBUG] [ModernFix/]: Applying mixin perf.faster_structure_location.ServerLevelMixin
[28Aug2026 02:32:27.940] [main/DEBUG] [ModernFix/]: Applying mixin perf.faster_structure_location.StructureCheckMixin
[28Aug2026 02:32:27.941] [main/DEBUG] [ModernFix/]: Skipping mixin perf.dynamic_resources.ForgeHooksClientMixin: disabled by configuration
[28Aug2026 02:32:27.942] [main/DEBUG] [ModernFix/]: Skipping mixin perf.faster_loot_loading.ForgeHooksMixin: disabled for mod compat ([feature level: requires BETA])
[28Aug2026 02:32:27.942] [main/DEBUG] [ModernFix/]: Skipping mixin perf.faster_loot_loading.LootDataManagerMixin: disabled for mod compat ([feature level: requires BETA])
[28Aug2026 02:32:27.943] [main/DEBUG] [ModernFix/]: Applying mixin perf.faster_capabilities.CapabilityDispatcherMixin
[28Aug2026 02:32:27.944] [main/DEBUG] [ModernFix/]: Skipping mixin perf.faster_capabilities.bytecode_analysis.AttachCapabilitiesEventMixin: disabled for mod compat ([feature level: requires BETA])
[28Aug2026 02:32:27.944] [main/DEBUG] [ModernFix/]: Skipping mixin perf.faster_capabilities.bytecode_analysis.ForgeEventFactoryMixin: disabled for mod compat ([feature level: requires BETA])
[28Aug2026 02:32:27.945] [main/DEBUG] [ModernFix/]: Applying mixin perf.datapack_reload_exceptions.RecipeManagerMixin
[28Aug2026 02:32:27.945] [main/DEBUG] [ModernFix/]: Applying mixin perf.fix_handshake_stall.HandshakeHandlerMixin
[28Aug2026 02:32:27.946] [main/DEBUG] [ModernFix/]: Skipping mixin perf.resourcepacks.FilePackResourcesMixin: disabled for mod compat ([feature level: requires BETA])
[28Aug2026 02:32:27.946] [main/DEBUG] [ModernFix/]: Applying mixin perf.resourcepacks.MinecraftServerMixin
[28Aug2026 02:32:27.947] [main/DEBUG] [ModernFix/]: Applying mixin perf.resourcepacks.ForgePathPackResourcesMixin
[28Aug2026 02:32:27.948] [main/DEBUG] [ModernFix/]: Applying mixin perf.cache_upgraded_structures.StructureManagerMixin
[28Aug2026 02:32:27.948] [main/DEBUG] [ModernFix/]: Applying mixin perf.mojang_registry_size.MappedRegistryMixin
[28Aug2026 02:32:27.949] [main/DEBUG] [ModernFix/]: Skipping mixin perf.mojang_registry_size.StateHolderMixin: disabled for mod compat (!ferritecore)
[28Aug2026 02:32:27.949] [main/DEBUG] [ModernFix/]: Applying mixin perf.state_definition_construct.StateDefinitionMixin
[28Aug2026 02:32:27.950] [main/DEBUG] [ModernFix/]: Applying mixin perf.remove_biome_temperature_cache.BiomeMixin
[28Aug2026 02:32:27.950] [main/DEBUG] [ModernFix/]: Skipping mixin perf.remove_spawn_chunks.SortedArraySetMixin: disabled by configuration
[28Aug2026 02:32:27.951] [main/DEBUG] [ModernFix/]: Skipping mixin perf.remove_spawn_chunks.ServerPlayerMixin: disabled by configuration
[28Aug2026 02:32:27.951] [main/DEBUG] [ModernFix/]: Skipping mixin perf.remove_spawn_chunks.EntityMixin: disabled by configuration
[28Aug2026 02:32:27.952] [main/DEBUG] [ModernFix/]: Skipping mixin perf.remove_spawn_chunks.MinecraftServerMixin: disabled by configuration
[28Aug2026 02:32:27.952] [main/DEBUG] [ModernFix/]: Skipping mixin perf.remove_spawn_chunks.ServerLevelMixin: disabled by configuration
[28Aug2026 02:32:27.953] [main/DEBUG] [ModernFix/]: Skipping mixin perf.remove_spawn_chunks.PlayerListMixin: disabled by configuration
[28Aug2026 02:32:27.953] [main/DEBUG] [ModernFix/]: Applying mixin perf.model_optimizations.PropertyMixin
[28Aug2026 02:32:27.954] [main/DEBUG] [ModernFix/]: Applying mixin perf.model_optimizations.BooleanPropertyMixin
[28Aug2026 02:32:27.954] [main/DEBUG] [ModernFix/]: Applying mixin perf.reduce_blockstate_cache_rebuilds.BlockCallbacksMixin
[28Aug2026 02:32:27.955] [main/DEBUG] [ModernFix/]: Applying mixin perf.reduce_blockstate_cache_rebuilds.BlockStateBaseMixin
[28Aug2026 02:32:27.955] [main/DEBUG] [ModernFix/]: Applying mixin perf.reduce_blockstate_cache_rebuilds.BlocksMixin
[28Aug2026 02:32:27.955] [main/DEBUG] [ModernFix/]: Applying mixin perf.potential_spawns_alloc.ForgeEventFactoryMixin
[28Aug2026 02:32:27.956] [main/DEBUG] [ModernFix/]: Applying mixin perf.potential_spawns_alloc.PotentialSpawnsMixin
[28Aug2026 02:32:27.957] [main/DEBUG] [ModernFix/]: Applying mixin perf.thread_priorities.UtilMixin
[28Aug2026 02:32:27.957] [main/DEBUG] [ModernFix/]: Applying mixin perf.dynamic_dfu.BlockEntityTypeMixin
[28Aug2026 02:32:27.957] [main/DEBUG] [ModernFix/]: Applying mixin perf.dynamic_dfu.DataFixTypesMixin
[28Aug2026 02:32:27.958] [main/DEBUG] [ModernFix/]: Applying mixin perf.dynamic_dfu.DataFixersMixin
[28Aug2026 02:32:27.960] [main/DEBUG] [ModernFix/]: Applying mixin perf.dynamic_dfu.EntityTypeBuilderMixin
[28Aug2026 02:32:27.961] [main/DEBUG] [ModernFix/]: Applying mixin perf.dedicated_reload_executor.MinecraftServerMixin
[28Aug2026 02:32:27.962] [main/DEBUG] [ModernFix/]: Skipping mixin perf.cache_strongholds.ConcentricRingsStructurePlacementMixin: disabled for mod compat ([feature level: requires BETA])
[28Aug2026 02:32:27.962] [main/DEBUG] [ModernFix/]: Applying mixin perf.cache_strongholds.ServerLevelMixin
[28Aug2026 02:32:27.964] [main/DEBUG] [ModernFix/]: Applying mixin perf.cache_strongholds.ChunkGeneratorMixin
[28Aug2026 02:32:27.966] [main/DEBUG] [ModernFix/]: Applying mixin perf.fast_registry_validation.ForgeRegistryMixin
[28Aug2026 02:32:27.967] [main/DEBUG] [ModernFix/]: Applying mixin perf.forge_cap_retrieval.AttachCapabilitiesEventMixin
[28Aug2026 02:32:27.967] [main/DEBUG] [ModernFix/]: Applying mixin perf.forge_cap_retrieval.LivingEntityMixin
[28Aug2026 02:32:27.968] [main/DEBUG] [ModernFix/]: Applying mixin perf.deduplicate_wall_shapes.WallBlockMixin
[28Aug2026 02:32:27.968] [main/DEBUG] [ModernFix/]: Applying mixin perf.dynamic_structure_manager.StructureManagerMixin
[28Aug2026 02:32:27.968] [main/DEBUG] [ModernFix/]: Applying mixin perf.fast_forge_dummies.NamespacedHolderHelperMixin
[28Aug2026 02:32:27.970] [main/DEBUG] [ModernFix/]: Skipping mixin perf.kubejs.RecipeEventJSMixin: disabled for mod compat (kubejs)
[28Aug2026 02:32:28.087] [main/DEBUG] [mixin/]: @Mixin target net/minecraft/world/level/levelgen/SurfaceRules$Context is public in modernfix-modernfix.mixins.json:perf.worldgen_allocation.SurfaceRulesContextMixin and should be specified in value
[28Aug2026 02:32:28.161] [main/DEBUG] [net.minecraftforge.coremod.transformer.CoreModBaseTransformer/COREMOD]: Transforming net/minecraft/world/level/biome/Biome
[28Aug2026 02:32:28.233] [main/DEBUG] [mixin/]: Preparing citadel.mixins.json (16)
[28Aug2026 02:32:28.249] [main/DEBUG] [mixin/]: Preparing alexscaves.mixins.json (52)
[28Aug2026 02:32:28.300] [main/DEBUG] [net.minecraftforge.coremod.transformer.CoreModBaseTransformer/COREMOD]: Transforming net/minecraft/world/level/NaturalSpawner
[28Aug2026 02:32:28.451] [main/DEBUG] [net.minecraftforge.coremod.transformer.CoreModBaseTransformer/COREMOD]: Transforming net/minecraft/world/level/levelgen/structure/structures/SwampHutPiece
[28Aug2026 02:32:28.480] [main/DEBUG] [mixin/]: Preparing yungsapi.mixins.json (11)
[28Aug2026 02:32:28.489] [main/DEBUG] [yungsapi/]: Loaded com.yungnickyoung.minecraft.yungsapi.services.ForgePlatformHelper@6ac45c0c for service interface com.yungnickyoung.minecraft.yungsapi.services.IPlatformHelper
[28Aug2026 02:32:28.491] [main/DEBUG] [yungsapi/]: Loaded com.yungnickyoung.minecraft.yungsapi.services.ForgeAutoRegisterHelper@38159384 for service interface com.yungnickyoung.minecraft.yungsapi.services.IAutoRegisterHelper
[28Aug2026 02:32:28.492] [main/DEBUG] [yungsapi/]: Loaded com.yungnickyoung.minecraft.yungsapi.services.ForgeBlockEntityTypeHelper@130cfc47 for service interface com.yungnickyoung.minecraft.yungsapi.services.IBlockEntityTypeHelper
[28Aug2026 02:32:28.492] [main/DEBUG] [yungsapi/]: Loaded com.yungnickyoung.minecraft.yungsapi.services.ForgeParticleTypeHelper@55361f03 for service interface com.yungnickyoung.minecraft.yungsapi.services.IParticleTypeHelper
[28Aug2026 02:32:28.508] [main/DEBUG] [mixin/]: Preparing yungsapi_forge.mixins.json (1)
[28Aug2026 02:32:28.508] [main/DEBUG] [mixin/]: Preparing entityculling.mixins.json (9)
[28Aug2026 02:32:28.509] [main/DEBUG] [mixin/]: Preparing glitchcore.mixins.json (4)
[28Aug2026 02:32:28.514] [main/DEBUG] [net.minecraftforge.coremod.transformer.CoreModBaseTransformer/COREMOD]: Transforming net/minecraft/world/item/ItemStack
[28Aug2026 02:32:28.536] [main/DEBUG] [mixin/]: Preparing glitchcore.forge.mixins.json (7)
[28Aug2026 02:32:28.539] [main/DEBUG] [mixin/]: Preparing biomesoplenty.mixins.json (0)
[28Aug2026 02:32:28.539] [main/DEBUG] [mixin/]: Preparing biomesoplenty.forge.mixins.json (2)
[28Aug2026 02:32:28.541] [main/DEBUG] [mixin/]: Preparing immediatelyfast-common.mixins.json (33)
[28Aug2026 02:32:28.541] [main/DEBUG] [mixin/]: Preparing immediatelyfast-forge.mixins.json (6)
[28Aug2026 02:32:28.542] [main/DEBUG] [mixin/]: Preparing starlight.mixins.json (13)
[28Aug2026 02:32:28.556] [main/DEBUG] [mixin/]: Preparing cfm.mixins.json (2)
[28Aug2026 02:32:28.558] [main/DEBUG] [mixin/]: Preparing ferritecore.predicates.mixin.json (3)
[28Aug2026 02:32:28.558] [main/DEBUG] [mixin/]: Preparing ferritecore.fastmap.mixin.json (1)
[28Aug2026 02:32:28.560] [main/DEBUG] [mixin/]: Preparing ferritecore.mrl.mixin.json (2)
[28Aug2026 02:32:28.561] [main/DEBUG] [mixin/]: Preparing ferritecore.dedupmultipart.mixin.json (2)
[28Aug2026 02:32:28.561] [main/DEBUG] [mixin/]: Preparing ferritecore.blockstatecache.mixin.json (8)
[28Aug2026 02:32:28.571] [main/DEBUG] [mixin/]: @Mixin target net/minecraft/world/level/block/state/BlockBehaviour$BlockStateBase$Cache is public in ferritecore.blockstatecache.mixin.json:BlockStateCacheMixin and should be specified in value
[28Aug2026 02:32:28.573] [main/DEBUG] [mixin/]: Preparing ferritecore.dedupbakedquad.mixin.json (2)
[28Aug2026 02:32:28.574] [main/DEBUG] [mixin/]: Preparing ferritecore.threaddetec.mixin.json (1)
[28Aug2026 02:32:28.574] [main/DEBUG] [mixin/]: Preparing ferritecore.modelsides.mixin.json (1)
[28Aug2026 02:32:28.574] [main/DEBUG] [mixin/]: Preparing iceandfire.mixins.json (2)
[28Aug2026 02:32:28.575] [main/DEBUG] [mixin/]: Preparing transition.mixins.json (7)
[28Aug2026 02:32:28.575] [main/DEBUG] [mixin/]: Preparing mixinextras.init.mixins.json (0)
[28Aug2026 02:32:28.576] [main/DEBUG] [mixin/]: Preparing tlskincape-mixins.json (4)
[28Aug2026 02:32:28.577] [main/ERROR] [net.minecraftforge.fml.loading.RuntimeDistCleaner/DISTXFORM]: Attempted to load class net/minecraft/client/player/AbstractClientPlayer for invalid dist DEDICATED_SERVER
[28Aug2026 02:32:28.578] [main/WARN] [mixin/]: Error loading class: net/minecraft/client/player/AbstractClientPlayer (java.lang.RuntimeException: Attempted to load class net/minecraft/client/player/AbstractClientPlayer for invalid dist DEDICATED_SERVER)
[28Aug2026 02:32:28.579] [main/WARN] [mixin/]: @Mixin target net.minecraft.client.player.AbstractClientPlayer was not found tlskincape-mixins.json:MixinAbstractPlayer
[28Aug2026 02:32:28.580] [main/ERROR] [net.minecraftforge.fml.loading.RuntimeDistCleaner/DISTXFORM]: Attempted to load class net/minecraft/client/gui/screens/TitleScreen for invalid dist DEDICATED_SERVER
[28Aug2026 02:32:28.581] [main/WARN] [mixin/]: Error loading class: net/minecraft/client/gui/screens/TitleScreen (java.lang.RuntimeException: Attempted to load class net/minecraft/client/gui/screens/TitleScreen for invalid dist DEDICATED_SERVER)
[28Aug2026 02:32:28.581] [main/WARN] [mixin/]: @Mixin target net.minecraft.client.gui.screens.TitleScreen was not found tlskincape-mixins.json:MixinMainMenu
[28Aug2026 02:32:28.583] [main/WARN] [mixin/]: Error loading class: net/minecraft/client/model/PlayerModel (java.lang.ClassNotFoundException: net.minecraft.client.model.PlayerModel)
[28Aug2026 02:32:28.583] [main/WARN] [mixin/]: @Mixin target net.minecraft.client.model.PlayerModel was not found tlskincape-mixins.json:MixinPlayerModel
[28Aug2026 02:32:28.649] [main/DEBUG] [mixin/]: Inner class org/embeddedt/modernfix/common/mixin/perf/forge_registry_alloc/DebugLevelSourceMixin$1 in org/embeddedt/modernfix/common/mixin/perf/forge_registry_alloc/DebugLevelSourceMixin on net/minecraft/world/level/levelgen/DebugLevelSource gets unique name net/minecraft/world/level/levelgen/DebugLevelSource$Anonymous$4827f5bb94984cc5814f01700e1d53ee
[28Aug2026 02:32:28.689] [main/DEBUG] [mixin/]: Inner class glitchcore/forge/mixin/impl/MixinPacketHandler$1 in glitchcore/forge/mixin/impl/MixinPacketHandler on glitchcore/network/PacketHandler gets unique name glitchcore/network/PacketHandler$Anonymous$6c90c249aa774c3680da5b4c59841081
[28Aug2026 02:32:28.699] [main/DEBUG] [mixin/]: Prepared 236 mixins in 2.241 sec (9.5ms avg) (0ms load, 0ms transform, 0ms plugin)
[28Aug2026 02:32:28.713] [main/INFO] [MixinExtras|Service/]: Initializing MixinExtras via com.llamalad7.mixinextras.service.MixinExtrasServiceImpl(version=0.5.3).
[28Aug2026 02:32:28.715] [main/DEBUG] [mixin/]: Registering new injector for @SugarWrapper with com.llamalad7.mixinextras.sugar.impl.SugarWrapperInjectionInfo
[28Aug2026 02:32:28.716] [main/DEBUG] [mixin/]: Registering new injector for @FactoryRedirectWrapper with com.llamalad7.mixinextras.wrapper.factory.FactoryRedirectWrapperInjectionInfo
[28Aug2026 02:32:28.717] [main/DEBUG] [mixin/]: Registering new injector for @ExpressionInjectorWrapper with com.llamalad7.mixinextras.expression.impl.wrapper.ExpressionInjectorWrapperInjectionInfo
[28Aug2026 02:32:28.731] [main/DEBUG] [mixin/]: Mixing perf.fix_loop_spin_waiting.MinecraftServerMixin from modernfix-modernfix.mixins.json into net.minecraft.server.MinecraftServer
[28Aug2026 02:32:28.744] [main/DEBUG] [mixin/]: Mixing core.MinecraftServerMixin from modernfix-modernfix.mixins.json into net.minecraft.server.MinecraftServer
[28Aug2026 02:32:28.746] [main/DEBUG] [mixin/]: Renaming synthetic method lambda$mfix$endReloadTrack$0(Ljava/lang/Void;)V to md4a51de$lambda$mfix$endReloadTrack$0$0 in modernfix-modernfix.mixins.json:core.MinecraftServerMixin
[28Aug2026 02:32:28.757] [main/DEBUG] [mixin/]: Mixing perf.resourcepacks.MinecraftServerMixin from modernfix-modernfix.mixins.json into net.minecraft.server.MinecraftServer
[28Aug2026 02:32:28.771] [main/DEBUG] [mixin/]: Mixing perf.dedicated_reload_executor.MinecraftServerMixin from modernfix-modernfix.mixins.json into net.minecraft.server.MinecraftServer
[28Aug2026 02:32:28.772] [main/DEBUG] [mixin/]: Mixing MinecraftServerMixin from citadel.mixins.json into net.minecraft.server.MinecraftServer
[28Aug2026 02:32:28.941] [main/DEBUG] [io.netty.util.internal.logging.InternalLoggerFactory/]: Using SLF4J as the default logging framework
[28Aug2026 02:32:28.944] [main/DEBUG] [io.netty.util.ResourceLeakDetector/]: -Dio.netty.leakDetection.level: simple
[28Aug2026 02:32:28.945] [main/DEBUG] [io.netty.util.ResourceLeakDetector/]: -Dio.netty.leakDetection.targetRecords: 4
[28Aug2026 02:32:29.030] [main/DEBUG] [mixin/]: Mixing perf.tag_id_caching.TagOrElementLocationMixin from modernfix-modernfix.mixins.json into net.minecraft.util.ExtraCodecs$TagOrElementLocation
[28Aug2026 02:32:29.119] [main/DEBUG] [oshi.util.FileUtil/]: No oshi.properties file found from ClassLoader cpw.mods.modlauncher.TransformingClassLoader@5377414a
[28Aug2026 02:32:29.120] [main/DEBUG] [oshi.util.FileUtil/]: No oshi.properties file found from ClassLoader jdk.internal.loader.ClassLoaders$AppClassLoader@76ed5528
[28Aug2026 02:32:29.247] [main/DEBUG] [oshi.util.FileUtil/]: Reading file /proc/self/auxv
[28Aug2026 02:32:29.248] [main/DEBUG] [oshi.util.FileUtil/]: Reading file /proc/self/auxv
[28Aug2026 02:32:29.256] [main/DEBUG] [oshi.util.FileUtil/]: Reading file /proc/stat
[28Aug2026 02:32:29.265] [main/DEBUG] [oshi.util.FileUtil/]: Reading file /sys/devices/system/cpu/cpu0/topology/core_id
[28Aug2026 02:32:29.265] [main/DEBUG] [oshi.util.FileUtil/]: Reading file /sys/devices/system/cpu/cpu0/topology/core_id
[28Aug2026 02:32:29.266] [main/DEBUG] [oshi.util.FileUtil/]: Reading file /sys/devices/system/cpu/cpu0/topology/physical_package_id
[28Aug2026 02:32:29.266] [main/DEBUG] [oshi.util.FileUtil/]: Reading file /sys/devices/system/cpu/cpu0/topology/physical_package_id
[28Aug2026 02:32:29.267] [main/DEBUG] [oshi.util.FileUtil/]: Reading file /sys/devices/system/cpu/cpu0/cpu_capacity
[28Aug2026 02:32:29.268] [main/DEBUG] [oshi.util.FileUtil/]: Reading file /sys/devices/system/cpu/cpu1/topology/core_id
[28Aug2026 02:32:29.269] [main/DEBUG] [oshi.util.FileUtil/]: Reading file /sys/devices/system/cpu/cpu1/topology/core_id
[28Aug2026 02:32:29.269] [main/DEBUG] [oshi.util.FileUtil/]: Reading file /sys/devices/system/cpu/cpu1/topology/physical_package_id
[28Aug2026 02:32:29.269] [main/DEBUG] [oshi.util.FileUtil/]: Reading file /sys/devices/system/cpu/cpu1/topology/physical_package_id
[28Aug2026 02:32:29.270] [main/DEBUG] [oshi.util.FileUtil/]: Reading file /sys/devices/system/cpu/cpu1/cpu_capacity
[28Aug2026 02:32:29.270] [main/DEBUG] [oshi.util.FileUtil/]: Reading file /sys/devices/system/cpu/cpu2/topology/core_id
[28Aug2026 02:32:29.271] [main/DEBUG] [oshi.util.FileUtil/]: Reading file /sys/devices/system/cpu/cpu2/topology/core_id
[28Aug2026 02:32:29.271] [main/DEBUG] [oshi.util.FileUtil/]: Reading file /sys/devices/system/cpu/cpu2/topology/physical_package_id
[28Aug2026 02:32:29.271] [main/DEBUG] [oshi.util.FileUtil/]: Reading file /sys/devices/system/cpu/cpu2/topology/physical_package_id
[28Aug2026 02:32:29.272] [main/DEBUG] [oshi.util.FileUtil/]: Reading file /sys/devices/system/cpu/cpu2/cpu_capacity
[28Aug2026 02:32:29.272] [main/DEBUG] [oshi.util.FileUtil/]: Reading file /sys/devices/system/cpu/cpu3/topology/core_id
[28Aug2026 02:32:29.273] [main/DEBUG] [oshi.util.FileUtil/]: Reading file /sys/devices/system/cpu/cpu3/topology/core_id
[28Aug2026 02:32:29.273] [main/DEBUG] [oshi.util.FileUtil/]: Reading file /sys/devices/system/cpu/cpu3/topology/physical_package_id
[28Aug2026 02:32:29.273] [main/DEBUG] [oshi.util.FileUtil/]: Reading file /sys/devices/system/cpu/cpu3/topology/physical_package_id
[28Aug2026 02:32:29.274] [main/DEBUG] [oshi.util.FileUtil/]: Reading file /sys/devices/system/cpu/cpu3/cpu_capacity
[28Aug2026 02:32:29.276] [main/DEBUG] [oshi.util.FileUtil/]: Reading file /proc/cpuinfo
[28Aug2026 02:32:29.285] [main/DEBUG] [oshi.util.FileUtil/]: Reading file /proc/self/auxv
[28Aug2026 02:32:29.288] [main/DEBUG] [oshi.util.FileUtil/]: No oshi.architecture.properties file found from ClassLoader cpw.mods.modlauncher.TransformingClassLoader@5377414a
[28Aug2026 02:32:29.289] [main/DEBUG] [oshi.util.FileUtil/]: No oshi.architecture.properties file found from ClassLoader jdk.internal.loader.ClassLoaders$AppClassLoader@76ed5528
[28Aug2026 02:32:29.304] [main/DEBUG] [oshi.util.FileUtil/]: Reading file /proc/meminfo
[28Aug2026 02:32:29.305] [main/DEBUG] [oshi.util.FileUtil/]: Reading file /proc/meminfo
[28Aug2026 02:32:29.309] [main/DEBUG] [mixin/]: Mixing perf.thread_priorities.UtilMixin from modernfix-modernfix.mixins.json into net.minecraft.Util
[28Aug2026 02:32:29.310] [main/DEBUG] [mixin/]: Renaming synthetic method lambda$adjustPriorityOfThreadFactory$0(Ljava/util/concurrent/ForkJoinPool$ForkJoinWorkerThreadFactory;Ljava/util/concurrent/ForkJoinPool;)Ljava/util/concurrent/ForkJoinWorkerThread; to md4a51de$lambda$adjustPriorityOfThreadFactory$0$0 in modernfix-modernfix.mixins.json:perf.thread_priorities.UtilMixin
[28Aug2026 02:32:29.368] [main/DEBUG] [mixin/]: Mixing feature.measure_time.BootstrapMixin from modernfix-modernfix.mixins.json into net.minecraft.server.Bootstrap
[28Aug2026 02:32:29.373] [main/DEBUG] [mixin/]: Mixing core.BootstrapMixin from modernfix-modernfix.mixins.json into net.minecraft.server.Bootstrap
[28Aug2026 02:32:29.391] [main/INFO] [net.minecraft.server.Bootstrap/]: ModernFix reached bootstrap stage (8.997 s after launch)
[28Aug2026 02:32:29.424] [main/DEBUG] [mixin/]: Mixing MixinBuiltInRegistries from terrablender.mixins.json into net.minecraft.core.registries.BuiltInRegistries
[28Aug2026 02:32:29.427] [main/DEBUG] [mixin/]: Renaming synthetic method lambda$registerSimple$0(Lnet/minecraft/core/registries/BuiltInRegistries$RegistryBootstrap;Lnet/minecraft/core/Registry;)Ljava/lang/Object; to md4a51de$lambda$registerSimple$0$0 in terrablender.mixins.json:MixinBuiltInRegistries
[28Aug2026 02:32:29.466] [main/DEBUG] [mixin/]: Mixing bugfix.concurrency.MappedRegistryMixin from modernfix-modernfix.mixins.json into net.minecraft.core.MappedRegistry
[28Aug2026 02:32:29.477] [main/DEBUG] [mixin/]: Mixing perf.compact_mojang_registries.MappedRegistryMixin from modernfix-modernfix.mixins.json into net.minecraft.core.MappedRegistry
[28Aug2026 02:32:29.488] [main/DEBUG] [mixin/]: Mixing perf.mojang_registry_size.MappedRegistryMixin from modernfix-modernfix.mixins.json into net.minecraft.core.MappedRegistry
[28Aug2026 02:32:29.603] [main/DEBUG] [mixin/]: Mixing core.GameDataMixin from modernfix-modernfix.mixins.json into net.minecraftforge.registries.GameData
[28Aug2026 02:32:29.605] [main/DEBUG] [mixin/]: Mixing perf.object_holder_cleanup.GameDataMixin from modernfix-modernfix.mixins.json into net.minecraftforge.registries.GameData
[28Aug2026 02:32:29.624] [main/DEBUG] [mixin/]: Mixing perf.forge_registry_alloc.ForgeRegistryMixin from modernfix-modernfix.mixins.json into net.minecraftforge.registries.ForgeRegistry
[28Aug2026 02:32:29.652] [main/DEBUG] [mixin/]: Mixing perf.fast_registry_validation.ForgeRegistryMixin from modernfix-modernfix.mixins.json into net.minecraftforge.registries.ForgeRegistry
[28Aug2026 02:32:29.660] [main/WARN] [mixin/]: @Final field delegatesByName:Ljava/util/Map; in modernfix-modernfix.mixins.json:perf.forge_registry_alloc.ForgeRegistryMixin should be final
[28Aug2026 02:32:29.661] [main/WARN] [mixin/]: @Final field delegatesByValue:Ljava/util/Map; in modernfix-modernfix.mixins.json:perf.forge_registry_alloc.ForgeRegistryMixin should be final
[28Aug2026 02:32:29.702] [main/DEBUG] [mixin/]: Mixing perf.reduce_blockstate_cache_rebuilds.BlockCallbacksMixin from modernfix-modernfix.mixins.json into net.minecraftforge.registries.GameData$BlockCallbacks
[28Aug2026 02:32:29.713] [main/DEBUG] [mixin/]: Mixing perf.forge_registry_alloc.DelegateHolderMixin from modernfix-modernfix.mixins.json into net.minecraft.world.level.block.Block
[28Aug2026 02:32:29.734] [main/DEBUG] [mixin/]: Mixing perf.reduce_blockstate_cache_rebuilds.BlockStateBaseMixin from modernfix-modernfix.mixins.json into net.minecraft.world.level.block.state.BlockBehaviour$BlockStateBase
[28Aug2026 02:32:29.747] [main/DEBUG] [mixin/]: Mixing common.blockstate.BlockStateBaseMixin from starlight.mixins.json into net.minecraft.world.level.block.state.BlockBehaviour$BlockStateBase
[28Aug2026 02:32:29.750] [main/DEBUG] [mixin/]: Mixing BlockStateBaseMixin from ferritecore.blockstatecache.mixin.json into net.minecraft.world.level.block.state.BlockBehaviour$BlockStateBase
[28Aug2026 02:32:29.778] [main/INFO] [ModernFix/]: Injecting BlockStateBase cache population hook into getOpacityIfCached from ca.spottedleaf.starlight.mixin.common.blockstate.BlockStateBaseMixin
[28Aug2026 02:32:29.779] [main/INFO] [ModernFix/]: Injecting BlockStateBase cache population hook into isConditionallyFullOpaque from ca.spottedleaf.starlight.mixin.common.blockstate.BlockStateBaseMixin
[28Aug2026 02:32:29.784] [main/DEBUG] [mixin/]: Mixing FastMapStateHolderMixin from ferritecore.fastmap.mixin.json into net.minecraft.world.level.block.state.StateHolder
[28Aug2026 02:32:29.802] [main/DEBUG] [mixin/]: Mixing perf.model_optimizations.PropertyMixin from modernfix-modernfix.mixins.json into net.minecraft.world.level.block.state.properties.Property
[28Aug2026 02:32:29.825] [main/DEBUG] [mixin/]: Mixing EntityMixin from lionfishapi.mixins.json into net.minecraft.world.entity.Entity
[28Aug2026 02:32:29.864] [main/DEBUG] [mixin/]: Mixing AccessorEntity from curios.mixins.json into net.minecraft.world.entity.Entity
[28Aug2026 02:32:29.877] [main/DEBUG] [mixin/]: Mixing bugfix.chunk_deadlock.EntityMixin from modernfix-modernfix.mixins.json into net.minecraft.world.entity.Entity
[28Aug2026 02:32:29.887] [main/DEBUG] [mixin/]: Mixing EntityMixin from alexscaves.mixins.json into net.minecraft.world.entity.Entity
[28Aug2026 02:32:29.943] [main/DEBUG] [net.minecraftforge.coremod.transformer.CoreModBaseTransformer/COREMOD]: Transforming net/minecraft/world/entity/EntityType
[28Aug2026 02:32:30.142] [main/DEBUG] [mixin/]: Mixing LivingEntityMixin from cataclysm.mixins.json into net.minecraft.world.entity.LivingEntity
[28Aug2026 02:32:30.152] [main/DEBUG] [net.minecraftforge.coremod.transformer.CoreModBaseTransformer/COREMOD]: Transforming net/minecraft/world/effect/MobEffectInstance
[28Aug2026 02:32:30.171] [main/DEBUG] [mixin/]: Mixing MixinLivingEntity from curios.mixins.json into net.minecraft.world.entity.LivingEntity
[28Aug2026 02:32:30.174] [main/DEBUG] [mixin/]: Mixing perf.forge_cap_retrieval.LivingEntityMixin from modernfix-modernfix.mixins.json into net.minecraft.world.entity.LivingEntity
[28Aug2026 02:32:30.175] [main/DEBUG] [mixin/]: Mixing LivingEntityMixin from citadel.mixins.json into net.minecraft.world.entity.LivingEntity
[28Aug2026 02:32:30.185] [main/DEBUG] [mixin/]: Mixing LivingEntityMixin from alexscaves.mixins.json into net.minecraft.world.entity.LivingEntity
[28Aug2026 02:32:30.303] [main/DEBUG] [mixin/]: Mixing perf.model_optimizations.BooleanPropertyMixin from modernfix-modernfix.mixins.json into net.minecraft.world.level.block.state.properties.BooleanProperty
[28Aug2026 02:32:30.315] [main/DEBUG] [mixin/]: Mixing LevelMixin from citadel.mixins.json into net.minecraft.world.level.Level
[28Aug2026 02:32:30.319] [main/DEBUG] [mixin/]: Mixing common.world.LevelMixin from starlight.mixins.json into net.minecraft.world.level.Level
[28Aug2026 02:32:30.355] [main/DEBUG] [mixin/]: Mixing perf.faster_structure_location.ServerLevelMixin from modernfix-modernfix.mixins.json into net.minecraft.server.level.ServerLevel
[28Aug2026 02:32:30.356] [main/DEBUG] [mixin/]: Mixing perf.cache_strongholds.ServerLevelMixin from modernfix-modernfix.mixins.json into net.minecraft.server.level.ServerLevel
[28Aug2026 02:32:30.358] [main/DEBUG] [mixin/]: Mixing ServerLevelMixin from citadel.mixins.json into net.minecraft.server.level.ServerLevel
[28Aug2026 02:32:30.360] [main/DEBUG] [mixin/]: Mixing MixinServerLevel from glitchcore.mixins.json into net.minecraft.server.level.ServerLevel
[28Aug2026 02:32:30.362] [main/DEBUG] [mixin/]: Mixing common.world.ServerWorldMixin from starlight.mixins.json into net.minecraft.server.level.ServerLevel
[28Aug2026 02:32:30.420] [main/DEBUG] [mixin/]: Mixing ItemMixin from cataclysm.mixins.json into net.minecraft.world.entity.item.ItemEntity
[28Aug2026 02:32:30.436] [main/DEBUG] [mixin/]: Mixing PlayerMixin from alexscaves.mixins.json into net.minecraft.world.entity.player.Player
[28Aug2026 02:32:30.443] [main/DEBUG] [mixin/]: Mixing MixinPlayer from tlskincape-mixins.json into net.minecraft.world.entity.player.Player
[28Aug2026 02:32:30.444] [main/DEBUG] [mixin/]: tlskincape-mixins.json:MixinPlayer: Class version 61 required is higher than the class version supported by the current version of Mixin (JAVA_16 supports class version 60)
[28Aug2026 02:32:30.481] [main/DEBUG] [mixin/]: Mixing bugfix.concurrency.ForgeRegistryTagManagerMixin from modernfix-modernfix.mixins.json into net.minecraftforge.registries.ForgeRegistryTagManager
[28Aug2026 02:32:30.499] [main/DEBUG] [mixin/]: Mixing bugfix.concurrency.NamespacedWrapperMixin from modernfix-modernfix.mixins.json into net.minecraftforge.registries.NamespacedWrapper
[28Aug2026 02:32:30.502] [main/DEBUG] [mixin/]: Mixing perf.fast_forge_dummies.NamespacedHolderHelperMixin from modernfix-modernfix.mixins.json into net.minecraftforge.registries.NamespacedWrapper
[28Aug2026 02:32:30.550] [main/DEBUG] [mixin/]: Mixing perf.forge_registry_alloc.DelegateHolderMixin from modernfix-modernfix.mixins.json into net.minecraft.world.item.Item
[28Aug2026 02:32:30.560] [main/DEBUG] [net.minecraftforge.coremod.transformer.CoreModBaseTransformer/COREMOD]: Transforming net/minecraft/world/entity/EntityType
[28Aug2026 02:32:30.656] [main/DEBUG] [mixin/]: Mixing perf.dynamic_dfu.BlockEntityTypeMixin from modernfix-modernfix.mixins.json into net.minecraft.world.level.block.entity.BlockEntityType
[28Aug2026 02:32:30.662] [main/DEBUG] [mixin/]: Mixing ChunkStatusMixin from alexscaves.mixins.json into net.minecraft.world.level.chunk.ChunkStatus
[28Aug2026 02:32:30.727] [main/DEBUG] [mixin/]: Mixing perf.memoize_creative_tab_build.CreativeModeTabMixin from modernfix-modernfix.mixins.json into net.minecraft.world.item.CreativeModeTab
[28Aug2026 02:32:30.761] [main/DEBUG] [mixin/]: Mixing ShapesMixin from creativecore.mixins.json into net.minecraft.world.phys.shapes.Shapes
[28Aug2026 02:32:30.798] [main/DEBUG] [mixin/]: Mixing DiscreteVSAccess from ferritecore.blockstatecache.mixin.json into net.minecraft.world.phys.shapes.DiscreteVoxelShape
[28Aug2026 02:32:30.803] [main/DEBUG] [mixin/]: Mixing BitSetDVSAccess from ferritecore.blockstatecache.mixin.json into net.minecraft.world.phys.shapes.BitSetDiscreteVoxelShape
[28Aug2026 02:32:30.808] [main/DEBUG] [mixin/]: Mixing VoxelShapeAccessor from creativecore.mixins.json into net.minecraft.world.phys.shapes.VoxelShape
[28Aug2026 02:32:30.808] [main/DEBUG] [mixin/]: Mixing VoxelShapeAccess from ferritecore.blockstatecache.mixin.json into net.minecraft.world.phys.shapes.VoxelShape
[28Aug2026 02:32:30.809] [main/DEBUG] [mixin/]: Unexpected: Registered method setShape(Lnet/minecraft/world/phys/shapes/DiscreteVoxelShape;)V in net.minecraft.world.phys.shapes.VoxelShape was not merged
[28Aug2026 02:32:30.812] [main/DEBUG] [mixin/]: Mixing ArrayVSAccess from ferritecore.blockstatecache.mixin.json into net.minecraft.world.phys.shapes.ArrayVoxelShape
[28Aug2026 02:32:30.820] [main/DEBUG] [mixin/]: Mixing SliceShapeAccess from ferritecore.blockstatecache.mixin.json into net.minecraft.world.phys.shapes.SliceShape
[28Aug2026 02:32:30.845] [main/DEBUG] [mixin/]: Mixing NoteBlockInstrumentMixin from cataclysm.mixins.json into net.minecraft.world.level.block.state.properties.NoteBlockInstrument
[28Aug2026 02:32:30.846] [main/DEBUG] [mixin/]: Renaming @Invoker method newInstrument(Ljava/lang/String;ILjava/lang/String;Lnet/minecraft/core/Holder;Lnet/minecraft/world/level/block/state/properties/NoteBlockInstrument$Type;)Lnet/minecraft/world/level/block/state/properties/NoteBlockInstrument; to newInstrument_$md$4a51de$0 in cataclysm.mixins.json:NoteBlockInstrumentMixin
[28Aug2026 02:32:30.954] [main/INFO] [net.minecraft.server.Bootstrap/]: Vanilla bootstrap took 1530 milliseconds
[28Aug2026 02:32:30.984] [main/DEBUG] [io.netty.util.internal.PlatformDependent0/]: -Dio.netty.noUnsafe: false
[28Aug2026 02:32:30.985] [main/DEBUG] [io.netty.util.internal.PlatformDependent0/]: Java version: 17
[28Aug2026 02:32:30.986] [main/DEBUG] [io.netty.util.internal.PlatformDependent0/]: sun.misc.Unsafe.theUnsafe: available
[28Aug2026 02:32:30.986] [main/DEBUG] [io.netty.util.internal.PlatformDependent0/]: sun.misc.Unsafe.copyMemory: available
[28Aug2026 02:32:30.987] [main/DEBUG] [io.netty.util.internal.PlatformDependent0/]: sun.misc.Unsafe.storeFence: available
[28Aug2026 02:32:30.987] [main/DEBUG] [io.netty.util.internal.PlatformDependent0/]: java.nio.Buffer.address: available
[28Aug2026 02:32:30.988] [main/DEBUG] [io.netty.util.internal.PlatformDependent0/]: direct buffer constructor: unavailable
java.lang.UnsupportedOperationException: Reflective setAccessible(true) disabled
	at io.netty.util.internal.ReflectionUtil.trySetAccessible(ReflectionUtil.java:31) ~[netty-common-4.1.82.Final.jar%2382!/:4.1.82.Final]
	at io.netty.util.internal.PlatformDependent0$5.run(PlatformDependent0.java:288) ~[netty-common-4.1.82.Final.jar%2382!/:4.1.82.Final]
	at java.security.AccessController.doPrivileged(AccessController.java:318) ~[?:?]
	at io.netty.util.internal.PlatformDependent0.<clinit>(PlatformDependent0.java:282) ~[netty-common-4.1.82.Final.jar%2382!/:4.1.82.Final]
	at io.netty.util.internal.PlatformDependent.isAndroid(PlatformDependent.java:333) ~[netty-common-4.1.82.Final.jar%2382!/:4.1.82.Final]
	at io.netty.util.internal.PlatformDependent.<clinit>(PlatformDependent.java:88) ~[netty-common-4.1.82.Final.jar%2382!/:4.1.82.Final]
	at io.netty.util.ConstantPool.<init>(ConstantPool.java:34) ~[netty-common-4.1.82.Final.jar%2382!/:4.1.82.Final]
	at io.netty.util.AttributeKey$1.<init>(AttributeKey.java:27) ~[netty-common-4.1.82.Final.jar%2382!/:4.1.82.Final]
	at io.netty.util.AttributeKey.<clinit>(AttributeKey.java:27) ~[netty-common-4.1.82.Final.jar%2382!/:4.1.82.Final]
	at net.minecraftforge.network.NetworkConstants.<clinit>(NetworkConstants.java:34) ~[forge-1.20.1-47.3.7-universal.jar%23162!/:?]
	at net.minecraft.server.Bootstrap.handler$zdd000$doClassloadHack(Bootstrap.java:1036) ~[server-1.20.1-20230612.114412-srg.jar%23157!/:?]
	at net.minecraft.server.Bootstrap.m_135870_(Bootstrap.java:64) ~[server-1.20.1-20230612.114412-srg.jar%23157!/:?]
	at net.minecraftforge.registries.ForgeRegistries.init(ForgeRegistries.java:212) ~[forge-1.20.1-47.3.7-universal.jar%23162!/:?]
	at net.minecraftforge.registries.ForgeRegistries.<clinit>(ForgeRegistries.java:65) ~[forge-1.20.1-47.3.7-universal.jar%23162!/:?]
	at com.github.L_Ender.cataclysm.init.ModSounds.<clinit>(ModSounds.java:16) ~[L_Enders_Cataclysm-3.31.jar%23147!/:3.31]
	at com.github.L_Ender.cataclysm.blocks.Property.CustomNoteBlockInstrument.<clinit>(CustomNoteBlockInstrument.java:9) ~[L_Enders_Cataclysm-3.31.jar%23147!/:3.31]
	at net.minecraft.world.level.block.state.properties.NoteBlockInstrument.handler$zbf000$US$addCustomInstruments(NoteBlockInstrument.java:536) ~[server-1.20.1-20230612.114412-srg.jar%23157!/:?]
	at net.minecraft.world.level.block.state.properties.NoteBlockInstrument.<clinit>(NoteBlockInstrument.java:8) ~[server-1.20.1-20230612.114412-srg.jar%23157!/:?]
	at jdk.internal.reflect.NativeMethodAccessorImpl.invoke0(Native Method) ~[?:?]
	at jdk.internal.reflect.NativeMethodAccessorImpl.invoke(NativeMethodAccessorImpl.java:77) ~[?:?]
	at jdk.internal.reflect.DelegatingMethodAccessorImpl.invoke(DelegatingMethodAccessorImpl.java:43) ~[?:?]
	at java.lang.reflect.Method.invoke(Method.java:569) ~[?:?]
	at java.lang.Class.getEnumConstantsShared(Class.java:3840) ~[?:?]
	at java.lang.Class.getEnumConstants(Class.java:3815) ~[?:?]
	at net.minecraft.world.level.block.state.properties.EnumProperty.m_61594_(EnumProperty.java:74) ~[server-1.20.1-20230612.114412-srg.jar%23157!/:?]
	at net.minecraft.world.level.block.state.properties.EnumProperty.m_61587_(EnumProperty.java:70) ~[server-1.20.1-20230612.114412-srg.jar%23157!/:?]
	at net.minecraft.world.level.block.state.properties.BlockStateProperties.<clinit>(BlockStateProperties.java:142) ~[server-1.20.1-20230612.114412-srg.jar%23157!/:?]
	at net.minecraft.world.level.block.FireBlock.<clinit>(FireBlock.java:33) ~[server-1.20.1-20230612.114412-srg.jar%23157!/:?]
	at net.minecraft.server.Bootstrap.m_135870_(Bootstrap.java:46) ~[server-1.20.1-20230612.114412-srg.jar%23157!/:?]
	at net.minecraft.server.Main.main(Main.java:121) ~[server-1.20.1-20230612.114412-srg.jar%23157!/:?]
	at jdk.internal.reflect.NativeMethodAccessorImpl.invoke0(Native Method) ~[?:?]
	at jdk.internal.reflect.NativeMethodAccessorImpl.invoke(NativeMethodAccessorImpl.java:77) ~[?:?]
	at jdk.internal.reflect.DelegatingMethodAccessorImpl.invoke(DelegatingMethodAccessorImpl.java:43) ~[?:?]
	at java.lang.reflect.Method.invoke(Method.java:569) ~[?:?]
	at net.minecraftforge.fml.loading.targets.CommonLaunchHandler.runTarget(CommonLaunchHandler.java:111) ~[fmlloader-1.20.1-47.3.7.jar%2369!/:?]
	at net.minecraftforge.fml.loading.targets.CommonLaunchHandler.serverService(CommonLaunchHandler.java:103) ~[fmlloader-1.20.1-47.3.7.jar%2369!/:?]
	at net.minecraftforge.fml.loading.targets.CommonServerLaunchHandler.lambda$makeService$0(CommonServerLaunchHandler.java:27) ~[fmlloader-1.20.1-47.3.7.jar%2369!/:?]
	at cpw.mods.modlauncher.LaunchServiceHandlerDecorator.launch(LaunchServiceHandlerDecorator.java:30) ~[modlauncher-10.0.9.jar%2355!/:?]
	at cpw.mods.modlauncher.LaunchServiceHandler.launch(LaunchServiceHandler.java:53) ~[modlauncher-10.0.9.jar%2355!/:?]
	at cpw.mods.modlauncher.LaunchServiceHandler.launch(LaunchServiceHandler.java:71) ~[modlauncher-10.0.9.jar%2355!/:?]
	at cpw.mods.modlauncher.Launcher.run(Launcher.java:108) ~[modlauncher-10.0.9.jar%2355!/:?]
	at cpw.mods.modlauncher.Launcher.main(Launcher.java:78) ~[modlauncher-10.0.9.jar%2355!/:?]
	at cpw.mods.modlauncher.BootstrapLaunchConsumer.accept(BootstrapLaunchConsumer.java:26) ~[modlauncher-10.0.9.jar%2355!/:?]
	at cpw.mods.modlauncher.BootstrapLaunchConsumer.accept(BootstrapLaunchConsumer.java:23) ~[modlauncher-10.0.9.jar%2355!/:?]
	at cpw.mods.bootstraplauncher.BootstrapLauncher.main(BootstrapLauncher.java:141) ~[bootstraplauncher-1.1.2.jar:?]
[28Aug2026 02:32:30.990] [main/DEBUG] [io.netty.util.internal.PlatformDependent0/]: java.nio.Bits.unaligned: available, true
[28Aug2026 02:32:30.991] [main/DEBUG] [io.netty.util.internal.PlatformDependent0/]: jdk.internal.misc.Unsafe.allocateUninitializedArray(int): unavailable
java.lang.IllegalAccessException: class io.netty.util.internal.PlatformDependent0$7 (in module io.netty.common) cannot access class jdk.internal.misc.Unsafe (in module java.base) because module java.base does not export jdk.internal.misc to module io.netty.common
	at jdk.internal.reflect.Reflection.newIllegalAccessException(Reflection.java:392) ~[?:?]
	at java.lang.reflect.AccessibleObject.checkAccess(AccessibleObject.java:674) ~[?:?]
	at java.lang.reflect.Method.invoke(Method.java:561) ~[?:?]
	at io.netty.util.internal.PlatformDependent0$7.run(PlatformDependent0.java:410) ~[netty-common-4.1.82.Final.jar%2382!/:4.1.82.Final]
	at java.security.AccessController.doPrivileged(AccessController.java:318) ~[?:?]
	at io.netty.util.internal.PlatformDependent0.<clinit>(PlatformDependent0.java:401) ~[netty-common-4.1.82.Final.jar%2382!/:4.1.82.Final]
	at io.netty.util.internal.PlatformDependent.isAndroid(PlatformDependent.java:333) ~[netty-common-4.1.82.Final.jar%2382!/:4.1.82.Final]
	at io.netty.util.internal.PlatformDependent.<clinit>(PlatformDependent.java:88) ~[netty-common-4.1.82.Final.jar%2382!/:4.1.82.Final]
	at io.netty.util.ConstantPool.<init>(ConstantPool.java:34) ~[netty-common-4.1.82.Final.jar%2382!/:4.1.82.Final]
	at io.netty.util.AttributeKey$1.<init>(AttributeKey.java:27) ~[netty-common-4.1.82.Final.jar%2382!/:4.1.82.Final]
	at io.netty.util.AttributeKey.<clinit>(AttributeKey.java:27) ~[netty-common-4.1.82.Final.jar%2382!/:4.1.82.Final]
	at net.minecraftforge.network.NetworkConstants.<clinit>(NetworkConstants.java:34) ~[forge-1.20.1-47.3.7-universal.jar%23162!/:?]
	at net.minecraft.server.Bootstrap.handler$zdd000$doClassloadHack(Bootstrap.java:1036) ~[server-1.20.1-20230612.114412-srg.jar%23157!/:?]
	at net.minecraft.server.Bootstrap.m_135870_(Bootstrap.java:64) ~[server-1.20.1-20230612.114412-srg.jar%23157!/:?]
	at net.minecraftforge.registries.ForgeRegistries.init(ForgeRegistries.java:212) ~[forge-1.20.1-47.3.7-universal.jar%23162!/:?]
	at net.minecraftforge.registries.ForgeRegistries.<clinit>(ForgeRegistries.java:65) ~[forge-1.20.1-47.3.7-universal.jar%23162!/:?]
	at com.github.L_Ender.cataclysm.init.ModSounds.<clinit>(ModSounds.java:16) ~[L_Enders_Cataclysm-3.31.jar%23147!/:3.31]
	at com.github.L_Ender.cataclysm.blocks.Property.CustomNoteBlockInstrument.<clinit>(CustomNoteBlockInstrument.java:9) ~[L_Enders_Cataclysm-3.31.jar%23147!/:3.31]
	at net.minecraft.world.level.block.state.properties.NoteBlockInstrument.handler$zbf000$US$addCustomInstruments(NoteBlockInstrument.java:536) ~[server-1.20.1-20230612.114412-srg.jar%23157!/:?]
	at net.minecraft.world.level.block.state.properties.NoteBlockInstrument.<clinit>(NoteBlockInstrument.java:8) ~[server-1.20.1-20230612.114412-srg.jar%23157!/:?]
	at jdk.internal.reflect.NativeMethodAccessorImpl.invoke0(Native Method) ~[?:?]
	at jdk.internal.reflect.NativeMethodAccessorImpl.invoke(NativeMethodAccessorImpl.java:77) ~[?:?]
	at jdk.internal.reflect.DelegatingMethodAccessorImpl.invoke(DelegatingMethodAccessorImpl.java:43) ~[?:?]
	at java.lang.reflect.Method.invoke(Method.java:569) ~[?:?]
	at java.lang.Class.getEnumConstantsShared(Class.java:3840) ~[?:?]
	at java.lang.Class.getEnumConstants(Class.java:3815) ~[?:?]
	at net.minecraft.world.level.block.state.properties.EnumProperty.m_61594_(EnumProperty.java:74) ~[server-1.20.1-20230612.114412-srg.jar%23157!/:?]
	at net.minecraft.world.level.block.state.properties.EnumProperty.m_61587_(EnumProperty.java:70) ~[server-1.20.1-20230612.114412-srg.jar%23157!/:?]
	at net.minecraft.world.level.block.state.properties.BlockStateProperties.<clinit>(BlockStateProperties.java:142) ~[server-1.20.1-20230612.114412-srg.jar%23157!/:?]
	at net.minecraft.world.level.block.FireBlock.<clinit>(FireBlock.java:33) ~[server-1.20.1-20230612.114412-srg.jar%23157!/:?]
	at net.minecraft.server.Bootstrap.m_135870_(Bootstrap.java:46) ~[server-1.20.1-20230612.114412-srg.jar%23157!/:?]
	at net.minecraft.server.Main.main(Main.java:121) ~[server-1.20.1-20230612.114412-srg.jar%23157!/:?]
	at jdk.internal.reflect.NativeMethodAccessorImpl.invoke0(Native Method) ~[?:?]
	at jdk.internal.reflect.NativeMethodAccessorImpl.invoke(NativeMethodAccessorImpl.java:77) ~[?:?]
	at jdk.internal.reflect.DelegatingMethodAccessorImpl.invoke(DelegatingMethodAccessorImpl.java:43) ~[?:?]
	at java.lang.reflect.Method.invoke(Method.java:569) ~[?:?]
	at net.minecraftforge.fml.loading.targets.CommonLaunchHandler.runTarget(CommonLaunchHandler.java:111) ~[fmlloader-1.20.1-47.3.7.jar%2369!/:?]
	at net.minecraftforge.fml.loading.targets.CommonLaunchHandler.serverService(CommonLaunchHandler.java:103) ~[fmlloader-1.20.1-47.3.7.jar%2369!/:?]
	at net.minecraftforge.fml.loading.targets.CommonServerLaunchHandler.lambda$makeService$0(CommonServerLaunchHandler.java:27) ~[fmlloader-1.20.1-47.3.7.jar%2369!/:?]
	at cpw.mods.modlauncher.LaunchServiceHandlerDecorator.launch(LaunchServiceHandlerDecorator.java:30) ~[modlauncher-10.0.9.jar%2355!/:?]
	at cpw.mods.modlauncher.LaunchServiceHandler.launch(LaunchServiceHandler.java:53) ~[modlauncher-10.0.9.jar%2355!/:?]
	at cpw.mods.modlauncher.LaunchServiceHandler.launch(LaunchServiceHandler.java:71) ~[modlauncher-10.0.9.jar%2355!/:?]
	at cpw.mods.modlauncher.Launcher.run(Launcher.java:108) ~[modlauncher-10.0.9.jar%2355!/:?]
	at cpw.mods.modlauncher.Launcher.main(Launcher.java:78) ~[modlauncher-10.0.9.jar%2355!/:?]
	at cpw.mods.modlauncher.BootstrapLaunchConsumer.accept(BootstrapLaunchConsumer.java:26) ~[modlauncher-10.0.9.jar%2355!/:?]
	at cpw.mods.modlauncher.BootstrapLaunchConsumer.accept(BootstrapLaunchConsumer.java:23) ~[modlauncher-10.0.9.jar%2355!/:?]
	at cpw.mods.bootstraplauncher.BootstrapLauncher.main(BootstrapLauncher.java:141) ~[bootstraplauncher-1.1.2.jar:?]
[28Aug2026 02:32:30.992] [main/DEBUG] [io.netty.util.internal.PlatformDependent0/]: java.nio.DirectByteBuffer.<init>(long, int): unavailable
[28Aug2026 02:32:30.993] [main/DEBUG] [io.netty.util.internal.PlatformDependent/]: sun.misc.Unsafe: available
[28Aug2026 02:32:30.993] [main/DEBUG] [io.netty.util.internal.PlatformDependent/]: maxDirectMemory: 17179869184 bytes (maybe)
[28Aug2026 02:32:30.994] [main/DEBUG] [io.netty.util.internal.PlatformDependent/]: -Dio.netty.tmpdir: /tmp (java.io.tmpdir)
[28Aug2026 02:32:30.994] [main/DEBUG] [io.netty.util.internal.PlatformDependent/]: -Dio.netty.bitMode: 64 (sun.arch.data.model)
[28Aug2026 02:32:30.995] [main/DEBUG] [io.netty.util.internal.PlatformDependent/]: -Dio.netty.maxDirectMemory: -1 bytes
[28Aug2026 02:32:30.995] [main/DEBUG] [io.netty.util.internal.PlatformDependent/]: -Dio.netty.uninitializedArrayAllocationThreshold: -1
[28Aug2026 02:32:30.996] [main/DEBUG] [io.netty.util.internal.CleanerJava9/]: java.nio.ByteBuffer.cleaner(): available
[28Aug2026 02:32:30.997] [main/DEBUG] [io.netty.util.internal.PlatformDependent/]: -Dio.netty.noPreferDirect: false
[28Aug2026 02:32:31.041] [main/DEBUG] [mixin/]: Mixing perf.fix_handshake_stall.HandshakeHandlerMixin from modernfix-modernfix.mixins.json into net.minecraftforge.network.HandshakeHandler
[28Aug2026 02:32:31.098] [main/DEBUG] [mixin/]: Mixing perf.forge_registry_lambda.RegistryObjectMixin from modernfix-modernfix.mixins.json into net.minecraftforge.registries.RegistryObject
[28Aug2026 02:32:31.148] [main/DEBUG] [mixin/]: Mixing perf.reduce_blockstate_cache_rebuilds.BlocksMixin from modernfix-modernfix.mixins.json into net.minecraft.world.level.block.Blocks
[28Aug2026 02:32:31.149] [main/DEBUG] [mixin/]: Renaming synthetic method lambda$getEmptyConsumer$0(Ljava/lang/Object;)V to md4a51de$lambda$getEmptyConsumer$0$0 in modernfix-modernfix.mixins.json:perf.reduce_blockstate_cache_rebuilds.BlocksMixin
[28Aug2026 02:32:31.192] [main/DEBUG] [net.minecraftforge.coremod.transformer.CoreModBaseTransformer/COREMOD]: Transforming net/minecraft/world/level/block/LiquidBlock
[28Aug2026 02:32:31.211] [main/DEBUG] [mixin/]: Mixing NoteBlockMixin from cataclysm.mixins.json into net.minecraft.world.level.block.NoteBlock
[28Aug2026 02:32:31.236] [main/DEBUG] [net.minecraftforge.coremod.transformer.CoreModBaseTransformer/COREMOD]: Transforming net/minecraft/world/level/block/StairBlock
[28Aug2026 02:32:31.307] [main/DEBUG] [mixin/]: Mixing perf.deduplicate_wall_shapes.WallBlockMixin from modernfix-modernfix.mixins.json into net.minecraft.world.level.block.WallBlock
[28Aug2026 02:32:31.329] [main/DEBUG] [net.minecraftforge.coremod.transformer.CoreModBaseTransformer/COREMOD]: Transforming net/minecraft/world/level/block/FlowerPotBlock
[28Aug2026 02:32:31.426] [main/DEBUG] [mixin/]: Mixing MixinPowderSnowBlock from curios.mixins.json into net.minecraft.world.level.block.PowderSnowBlock
[28Aug2026 02:32:31.469] [main/DEBUG] [mixin/]: Mixing perf.state_definition_construct.StateDefinitionMixin from modernfix-modernfix.mixins.json into net.minecraft.world.level.block.state.StateDefinition
[28Aug2026 02:32:31.495] [main/DEBUG] [mixin/]: Mixing FlowingFluidMixin from alexscaves.mixins.json into net.minecraft.world.level.material.FlowingFluid
[28Aug2026 02:32:31.546] [main/DEBUG] [mixin/]: Mixing FallingBlockEntityMixin from alexscaves.mixins.json into net.minecraft.world.entity.item.FallingBlockEntity
[28Aug2026 02:32:31.784] [main/DEBUG] [mixin/]: Mixing AbstractArrowMixin from alexscaves.mixins.json into net.minecraft.world.entity.projectile.AbstractArrow
[28Aug2026 02:32:31.809] [main/DEBUG] [mixin/]: Mixing MobMixin from alexscaves.mixins.json into net.minecraft.world.entity.Mob
[28Aug2026 02:32:31.831] [main/DEBUG] [mixin/]: Mixing MonsterMixin from alexscaves.mixins.json into net.minecraft.world.entity.monster.Monster
[28Aug2026 02:32:31.876] [main/DEBUG] [net.minecraftforge.coremod.transformer.CoreModBaseTransformer/COREMOD]: Transforming net/minecraft/world/item/ItemStack
[28Aug2026 02:32:31.877] [main/DEBUG] [mixin/]: Mixing MixinItemStack from glitchcore.mixins.json into net.minecraft.world.item.ItemStack
[28Aug2026 02:32:32.080] [main/DEBUG] [mixin/]: Mixing SmithingMenuMixin from citadel.mixins.json into net.minecraft.world.inventory.SmithingMenu
[28Aug2026 02:32:32.159] [main/DEBUG] [net.minecraftforge.coremod.transformer.CoreModBaseTransformer/COREMOD]: Transforming net/minecraft/world/entity/animal/frog/Tadpole
[28Aug2026 02:32:32.196] [main/DEBUG] [net.minecraftforge.coremod.transformer.CoreModBaseTransformer/COREMOD]: Transforming net/minecraft/world/item/BucketItem
[28Aug2026 02:32:32.208] [main/DEBUG] [mixin/]: Mixing MixinShearsItem from curios.mixins.json into net.minecraft.world.item.ShearsItem
[28Aug2026 02:32:32.250] [main/DEBUG] [mixin/]: Mixing AbstractMinecartMixin from alexscaves.mixins.json into net.minecraft.world.entity.vehicle.AbstractMinecart
[28Aug2026 02:32:32.322] [main/DEBUG] [mixin/]: Mixing perf.dynamic_dfu.EntityTypeBuilderMixin from modernfix-modernfix.mixins.json into net.minecraft.world.entity.EntityType$Builder
[28Aug2026 02:32:32.344] [main/DEBUG] [mixin/]: Mixing perf.ticking_chunk_alloc.BatMixin from modernfix-modernfix.mixins.json into net.minecraft.world.entity.ambient.Bat
[28Aug2026 02:32:32.400] [main/DEBUG] [net.minecraftforge.coremod.transformer.CoreModBaseTransformer/COREMOD]: Transforming net/minecraft/world/entity/monster/Spider
[28Aug2026 02:32:32.450] [main/DEBUG] [net.minecraftforge.coremod.transformer.CoreModBaseTransformer/COREMOD]: Transforming net/minecraft/world/entity/monster/Zombie
[28Aug2026 02:32:32.496] [main/DEBUG] [net.minecraftforge.coremod.transformer.CoreModBaseTransformer/COREMOD]: Transforming net/minecraft/world/entity/monster/ZombieVillager
[28Aug2026 02:32:32.631] [main/DEBUG] [net.minecraftforge.coremod.transformer.CoreModBaseTransformer/COREMOD]: Transforming net/minecraft/world/entity/monster/Evoker$EvokerSummonSpellGoal
[28Aug2026 02:32:32.662] [main/DEBUG] [mixin/]: Mixing FrogMixin from alexscaves.mixins.json into net.minecraft.world.entity.animal.frog.Frog
[28Aug2026 02:32:32.793] [main/DEBUG] [net.minecraftforge.coremod.transformer.CoreModBaseTransformer/COREMOD]: Transforming net/minecraft/world/entity/animal/horse/SkeletonTrapGoal
[28Aug2026 02:32:32.809] [main/DEBUG] [net.minecraftforge.coremod.transformer.CoreModBaseTransformer/COREMOD]: Transforming net/minecraft/world/entity/monster/Strider
[28Aug2026 02:32:32.862] [main/DEBUG] [mixin/]: Mixing ServerPlayerEntityTickMixin from yungsapi.mixins.json into net.minecraft.server.level.ServerPlayer
[28Aug2026 02:32:32.862] [main/DEBUG] [mixin/]: Mixing MixinServerPlayer from glitchcore.forge.mixins.json into net.minecraft.server.level.ServerPlayer
[28Aug2026 02:32:32.885] [main/DEBUG] [mixin/]: Mixing perf.ticking_chunk_alloc.ChunkAccessMixin from modernfix-modernfix.mixins.json into net.minecraft.world.level.chunk.ChunkAccess
[28Aug2026 02:32:32.886] [main/DEBUG] [mixin/]: Mixing perf.compact_imposterprotochunks.ChunkAccessMixin from modernfix-modernfix.mixins.json into net.minecraft.world.level.chunk.ChunkAccess
[28Aug2026 02:32:32.886] [main/DEBUG] [mixin/]: Mixing common.chunk.ChunkAccessMixin from starlight.mixins.json into net.minecraft.world.level.chunk.ChunkAccess
[28Aug2026 02:32:32.891] [main/DEBUG] [mixin/]: Mixing common.chunk.LevelChunkMixin from starlight.mixins.json into net.minecraft.world.level.chunk.LevelChunk
[28Aug2026 02:32:32.912] [main/DEBUG] [net.minecraftforge.coremod.transformer.CoreModBaseTransformer/COREMOD]: Transforming net/minecraft/world/entity/npc/Villager
[28Aug2026 02:32:33.005] [main/DEBUG] [mixin/]: Mixing perf.faster_ingredients.IngredientMixin from modernfix-modernfix.mixins.json into net.minecraft.world.item.crafting.Ingredient
[28Aug2026 02:32:33.006] [main/DEBUG] [mixin/]: Renaming synthetic method lambda$computeItemsArray$1(I)[Lnet/minecraft/world/item/ItemStack; to md4a51de$lambda$computeItemsArray$1$0 in modernfix-modernfix.mixins.json:perf.faster_ingredients.IngredientMixin
[28Aug2026 02:32:33.007] [main/DEBUG] [mixin/]: Renaming synthetic method lambda$modernfix$fasterTagIngredientStacking$0(Lnet/minecraft/core/Holder;)I to md4a51de$lambda$modernfix$fasterTagIngredientStacking$0$1 in modernfix-modernfix.mixins.json:perf.faster_ingredients.IngredientMixin
[28Aug2026 02:32:33.014] [main/DEBUG] [mixin/]: Mixing perf.smart_ingredient_sync.IngredientMixin from modernfix-modernfix.mixins.json into net.minecraft.world.item.crafting.Ingredient
[28Aug2026 02:32:33.028] [main/DEBUG] [net.minecraftforge.coremod.transformer.CoreModBaseTransformer/COREMOD]: Transforming net/minecraft/world/effect/MobEffectInstance
[28Aug2026 02:32:33.054] [main/DEBUG] [mixin/]: Mixing bugfix.forge_vehicle_packets.ServerGamePacketListenerImplMixin from modernfix-modernfix.mixins.json into net.minecraft.server.network.ServerGamePacketListenerImpl
[28Aug2026 02:32:33.068] [main/DEBUG] [mixin/]: Mixing accessor.PotionBrewingAccessor from yungsapi.mixins.json into net.minecraft.world.item.alchemy.PotionBrewing
[28Aug2026 02:32:33.069] [main/DEBUG] [mixin/]: Renaming @Invoker method callAddMix(Lnet/minecraft/world/item/alchemy/Potion;Lnet/minecraft/world/item/Item;Lnet/minecraft/world/item/alchemy/Potion;)V to callAddMix_$md$4a51de$0 in yungsapi.mixins.json:accessor.PotionBrewingAccessor
[28Aug2026 02:32:33.125] [main/DEBUG] [mixin/]: Mixing accessor.StructureProcessorAccessor from betterdungeons.mixins.json into net.minecraft.world.level.levelgen.structure.templatesystem.StructureProcessor
[28Aug2026 02:32:33.125] [main/DEBUG] [mixin/]: Mixing accessor.StructureProcessorAccessor from cataclysm.mixins.json into net.minecraft.world.level.levelgen.structure.templatesystem.StructureProcessor
[28Aug2026 02:32:33.126] [main/DEBUG] [mixin/]: Unexpected: Registered method callGetType()Lnet/minecraft/world/level/levelgen/structure/templatesystem/StructureProcessorType; in net.minecraft.world.level.levelgen.structure.templatesystem.StructureProcessor was not merged
[28Aug2026 02:32:33.141] [main/DEBUG] [mixin/]: Mixing common.lightengine.LevelLightEngineMixin from starlight.mixins.json into net.minecraft.world.level.lighting.LevelLightEngine
[28Aug2026 02:32:33.142] [main/DEBUG] [mixin/]: Renaming synthetic method lambda$clientUpdateLight$1(J)[Lca/spottedleaf/starlight/common/light/SWMRNibbleArray; to md4a51de$lambda$clientUpdateLight$1$0 in starlight.mixins.json:common.lightengine.LevelLightEngineMixin
[28Aug2026 02:32:33.142] [main/DEBUG] [mixin/]: Renaming synthetic method lambda$clientUpdateLight$0(J)[Lca/spottedleaf/starlight/common/light/SWMRNibbleArray; to md4a51de$lambda$clientUpdateLight$0$1 in starlight.mixins.json:common.lightengine.LevelLightEngineMixin
[28Aug2026 02:32:33.153] [main/DEBUG] [mixin/]: Mixing common.lightengine.ThreadedLevelLightEngineMixin from starlight.mixins.json into net.minecraft.server.level.ThreadedLevelLightEngine
[28Aug2026 02:32:33.153] [main/DEBUG] [mixin/]: Renaming synthetic method lambda$lightChunk$7(Lnet/minecraft/world/level/ChunkPos;Lnet/minecraft/world/level/chunk/ChunkAccess;Ljava/lang/Throwable;)V to md4a51de$lambda$lightChunk$7$0 in starlight.mixins.json:common.lightengine.ThreadedLevelLightEngineMixin
[28Aug2026 02:32:33.154] [main/DEBUG] [mixin/]: Renaming synthetic method lambda$lightChunk$6(Lnet/minecraft/world/level/ChunkPos;Ljava/lang/Runnable;)V to md4a51de$lambda$lightChunk$6$1 in starlight.mixins.json:common.lightengine.ThreadedLevelLightEngineMixin
[28Aug2026 02:32:33.154] [main/DEBUG] [mixin/]: Renaming synthetic method lambda$lightChunk$5(Lnet/minecraft/world/level/chunk/ChunkAccess;ZLnet/minecraft/world/level/ChunkPos;)Lnet/minecraft/world/level/chunk/ChunkAccess; to md4a51de$lambda$lightChunk$5$2 in starlight.mixins.json:common.lightengine.ThreadedLevelLightEngineMixin
[28Aug2026 02:32:33.154] [main/DEBUG] [mixin/]: Renaming synthetic method lambda$updateSectionStatus$4(Lnet/minecraft/core/SectionPos;Z)Ljava/util/concurrent/CompletableFuture; to md4a51de$lambda$updateSectionStatus$4$3 in starlight.mixins.json:common.lightengine.ThreadedLevelLightEngineMixin
[28Aug2026 02:32:33.154] [main/DEBUG] [mixin/]: Renaming synthetic method lambda$checkBlock$3(Lnet/minecraft/core/BlockPos;)Ljava/util/concurrent/CompletableFuture; to md4a51de$lambda$checkBlock$3$4 in starlight.mixins.json:common.lightengine.ThreadedLevelLightEngineMixin
[28Aug2026 02:32:33.154] [main/DEBUG] [mixin/]: Renaming synthetic method lambda$queueTaskForSection$2(IILjava/lang/Void;Ljava/lang/Throwable;)V to md4a51de$lambda$queueTaskForSection$2$5 in starlight.mixins.json:common.lightengine.ThreadedLevelLightEngineMixin
[28Aug2026 02:32:33.154] [main/DEBUG] [mixin/]: Renaming synthetic method lambda$queueTaskForSection$1(JIILnet/minecraft/server/level/ServerLevel;Ljava/lang/Void;)V to md4a51de$lambda$queueTaskForSection$1$6 in starlight.mixins.json:common.lightengine.ThreadedLevelLightEngineMixin
[28Aug2026 02:32:33.154] [main/DEBUG] [mixin/]: Renaming synthetic method lambda$queueTaskForSection$0(IIILjava/util/function/Supplier;)V to md4a51de$lambda$queueTaskForSection$0$7 in starlight.mixins.json:common.lightengine.ThreadedLevelLightEngineMixin
[28Aug2026 02:32:33.168] [main/DEBUG] [mixin/]: Mixing perf.cache_upgraded_structures.StructureManagerMixin from modernfix-modernfix.mixins.json into net.minecraft.world.level.levelgen.structure.templatesystem.StructureTemplateManager
[28Aug2026 02:32:33.170] [main/DEBUG] [mixin/]: Mixing perf.dynamic_structure_manager.StructureManagerMixin from modernfix-modernfix.mixins.json into net.minecraft.world.level.levelgen.structure.templatesystem.StructureTemplateManager
[28Aug2026 02:32:33.175] [main/DEBUG] [mixin/]: Mixing ChunkGeneratorMixin from citadel.mixins.json into net.minecraft.world.level.chunk.ChunkGenerator
[28Aug2026 02:32:33.200] [main/DEBUG] [mixin/]: Mixing MixinInventory from curios.mixins.json into net.minecraft.world.entity.player.Inventory
[28Aug2026 02:32:33.292] [main/DEBUG] [mixin/]: Mixing EnchantRandomlyFunctionMixin from alexscaves.mixins.json into net.minecraft.world.level.storage.loot.functions.EnchantRandomlyFunction
[28Aug2026 02:32:33.293] [main/DEBUG] [mixin/]: Renaming synthetic method lambda$ac_enchantItem$0(ZLnet/minecraft/world/item/ItemStack;Lnet/minecraft/world/item/enchantment/Enchantment;)Z to md4a51de$lambda$ac_enchantItem$0$0 in alexscaves.mixins.json:EnchantRandomlyFunctionMixin
[28Aug2026 02:32:33.307] [main/DEBUG] [mixin/]: Mixing MixinApplyBonusCount from curios.mixins.json into net.minecraft.world.level.storage.loot.functions.ApplyBonusCount
[28Aug2026 02:32:33.398] [main/DEBUG] [mixin/]: Mixing NoMultifaceGrowthFeatureInStructuresMixin from cataclysm.mixins.json into net.minecraft.world.level.levelgen.feature.MultifaceGrowthFeature
[28Aug2026 02:32:33.400] [main/DEBUG] [mixin/]: Mixing MultifaceGrowthFeatureMixin from alexscaves.mixins.json into net.minecraft.world.level.levelgen.feature.MultifaceGrowthFeature
[28Aug2026 02:32:33.403] [main/DEBUG] [mixin/]: Mixing NoMagmaBlockInStructuresMixin from cataclysm.mixins.json into net.minecraft.world.level.levelgen.feature.UnderwaterMagmaFeature
[28Aug2026 02:32:33.407] [main/DEBUG] [mixin/]: Mixing NoLakesInStructuresMixin from cataclysm.mixins.json into net.minecraft.world.level.levelgen.feature.LakeFeature
[28Aug2026 02:32:33.408] [main/DEBUG] [mixin/]: Mixing gen.NoLakesInStructuresMixin from iceandfire.mixins.json into net.minecraft.world.level.levelgen.feature.LakeFeature
[28Aug2026 02:32:33.411] [main/DEBUG] [mixin/]: Mixing NoOreInStructuresMixin from cataclysm.mixins.json into net.minecraft.world.level.levelgen.feature.OreFeature
[28Aug2026 02:32:33.415] [main/DEBUG] [mixin/]: Mixing SeagrassFeatureMixin from alexscaves.mixins.json into net.minecraft.world.level.levelgen.feature.SeagrassFeature
[28Aug2026 02:32:33.416] [main/DEBUG] [mixin/]: Mixing KelpFeatureMixin from alexscaves.mixins.json into net.minecraft.world.level.levelgen.feature.KelpFeature
[28Aug2026 02:32:33.418] [main/DEBUG] [mixin/]: Mixing CoralFeatureMixin from alexscaves.mixins.json into net.minecraft.world.level.levelgen.feature.CoralFeature
[28Aug2026 02:32:33.423] [main/DEBUG] [mixin/]: Mixing NoBasaltColumnsInStructuresMixin from betterdungeons.mixins.json into net.minecraft.world.level.levelgen.feature.BasaltColumnsFeature
[28Aug2026 02:32:33.423] [main/DEBUG] [mixin/]: Mixing NoBasaltColumnsInStructuresMixin from cataclysm.mixins.json into net.minecraft.world.level.levelgen.feature.BasaltColumnsFeature
[28Aug2026 02:32:33.424] [main/DEBUG] [net.minecraftforge.coremod.transformer.CoreModBaseTransformer/COREMOD]: Transforming net/minecraft/world/level/levelgen/structure/Structure
[28Aug2026 02:32:33.430] [main/DEBUG] [mixin/]: Mixing NoDeltasInStructuresMixin from betterdungeons.mixins.json into net.minecraft.world.level.levelgen.feature.DeltaFeature
[28Aug2026 02:32:33.431] [main/DEBUG] [mixin/]: Mixing NoDeltasInStructuresMixin from cataclysm.mixins.json into net.minecraft.world.level.levelgen.feature.DeltaFeature
[28Aug2026 02:32:33.437] [main/DEBUG] [mixin/]: Mixing NoGeodeInStructuresMixin from cataclysm.mixins.json into net.minecraft.world.level.levelgen.feature.GeodeFeature
[28Aug2026 02:32:33.527] [main/DEBUG] [net.minecraftforge.coremod.transformer.CoreModBaseTransformer/COREMOD]: Transforming net/minecraft/world/level/levelgen/structure/Structure
[28Aug2026 02:32:33.558] [main/DEBUG] [net.minecraftforge.coremod.transformer.CoreModBaseTransformer/COREMOD]: Transforming net/minecraft/world/level/levelgen/structure/structures/OceanRuinPieces$OceanRuinPiece
[28Aug2026 02:32:33.572] [main/DEBUG] [net.minecraftforge.coremod.transformer.CoreModBaseTransformer/COREMOD]: Transforming net/minecraft/world/level/levelgen/structure/structures/SwampHutPiece
[28Aug2026 02:32:33.580] [main/DEBUG] [mixin/]: Mixing SwampHutPieceMixin from alexscaves.mixins.json into net.minecraft.world.level.levelgen.structure.structures.SwampHutPiece
[28Aug2026 02:32:33.584] [main/WARN] [mixin/]: Mixin alexscaves.mixins.json:SwampHutPieceMixin has multiple constructors, (Lnet/minecraft/world/level/levelgen/structure/pieces/StructurePieceType;IIIIIILnet/minecraft/core/Direction;)V was selected

[28Aug2026 02:32:33.589] [main/DEBUG] [net.minecraftforge.coremod.transformer.CoreModBaseTransformer/COREMOD]: Transforming net/minecraft/world/level/levelgen/structure/structures/OceanMonumentPieces$OceanMonumentPiece
[28Aug2026 02:32:33.608] [main/DEBUG] [net.minecraftforge.coremod.transformer.CoreModBaseTransformer/COREMOD]: Transforming net/minecraft/world/level/levelgen/structure/structures/WoodlandMansionPieces$WoodlandMansionPiece
[28Aug2026 02:32:33.631] [main/DEBUG] [mixin/]: Mixing JigsawStructureMixin from alexscaves.mixins.json into net.minecraft.world.level.levelgen.structure.structures.JigsawStructure
[28Aug2026 02:32:33.635] [main/DEBUG] [mixin/]: Mixing accessor.StructureTemplatePoolAccessor from cataclysm.mixins.json into net.minecraft.world.level.levelgen.structure.pools.StructureTemplatePool
[28Aug2026 02:32:33.635] [main/DEBUG] [mixin/]: Mixing accessor.StructureTemplatePoolAccessor from yungsapi.mixins.json into net.minecraft.world.level.levelgen.structure.pools.StructureTemplatePool
[28Aug2026 02:32:33.635] [main/DEBUG] [mixin/]: Mixing IncreaseStructureWeightLimitMixinForge from yungsapi_forge.mixins.json into net.minecraft.world.level.levelgen.structure.pools.StructureTemplatePool
[28Aug2026 02:32:33.636] [main/DEBUG] [mixin/]: Unexpected: Registered method getRawTemplates()Ljava/util/List; in net.minecraft.world.level.levelgen.structure.pools.StructureTemplatePool was not merged
[28Aug2026 02:32:33.645] [main/DEBUG] [mixin/]: Mixing OceanMonumentStructureMixin from alexscaves.mixins.json into net.minecraft.world.level.levelgen.structure.structures.OceanMonumentStructure
[28Aug2026 02:32:33.652] [main/DEBUG] [mixin/]: Mixing ShipwreckStructureMixin from alexscaves.mixins.json into net.minecraft.world.level.levelgen.structure.structures.ShipwreckStructure
[28Aug2026 02:32:33.701] [main/DEBUG] [mixin/]: Mixing MixinBiomeSource from terrablender.mixins.json into net.minecraft.world.level.biome.BiomeSource
[28Aug2026 02:32:33.701] [main/DEBUG] [mixin/]: Renaming synthetic method lambda$appendDeferredBiomesList$0(Lcom/google/common/collect/ImmutableList;)Ljava/util/Set; to md4a51de$lambda$appendDeferredBiomesList$0$0 in terrablender.mixins.json:MixinBiomeSource
[28Aug2026 02:32:33.703] [main/DEBUG] [mixin/]: Mixing BiomeSourceMixin from alexscaves.mixins.json into net.minecraft.world.level.biome.BiomeSource
[28Aug2026 02:32:33.708] [main/DEBUG] [net.minecraftforge.coremod.transformer.CoreModBaseTransformer/COREMOD]: Transforming net/minecraft/world/level/biome/Biome
[28Aug2026 02:32:33.708] [main/DEBUG] [mixin/]: Mixing perf.remove_biome_temperature_cache.BiomeMixin from modernfix-modernfix.mixins.json into net.minecraft.world.level.biome.Biome
[28Aug2026 02:32:33.740] [main/DEBUG] [mixin/]: Mixing MultiNoiseBiomeSourceMixin from alexscaves.mixins.json into net.minecraft.world.level.biome.MultiNoiseBiomeSource
[28Aug2026 02:32:33.742] [main/DEBUG] [mixin/]: Mixing MixinMultiNoiseBiomeSource from terrablender.mixins.json into net.minecraft.world.level.biome.MultiNoiseBiomeSource
[28Aug2026 02:32:33.746] [main/DEBUG] [mixin/]: Mixing MixinParameterList from terrablender.mixins.json into net.minecraft.world.level.biome.Climate$ParameterList
[28Aug2026 02:32:33.746] [main/DEBUG] [mixin/]: Renaming synthetic method lambda$initializeForTerraBlender$0(Lnet/minecraft/core/Registry;Lcom/google/common/collect/ImmutableList$Builder;Lcom/mojang/datafixers/util/Pair;)V to md4a51de$lambda$initializeForTerraBlender$0$0 in terrablender.mixins.json:MixinParameterList
[28Aug2026 02:32:33.766] [main/DEBUG] [mixin/]: Mixing perf.optimize_surface_rules.NoiseBasedChunkGeneratorMixin from modernfix-modernfix.mixins.json into net.minecraft.world.level.levelgen.NoiseBasedChunkGenerator
[28Aug2026 02:32:33.766] [main/DEBUG] [mixin/]: Renaming synthetic method lambda$mfix$accumulate$0(Ljava/util/Set;Lnet/minecraft/core/Holder;)V to md4a51de$lambda$mfix$accumulate$0$0 in modernfix-modernfix.mixins.json:perf.optimize_surface_rules.NoiseBasedChunkGeneratorMixin
[28Aug2026 02:32:33.777] [main/DEBUG] [mixin/]: Mixing NoiseGeneratorSettingsMixin from citadel.mixins.json into net.minecraft.world.level.levelgen.NoiseGeneratorSettings
[28Aug2026 02:32:33.779] [main/DEBUG] [mixin/]: Mixing MixinNoiseGeneratorSettings from terrablender.mixins.json into net.minecraft.world.level.levelgen.NoiseGeneratorSettings
[28Aug2026 02:32:33.807] [main/DEBUG] [mixin/]: Mixing perf.forge_registry_alloc.DebugLevelSourceMixin from modernfix-modernfix.mixins.json into net.minecraft.world.level.levelgen.DebugLevelSource
[28Aug2026 02:32:33.827] [main/DEBUG] [mixin/]: Mixing perf.optimize_surface_rules.BiomeConditionSourceMixin from modernfix-modernfix.mixins.json into net.minecraft.world.level.levelgen.SurfaceRules$BiomeConditionSource
[28Aug2026 02:32:33.828] [main/DEBUG] [mixin/]: Renaming synthetic method lambda$mfix$optimizeCondition$1()Z to md4a51de$lambda$mfix$optimizeCondition$1$0 in modernfix-modernfix.mixins.json:perf.optimize_surface_rules.BiomeConditionSourceMixin
[28Aug2026 02:32:33.828] [main/DEBUG] [mixin/]: Renaming synthetic method lambda$mfix$optimizeCondition$0()Z to md4a51de$lambda$mfix$optimizeCondition$0$1 in modernfix-modernfix.mixins.json:perf.optimize_surface_rules.BiomeConditionSourceMixin
[28Aug2026 02:32:33.911] [main/DEBUG] [mixin/]: Mixing accessor.SinglePoolElementAccessor from cataclysm.mixins.json into net.minecraft.world.level.levelgen.structure.pools.SinglePoolElement
[28Aug2026 02:32:33.912] [main/DEBUG] [mixin/]: Mixing accessor.SinglePoolElementAccessor from yungsapi.mixins.json into net.minecraft.world.level.levelgen.structure.pools.SinglePoolElement
[28Aug2026 02:32:33.912] [main/DEBUG] [mixin/]: Unexpected: Registered method callGetTemplate(Lnet/minecraft/world/level/levelgen/structure/templatesystem/StructureTemplateManager;)Lnet/minecraft/world/level/levelgen/structure/templatesystem/StructureTemplate; in net.minecraft.world.level.levelgen.structure.pools.SinglePoolElement was not merged
[28Aug2026 02:32:33.916] [main/DEBUG] [mixin/]: Mixing accessor.ListPoolElementAccessor from cataclysm.mixins.json into net.minecraft.world.level.levelgen.structure.pools.ListPoolElement
[28Aug2026 02:32:33.916] [main/DEBUG] [mixin/]: Mixing accessor.ListPoolElementAccessor from yungsapi.mixins.json into net.minecraft.world.level.levelgen.structure.pools.ListPoolElement
[28Aug2026 02:32:33.916] [main/DEBUG] [mixin/]: Unexpected: Registered method getElements()Ljava/util/List; in net.minecraft.world.level.levelgen.structure.pools.ListPoolElement was not merged
[28Aug2026 02:32:33.918] [main/DEBUG] [mixin/]: Mixing accessor.FeaturePoolElementAccessor from cataclysm.mixins.json into net.minecraft.world.level.levelgen.structure.pools.FeaturePoolElement
[28Aug2026 02:32:33.918] [main/DEBUG] [mixin/]: Mixing accessor.FeaturePoolElementAccessor from yungsapi.mixins.json into net.minecraft.world.level.levelgen.structure.pools.FeaturePoolElement
[28Aug2026 02:32:33.919] [main/DEBUG] [mixin/]: Unexpected: Registered method getFeature()Lnet/minecraft/core/Holder; in net.minecraft.world.level.levelgen.structure.pools.FeaturePoolElement was not merged
[28Aug2026 02:32:34.043] [main/DEBUG] [net.minecraftforge.common.ForgeI18n/CORE]: Loading I18N data entries: 6430
[28Aug2026 02:32:34.064] [main/DEBUG] [net.minecraftforge.fml.ModWorkManager/LOADING]: Using 4 threads for parallel mod-loading
[28Aug2026 02:32:34.070] [main/DEBUG] [net.minecraftforge.fml.javafmlmod.FMLJavaModLanguageProvider/LOADING]: Loading FMLModContainer from classloader cpw.mods.modlauncher.TransformingClassLoader@5377414a - got cpw.mods.cl.ModuleClassLoader@2d66530f
[28Aug2026 02:32:34.070] [main/DEBUG] [net.minecraftforge.fml.javafmlmod.FMLModContainer/LOADING]: Creating FMLModContainer instance for com.yungnickyoung.minecraft.betterdungeons.BetterDungeonsForge
[28Aug2026 02:32:34.072] [main/DEBUG] [net.minecraftforge.fml.javafmlmod.FMLJavaModLanguageProvider/LOADING]: Loading FMLModContainer from classloader cpw.mods.modlauncher.TransformingClassLoader@5377414a - got cpw.mods.cl.ModuleClassLoader@2d66530f
[28Aug2026 02:32:34.072] [main/DEBUG] [net.minecraftforge.fml.javafmlmod.FMLModContainer/LOADING]: Creating FMLModContainer instance for terrablender.core.TerraBlenderForge
[28Aug2026 02:32:34.073] [main/DEBUG] [net.minecraftforge.fml.javafmlmod.FMLJavaModLanguageProvider/LOADING]: Loading FMLModContainer from classloader cpw.mods.modlauncher.TransformingClassLoader@5377414a - got cpw.mods.cl.ModuleClassLoader@2d66530f
[28Aug2026 02:32:34.073] [main/DEBUG] [net.minecraftforge.fml.javafmlmod.FMLModContainer/LOADING]: Creating FMLModContainer instance for snownee.jade.util.CommonProxy
[28Aug2026 02:32:34.075] [main/DEBUG] [net.minecraftforge.fml.javafmlmod.FMLJavaModLanguageProvider/LOADING]: Loading FMLModContainer from classloader cpw.mods.modlauncher.TransformingClassLoader@5377414a - got cpw.mods.cl.ModuleClassLoader@2d66530f
[28Aug2026 02:32:34.075] [main/DEBUG] [net.minecraftforge.fml.javafmlmod.FMLModContainer/LOADING]: Creating FMLModContainer instance for software.bernie.example.GeckoLibMod
[28Aug2026 02:32:34.076] [main/DEBUG] [net.minecraftforge.fml.javafmlmod.FMLJavaModLanguageProvider/LOADING]: Loading FMLModContainer from classloader cpw.mods.modlauncher.TransformingClassLoader@5377414a - got cpw.mods.cl.ModuleClassLoader@2d66530f
[28Aug2026 02:32:34.076] [main/DEBUG] [net.minecraftforge.fml.javafmlmod.FMLModContainer/LOADING]: Creating FMLModContainer instance for team.creative.creativecore.CreativeCore
[28Aug2026 02:32:34.077] [main/DEBUG] [net.minecraftforge.fml.javafmlmod.FMLJavaModLanguageProvider/LOADING]: Loading FMLModContainer from classloader cpw.mods.modlauncher.TransformingClassLoader@5377414a - got cpw.mods.cl.ModuleClassLoader@2d66530f
[28Aug2026 02:32:34.077] [main/DEBUG] [net.minecraftforge.fml.javafmlmod.FMLModContainer/LOADING]: Creating FMLModContainer instance for mezz.jei.forge.JustEnoughItems
[28Aug2026 02:32:34.078] [main/DEBUG] [net.minecraftforge.fml.javafmlmod.FMLJavaModLanguageProvider/LOADING]: Loading FMLModContainer from classloader cpw.mods.modlauncher.TransformingClassLoader@5377414a - got cpw.mods.cl.ModuleClassLoader@2d66530f
[28Aug2026 02:32:34.078] [main/DEBUG] [net.minecraftforge.fml.javafmlmod.FMLModContainer/LOADING]: Creating FMLModContainer instance for commonnetwork.CommonNetworkForge
[28Aug2026 02:32:34.079] [main/DEBUG] [net.minecraftforge.fml.javafmlmod.FMLJavaModLanguageProvider/LOADING]: Loading FMLModContainer from classloader cpw.mods.modlauncher.TransformingClassLoader@5377414a - got cpw.mods.cl.ModuleClassLoader@2d66530f
[28Aug2026 02:32:34.079] [main/DEBUG] [net.minecraftforge.fml.javafmlmod.FMLModContainer/LOADING]: Creating FMLModContainer instance for com.github.L_Ender.lionfishapi.LionfishAPI
[28Aug2026 02:32:34.080] [main/DEBUG] [net.minecraftforge.fml.javafmlmod.FMLJavaModLanguageProvider/LOADING]: Loading FMLModContainer from classloader cpw.mods.modlauncher.TransformingClassLoader@5377414a - got cpw.mods.cl.ModuleClassLoader@2d66530f
[28Aug2026 02:32:34.080] [main/DEBUG] [net.minecraftforge.fml.javafmlmod.FMLModContainer/LOADING]: Creating FMLModContainer instance for dev.tr7zw.trender.gui.impl.client.LibGuiBootstrap
[28Aug2026 02:32:34.081] [main/DEBUG] [net.minecraftforge.fml.javafmlmod.FMLJavaModLanguageProvider/LOADING]: Loading FMLModContainer from classloader cpw.mods.modlauncher.TransformingClassLoader@5377414a - got cpw.mods.cl.ModuleClassLoader@2d66530f
[28Aug2026 02:32:34.081] [main/DEBUG] [net.minecraftforge.fml.javafmlmod.FMLModContainer/LOADING]: Creating FMLModContainer instance for com.github.L_Ender.cataclysm.Cataclysm
[28Aug2026 02:32:34.083] [main/DEBUG] [net.minecraftforge.fml.javafmlmod.FMLJavaModLanguageProvider/LOADING]: Loading FMLModContainer from classloader cpw.mods.modlauncher.TransformingClassLoader@5377414a - got cpw.mods.cl.ModuleClassLoader@2d66530f
[28Aug2026 02:32:34.083] [main/DEBUG] [net.minecraftforge.fml.javafmlmod.FMLModContainer/LOADING]: Creating FMLModContainer instance for top.theillusivec4.curios.Curios
[28Aug2026 02:32:34.084] [main/DEBUG] [net.minecraftforge.fml.javafmlmod.FMLJavaModLanguageProvider/LOADING]: Loading FMLModContainer from classloader cpw.mods.modlauncher.TransformingClassLoader@5377414a - got cpw.mods.cl.ModuleClassLoader@2d66530f
[28Aug2026 02:32:34.084] [main/DEBUG] [net.minecraftforge.fml.javafmlmod.FMLModContainer/LOADING]: Creating FMLModContainer instance for journeymap.common.JourneymapForge
[28Aug2026 02:32:34.085] [main/DEBUG] [net.minecraftforge.fml.javafmlmod.FMLJavaModLanguageProvider/LOADING]: Loading FMLModContainer from classloader cpw.mods.modlauncher.TransformingClassLoader@5377414a - got cpw.mods.cl.ModuleClassLoader@2d66530f
[28Aug2026 02:32:34.085] [main/DEBUG] [net.minecraftforge.fml.javafmlmod.FMLModContainer/LOADING]: Creating FMLModContainer instance for dylanjkl.trulydark.TrulyDarkMod
[28Aug2026 02:32:34.085] [main/DEBUG] [net.minecraftforge.fml.javafmlmod.FMLJavaModLanguageProvider/LOADING]: Loading FMLModContainer from classloader cpw.mods.modlauncher.TransformingClassLoader@5377414a - got cpw.mods.cl.ModuleClassLoader@2d66530f
[28Aug2026 02:32:34.085] [main/DEBUG] [net.minecraftforge.fml.javafmlmod.FMLModContainer/LOADING]: Creating FMLModContainer instance for org.embeddedt.modernfix.forge.init.ModernFixForge
[28Aug2026 02:32:34.086] [main/DEBUG] [net.minecraftforge.fml.javafmlmod.FMLJavaModLanguageProvider/LOADING]: Loading FMLModContainer from classloader cpw.mods.modlauncher.TransformingClassLoader@5377414a - got cpw.mods.cl.ModuleClassLoader@2d66530f
[28Aug2026 02:32:34.086] [main/DEBUG] [net.minecraftforge.fml.javafmlmod.FMLModContainer/LOADING]: Creating FMLModContainer instance for com.github.alexthe666.citadel.Citadel
[28Aug2026 02:32:34.087] [main/DEBUG] [net.minecraftforge.fml.javafmlmod.FMLJavaModLanguageProvider/LOADING]: Loading FMLModContainer from classloader cpw.mods.modlauncher.TransformingClassLoader@5377414a - got cpw.mods.cl.ModuleClassLoader@2d66530f
[28Aug2026 02:32:34.088] [main/DEBUG] [net.minecraftforge.fml.javafmlmod.FMLModContainer/LOADING]: Creating FMLModContainer instance for com.github.alexmodguy.alexscaves.AlexsCaves
[28Aug2026 02:32:34.089] [main/DEBUG] [net.minecraftforge.fml.javafmlmod.FMLJavaModLanguageProvider/LOADING]: Loading FMLModContainer from classloader cpw.mods.modlauncher.TransformingClassLoader@5377414a - got cpw.mods.cl.ModuleClassLoader@2d66530f
[28Aug2026 02:32:34.089] [main/DEBUG] [net.minecraftforge.fml.javafmlmod.FMLModContainer/LOADING]: Creating FMLModContainer instance for com.github.alexthe666.alexsmobs.AlexsMobs
[28Aug2026 02:32:34.090] [main/DEBUG] [net.minecraftforge.fml.javafmlmod.FMLJavaModLanguageProvider/LOADING]: Loading FMLModContainer from classloader cpw.mods.modlauncher.TransformingClassLoader@5377414a - got cpw.mods.cl.ModuleClassLoader@2d66530f
[28Aug2026 02:32:34.091] [main/DEBUG] [net.minecraftforge.fml.javafmlmod.FMLModContainer/LOADING]: Creating FMLModContainer instance for en.predator.horrorelementmod.HorrorElementModMod
[28Aug2026 02:32:34.091] [main/DEBUG] [net.minecraftforge.fml.javafmlmod.FMLJavaModLanguageProvider/LOADING]: Loading FMLModContainer from classloader cpw.mods.modlauncher.TransformingClassLoader@5377414a - got cpw.mods.cl.ModuleClassLoader@2d66530f
[28Aug2026 02:32:34.091] [main/DEBUG] [net.minecraftforge.fml.javafmlmod.FMLModContainer/LOADING]: Creating FMLModContainer instance for com.yungnickyoung.minecraft.yungsapi.YungsApiForge
[28Aug2026 02:32:34.092] [main/DEBUG] [net.minecraftforge.fml.javafmlmod.FMLJavaModLanguageProvider/LOADING]: Loading FMLModContainer from classloader cpw.mods.modlauncher.TransformingClassLoader@5377414a - got cpw.mods.cl.ModuleClassLoader@2d66530f
[28Aug2026 02:32:34.092] [main/DEBUG] [net.minecraftforge.fml.javafmlmod.FMLModContainer/LOADING]: Creating FMLModContainer instance for dev.tr7zw.entityculling.EntityCullingBootstrap
[28Aug2026 02:32:34.093] [main/DEBUG] [net.minecraftforge.fml.javafmlmod.FMLJavaModLanguageProvider/LOADING]: Loading FMLModContainer from classloader cpw.mods.modlauncher.TransformingClassLoader@5377414a - got cpw.mods.cl.ModuleClassLoader@2d66530f
[28Aug2026 02:32:34.093] [main/DEBUG] [net.minecraftforge.fml.javafmlmod.FMLModContainer/LOADING]: Creating FMLModContainer instance for glitchcore.forge.GlitchCoreForge
[28Aug2026 02:32:34.094] [main/DEBUG] [net.minecraftforge.fml.javafmlmod.FMLJavaModLanguageProvider/LOADING]: Loading FMLModContainer from classloader cpw.mods.modlauncher.TransformingClassLoader@5377414a - got cpw.mods.cl.ModuleClassLoader@2d66530f
[28Aug2026 02:32:34.094] [main/DEBUG] [net.minecraftforge.fml.javafmlmod.FMLModContainer/LOADING]: Creating FMLModContainer instance for biomesoplenty.forge.core.BiomesOPlentyForge
[28Aug2026 02:32:34.095] [main/DEBUG] [net.minecraftforge.fml.javafmlmod.FMLJavaModLanguageProvider/LOADING]: Loading FMLModContainer from classloader cpw.mods.modlauncher.TransformingClassLoader@5377414a - got cpw.mods.cl.ModuleClassLoader@2d66530f
[28Aug2026 02:32:34.095] [main/DEBUG] [net.minecraftforge.fml.javafmlmod.FMLModContainer/LOADING]: Creating FMLModContainer instance for net.raphimc.immediatelyfast.forge.ImmediatelyFastForge
[28Aug2026 02:32:34.096] [main/DEBUG] [net.minecraftforge.fml.javafmlmod.FMLJavaModLanguageProvider/LOADING]: Loading FMLModContainer from classloader cpw.mods.modlauncher.TransformingClassLoader@5377414a - got cpw.mods.cl.ModuleClassLoader@2d66530f
[28Aug2026 02:32:34.096] [main/DEBUG] [net.minecraftforge.fml.javafmlmod.FMLModContainer/LOADING]: Creating FMLModContainer instance for ca.spottedleaf.starlight.Starlight
[28Aug2026 02:32:34.097] [main/DEBUG] [net.minecraftforge.fml.javafmlmod.FMLJavaModLanguageProvider/LOADING]: Loading FMLModContainer from classloader cpw.mods.modlauncher.TransformingClassLoader@5377414a - got cpw.mods.cl.ModuleClassLoader@2d66530f
[28Aug2026 02:32:34.097] [main/DEBUG] [net.minecraftforge.fml.javafmlmod.FMLModContainer/LOADING]: Creating FMLModContainer instance for com.mrcrayfish.furniture.FurnitureMod
[28Aug2026 02:32:34.098] [main/DEBUG] [net.minecraftforge.fml.javafmlmod.FMLJavaModLanguageProvider/LOADING]: Loading FMLModContainer from classloader cpw.mods.modlauncher.TransformingClassLoader@5377414a - got cpw.mods.cl.ModuleClassLoader@2d66530f
[28Aug2026 02:32:34.098] [main/DEBUG] [net.minecraftforge.fml.javafmlmod.FMLModContainer/LOADING]: Creating FMLModContainer instance for malte0811.ferritecore.ModMainForge
[28Aug2026 02:32:34.099] [main/DEBUG] [net.minecraftforge.fml.javafmlmod.FMLJavaModLanguageProvider/LOADING]: Loading FMLModContainer from classloader cpw.mods.modlauncher.TransformingClassLoader@5377414a - got cpw.mods.cl.ModuleClassLoader@2d66530f
[28Aug2026 02:32:34.099] [main/DEBUG] [net.minecraftforge.fml.javafmlmod.FMLModContainer/LOADING]: Creating FMLModContainer instance for com.github.alexthe666.iceandfire.IceAndFire
[28Aug2026 02:32:34.101] [main/DEBUG] [net.minecraftforge.fml.javafmlmod.FMLJavaModLanguageProvider/LOADING]: Loading FMLModContainer from classloader cpw.mods.modlauncher.TransformingClassLoader@5377414a - got cpw.mods.cl.ModuleClassLoader@2d66530f
[28Aug2026 02:32:34.101] [main/DEBUG] [net.minecraftforge.fml.javafmlmod.FMLModContainer/LOADING]: Creating FMLModContainer instance for dev.tr7zw.transition.TRansitionBootstrap
[28Aug2026 02:32:34.102] [main/DEBUG] [net.minecraftforge.fml.javafmlmod.FMLJavaModLanguageProvider/LOADING]: Loading FMLModContainer from classloader cpw.mods.modlauncher.TransformingClassLoader@5377414a - got cpw.mods.cl.ModuleClassLoader@2d66530f
[28Aug2026 02:32:34.102] [main/DEBUG] [net.minecraftforge.fml.javafmlmod.FMLModContainer/LOADING]: Creating FMLModContainer instance for com.mrcrayfish.framework.FrameworkForge
[28Aug2026 02:32:34.103] [main/DEBUG] [net.minecraftforge.fml.javafmlmod.FMLJavaModLanguageProvider/LOADING]: Loading FMLModContainer from classloader cpw.mods.modlauncher.TransformingClassLoader@5377414a - got cpw.mods.cl.ModuleClassLoader@2d66530f
[28Aug2026 02:32:34.103] [main/DEBUG] [net.minecraftforge.fml.javafmlmod.FMLModContainer/LOADING]: Creating FMLModContainer instance for me.shedaniel.clothconfig.ClothConfigForge
[28Aug2026 02:32:34.104] [main/DEBUG] [net.minecraftforge.fml.javafmlmod.FMLJavaModLanguageProvider/LOADING]: Loading FMLModContainer from classloader cpw.mods.modlauncher.TransformingClassLoader@5377414a - got cpw.mods.cl.ModuleClassLoader@2d66530f
[28Aug2026 02:32:34.104] [main/DEBUG] [net.minecraftforge.fml.javafmlmod.FMLModContainer/LOADING]: Creating FMLModContainer instance for net.minecraftforge.common.ForgeMod
[28Aug2026 02:32:34.106] [main/DEBUG] [net.minecraftforge.fml.javafmlmod.FMLJavaModLanguageProvider/LOADING]: Loading FMLModContainer from classloader cpw.mods.modlauncher.TransformingClassLoader@5377414a - got cpw.mods.cl.ModuleClassLoader@2d66530f
[28Aug2026 02:32:34.106] [main/DEBUG] [net.minecraftforge.fml.javafmlmod.FMLModContainer/LOADING]: Creating FMLModContainer instance for org.tlauncher.forge.ForgeMod
[28Aug2026 02:32:34.107] [main/DEBUG] [net.minecraftforge.fml.javafmlmod.FMLJavaModLanguageProvider/LOADING]: Loading FMLModContainer from classloader cpw.mods.modlauncher.TransformingClassLoader@5377414a - got cpw.mods.cl.ModuleClassLoader@2d66530f
[28Aug2026 02:32:34.107] [main/DEBUG] [net.minecraftforge.fml.javafmlmod.FMLModContainer/LOADING]: Creating FMLModContainer instance for journeymap.JourneyMapAPI
[28Aug2026 02:32:34.202] [modloading-worker-0/DEBUG] [betterdungeons/]: Loaded com.yungnickyoung.minecraft.betterdungeons.services.ForgePlatformHelper@20209441 for service interface com.yungnickyoung.minecraft.betterdungeons.services.IPlatformHelper
[28Aug2026 02:32:34.203] [modloading-worker-0/DEBUG] [betterdungeons/]: Loaded com.yungnickyoung.minecraft.betterdungeons.services.ForgeModulesLoader@1698a507 for service interface com.yungnickyoung.minecraft.betterdungeons.services.IModulesLoader
[28Aug2026 02:32:34.209] [modloading-worker-0/DEBUG] [net.minecraftforge.fml.javafmlmod.AutomaticEventSubscriber/LOADING]: Attempting to inject @EventBusSubscriber classes into the eventbus for terrablender
[28Aug2026 02:32:34.214] [modloading-worker-0/DEBUG] [net.minecraftforge.fml.javafmlmod.AutomaticEventSubscriber/LOADING]: Attempting to inject @EventBusSubscriber classes into the eventbus for jade
[28Aug2026 02:32:34.217] [modloading-worker-0/DEBUG] [net.minecraftforge.fml.javafmlmod.AutomaticEventSubscriber/LOADING]: Auto-subscribing terrablender.handler.InitializationHandler to FORGE
[28Aug2026 02:32:34.221] [modloading-worker-0/DEBUG] [net.minecraftforge.fml.javafmlmod.AutomaticEventSubscriber/LOADING]: Attempting to inject @EventBusSubscriber classes into the eventbus for geckolib
[28Aug2026 02:32:34.221] [modloading-worker-0/DEBUG] [net.minecraftforge.fml.javafmlmod.AutomaticEventSubscriber/LOADING]: Auto-subscribing software.bernie.example.GeckoLibMod to FORGE
[28Aug2026 02:32:34.221] [modloading-worker-0/DEBUG] [net.minecraftforge.fml.javafmlmod.AutomaticEventSubscriber/LOADING]: Auto-subscribing software.bernie.example.CommonListener to MOD
[28Aug2026 02:32:34.229] [modloading-worker-0/DEBUG] [net.minecraftforge.fml.config.ConfigTracker/CONFIG]: Config file jei-server.toml for jei tracking
[28Aug2026 02:32:34.230] [modloading-worker-0/DEBUG] [net.minecraftforge.fml.config.ConfigTracker/CONFIG]: Config file betterdungeons-forge-1_20.toml for betterdungeons tracking
[28Aug2026 02:32:34.234] [modloading-worker-0/DEBUG] [net.minecraftforge.fml.javafmlmod.AutomaticEventSubscriber/LOADING]: Attempting to inject @EventBusSubscriber classes into the eventbus for commonnetworking
[28Aug2026 02:32:34.239] [modloading-worker-0/DEBUG] [net.minecraftforge.fml.javafmlmod.AutomaticEventSubscriber/LOADING]: Attempting to inject @EventBusSubscriber classes into the eventbus for jei
[28Aug2026 02:32:34.241] [modloading-worker-0/DEBUG] [net.minecraftforge.fml.javafmlmod.AutomaticEventSubscriber/LOADING]: Attempting to inject @EventBusSubscriber classes into the eventbus for trender
[28Aug2026 02:32:34.242] [modloading-worker-0/DEBUG] [net.minecraftforge.fml.javafmlmod.AutomaticEventSubscriber/LOADING]: Attempting to inject @EventBusSubscriber classes into the eventbus for betterdungeons
[28Aug2026 02:32:34.243] [modloading-worker-0/DEBUG] [net.minecraftforge.fml.javafmlmod.AutomaticEventSubscriber/LOADING]: Attempting to inject @EventBusSubscriber classes into the eventbus for lionfishapi
[28Aug2026 02:32:34.243] [modloading-worker-0/DEBUG] [net.minecraftforge.fml.javafmlmod.AutomaticEventSubscriber/LOADING]: Auto-subscribing com.github.L_Ender.lionfishapi.LionfishAPI to FORGE
[28Aug2026 02:32:34.244] [modloading-worker-0/DEBUG] [net.minecraftforge.fml.javafmlmod.AutomaticEventSubscriber/LOADING]: Auto-subscribing com.github.L_Ender.lionfishapi.CommonProxy to MOD
[28Aug2026 02:32:34.266] [modloading-worker-0/DEBUG] [net.minecraftforge.fml.config.ConfigTracker/CONFIG]: Config file curios-client.toml for curios tracking
[28Aug2026 02:32:34.278] [modloading-worker-0/DEBUG] [net.minecraftforge.fml.config.ConfigTracker/CONFIG]: Config file curios-common.toml for curios tracking
[28Aug2026 02:32:34.279] [modloading-worker-0/DEBUG] [net.minecraftforge.fml.config.ConfigTracker/CONFIG]: Config file curios-server.toml for curios tracking
[28Aug2026 02:32:34.279] [modloading-worker-0/DEBUG] [net.minecraftforge.fml.javafmlmod.AutomaticEventSubscriber/LOADING]: Attempting to inject @EventBusSubscriber classes into the eventbus for curios
[28Aug2026 02:32:34.287] [modloading-worker-0/DEBUG] [net.minecraftforge.fml.javafmlmod.AutomaticEventSubscriber/LOADING]: Attempting to inject @EventBusSubscriber classes into the eventbus for trulydark
[28Aug2026 02:32:34.309] [modloading-worker-0/DEBUG] [net.minecraftforge.fml.config.ConfigTracker/CONFIG]: Config file journeymap-server.toml for journeymap tracking
[28Aug2026 02:32:34.311] [modloading-worker-0/DEBUG] [net.minecraftforge.fml.javafmlmod.AutomaticEventSubscriber/LOADING]: Attempting to inject @EventBusSubscriber classes into the eventbus for journeymap
[28Aug2026 02:32:34.313] [modloading-worker-0/DEBUG] [creativecore/]: Created network creativecore:main
[28Aug2026 02:32:34.312] [modloading-worker-0/DEBUG] [net.minecraftforge.fml.config.ConfigTracker/CONFIG]: Config file modernfix-common.toml for modernfix tracking
[28Aug2026 02:32:34.313] [modloading-worker-0/DEBUG] [net.minecraftforge.fml.javafmlmod.AutomaticEventSubscriber/LOADING]: Auto-subscribing journeymap.common.config.ForgeConfig to MOD
[28Aug2026 02:32:34.317] [modloading-worker-0/DEBUG] [net.minecraftforge.fml.javafmlmod.AutomaticEventSubscriber/LOADING]: Auto-subscribing journeymap.common.JourneymapForge to FORGE
[28Aug2026 02:32:34.319] [modloading-worker-0/DEBUG] [net.minecraftforge.fml.javafmlmod.AutomaticEventSubscriber/LOADING]: Attempting to inject @EventBusSubscriber classes into the eventbus for creativecore
[28Aug2026 02:32:34.333] [modloading-worker-0/DEBUG] [net.minecraftforge.fml.config.ConfigTracker/CONFIG]: Config file alexscaves-general.toml for alexscaves tracking
[28Aug2026 02:32:34.333] [modloading-worker-0/DEBUG] [net.minecraftforge.fml.config.ConfigTracker/CONFIG]: Config file alexscaves-client.toml for alexscaves tracking
[28Aug2026 02:32:34.350] [modloading-worker-0/DEBUG] [net.minecraftforge.fml.config.ConfigTracker/CONFIG]: Config file cataclysm-client.toml for cataclysm tracking
[28Aug2026 02:32:34.350] [modloading-worker-0/DEBUG] [net.minecraftforge.fml.config.ConfigTracker/CONFIG]: Config file cataclysm-common.toml for cataclysm tracking
[28Aug2026 02:32:34.353] [modloading-worker-0/DEBUG] [net.minecraftforge.fml.config.ConfigTracker/CONFIG]: Config file citadel-common.toml for citadel tracking
[28Aug2026 02:32:34.355] [modloading-worker-0/DEBUG] [ModernFix/]: Removed 2774 unneeded annotations from file server-1.20.1-20230612.114412-srg.jar
[28Aug2026 02:32:34.361] [modloading-worker-0/DEBUG] [net.minecraftforge.fml.javafmlmod.AutomaticEventSubscriber/LOADING]: Attempting to inject @EventBusSubscriber classes into the eventbus for citadel
[28Aug2026 02:32:34.363] [modloading-worker-0/DEBUG] [net.minecraftforge.fml.javafmlmod.AutomaticEventSubscriber/LOADING]: Auto-subscribing com.github.alexthe666.citadel.ServerProxy to MOD
[28Aug2026 02:32:34.413] [modloading-worker-0/DEBUG] [ModernFix/]: Removed 59 unneeded annotations from file YungsBetterDungeons-1.20-Forge-4.0.4.jar
[28Aug2026 02:32:34.416] [modloading-worker-0/DEBUG] [ModernFix/]: Removed 28 unneeded annotations from file TerraBlender-forge-1.20.1-3.0.1.10.jar
[28Aug2026 02:32:34.417] [modloading-worker-0/DEBUG] [ModernFix/]: Removed 106 unneeded annotations from file Jade-1.20.1-Forge-11.13.3.jar
[28Aug2026 02:32:34.419] [modloading-worker-0/DEBUG] [ModernFix/]: Removed 194 unneeded annotations from file geckolib-forge-1.20.1-4.8.4.jar
[28Aug2026 02:32:34.420] [modloading-worker-0/DEBUG] [ModernFix/]: Removed 258 unneeded annotations from file CreativeCore_FORGE_v2.12.39_mc1.20.1.jar
[28Aug2026 02:32:34.424] [modloading-worker-0/DEBUG] [ModernFix/]: Removed 331 unneeded annotations from file jei-1.20.1-forge-15.21.0.144.jar
[28Aug2026 02:32:34.427] [modloading-worker-0/DEBUG] [ModernFix/]: Removed 34 unneeded annotations from file lionfishapi-3.0.jar
[28Aug2026 02:32:34.428] [modloading-worker-0/DEBUG] [ModernFix/]: Removed 92 unneeded annotations from file TRender-1.0.15-1.20.1-forge-SNAPSHOT.jar
[28Aug2026 02:32:34.429] [modloading-worker-0/DEBUG] [ModernFix/]: Removed 565 unneeded annotations from file L_Enders_Cataclysm-3.31.jar
[28Aug2026 02:32:34.435] [modloading-worker-0/DEBUG] [ModernFix/]: Removed 289 unneeded annotations from file curios-forge-5.14.1+1.20.1.jar
[28Aug2026 02:32:34.438] [modloading-worker-0/DEBUG] [ModernFix/]: Removed 246 unneeded annotations from file journeymap-forge-1.20.1-6.0.0-beta.5.jar
[28Aug2026 02:32:34.441] [modloading-worker-0/DEBUG] [ModernFix/]: Removed 62 unneeded annotations from file trulydark-forge-1.20.1-2.1.0.46.jar
[28Aug2026 02:32:34.443] [modloading-worker-0/DEBUG] [ModernFix/]: Removed 1139 unneeded annotations from file modernfix-forge-5.27.66+mc1.20.1.jar
[28Aug2026 02:32:34.445] [modloading-worker-0/DEBUG] [ModernFix/]: Removed 188 unneeded annotations from file citadel-2.6.3-1.20.1.jar
[28Aug2026 02:32:34.457] [modloading-worker-0/DEBUG] [ModernFix/]: Removed 674 unneeded annotations from file alexscaves-2.0.2.jar
[28Aug2026 02:32:34.462] [modloading-worker-0/DEBUG] [ModernFix/]: Removed 448 unneeded annotations from file alexsmobs-1.22.9.jar
[28Aug2026 02:32:34.472] [modloading-worker-0/DEBUG] [ModernFix/]: Removed 12 unneeded annotations from file horror_element_mod-1.6.3-forge-1.20.1.jar
[28Aug2026 02:32:34.474] [modloading-worker-0/DEBUG] [ModernFix/]: Removed 64 unneeded annotations from file YungsApi-1.20-Forge-4.0.6.jar
[28Aug2026 02:32:34.475] [modloading-worker-0/DEBUG] [ModernFix/]: Removed 24 unneeded annotations from file entityculling-forge-1.10.5-mc1.20.1.jar
[28Aug2026 02:32:34.475] [modloading-worker-0/DEBUG] [ModernFix/]: Removed 75 unneeded annotations from file GlitchCore-forge-1.20.1-0.0.1.1.jar
[28Aug2026 02:32:34.476] [modloading-worker-0/DEBUG] [ModernFix/]: Removed 17 unneeded annotations from file BiomesOPlenty-forge-1.20.1-19.0.0.96.jar
[28Aug2026 02:32:34.477] [modloading-worker-0/DEBUG] [ModernFix/]: Removed 272 unneeded annotations from file ImmediatelyFast-Forge-1.5.5+1.20.4.jar
[28Aug2026 02:32:34.478] [modloading-worker-0/DEBUG] [ModernFix/]: Removed 93 unneeded annotations from file starlight-1.1.2+forge.1cda73c.jar
[28Aug2026 02:32:34.478] [modloading-worker-0/DEBUG] [ModernFix/]: Removed 50 unneeded annotations from file cfm-forge-1.20.1-7.0.0-pre36.jar
[28Aug2026 02:32:34.479] [modloading-worker-0/DEBUG] [ModernFix/]: Removed 134 unneeded annotations from file ferritecore-6.0.1-forge.jar
[28Aug2026 02:32:34.480] [modloading-worker-0/DEBUG] [ModernFix/]: Removed 632 unneeded annotations from file iceandfire-2.1.13-1.20.1-beta-5.jar
[28Aug2026 02:32:34.485] [modloading-worker-0/DEBUG] [ModernFix/]: Removed 3763 unneeded annotations from file TRansition-1.0.21-1.20.1-forge-SNAPSHOT.jar
[28Aug2026 02:32:34.498] [modloading-worker-0/DEBUG] [ModernFix/]: Removed 91 unneeded annotations from file framework-forge-1.20.1-0.8.0.jar
[28Aug2026 02:32:34.504] [modloading-worker-0/DEBUG] [ModernFix/]: Removed 388 unneeded annotations from file cloth-config-11.1.136-forge.jar
[28Aug2026 02:32:34.508] [modloading-worker-0/DEBUG] [ModernFix/]: Removed 820 unneeded annotations from file forge-1.20.1-47.3.7-universal.jar
[28Aug2026 02:32:34.513] [modloading-worker-0/DEBUG] [ModernFix/]: Removed 25 unneeded annotations from file tl_skin_cape_forge_1.20_1.20.1-1.32.jar
[28Aug2026 02:32:34.513] [modloading-worker-0/DEBUG] [ModernFix/]: Removed 66 unneeded annotations from file journeymap-api-forge-1.20.1-2.0.0.jar
[28Aug2026 02:32:34.514] [modloading-worker-0/DEBUG] [net.minecraftforge.fml.javafmlmod.AutomaticEventSubscriber/LOADING]: Attempting to inject @EventBusSubscriber classes into the eventbus for modernfix
[28Aug2026 02:32:34.594] [modloading-worker-0/DEBUG] [net.minecraftforge.fml.javafmlmod.AutomaticEventSubscriber/LOADING]: Attempting to inject @EventBusSubscriber classes into the eventbus for horror_element_mod
[28Aug2026 02:32:34.595] [modloading-worker-0/DEBUG] [net.minecraftforge.fml.javafmlmod.AutomaticEventSubscriber/LOADING]: Auto-subscribing en.predator.horrorelementmod.network.HorrorElementModModVariables to MOD
[28Aug2026 02:32:34.601] [modloading-worker-0/DEBUG] [net.minecraftforge.fml.javafmlmod.AutomaticEventSubscriber/LOADING]: Auto-subscribing en.predator.horrorelementmod.network.HorrorElementModModVariables$EventBusVariableHandlers to FORGE
[28Aug2026 02:32:34.603] [modloading-worker-0/DEBUG] [net.minecraftforge.fml.javafmlmod.AutomaticEventSubscriber/LOADING]: Auto-subscribing en.predator.horrorelementmod.command.DodayReset2Command to FORGE
[28Aug2026 02:32:34.606] [modloading-worker-0/DEBUG] [net.minecraftforge.fml.javafmlmod.AutomaticEventSubscriber/LOADING]: Auto-subscribing en.predator.horrorelementmod.command.DoDayResetCommand to FORGE
[28Aug2026 02:32:34.669] [modloading-worker-0/DEBUG] [net.minecraftforge.fml.javafmlmod.AutomaticEventSubscriber/LOADING]: Attempting to inject @EventBusSubscriber classes into the eventbus for yungsapi
[28Aug2026 02:32:34.669] [modloading-worker-0/DEBUG] [net.minecraftforge.fml.javafmlmod.AutomaticEventSubscriber/LOADING]: Attempting to inject @EventBusSubscriber classes into the eventbus for entityculling
[28Aug2026 02:32:34.670] [modloading-worker-0/DEBUG] [net.minecraftforge.fml.javafmlmod.AutomaticEventSubscriber/LOADING]: Attempting to inject @EventBusSubscriber classes into the eventbus for glitchcore
[28Aug2026 02:32:34.673] [modloading-worker-0/DEBUG] [net.minecraftforge.fml.javafmlmod.AutomaticEventSubscriber/LOADING]: Auto-subscribing glitchcore.forge.handlers.VillagerTradesEventHandler to FORGE
[28Aug2026 02:32:34.675] [modloading-worker-0/DEBUG] [net.minecraftforge.fml.javafmlmod.AutomaticEventSubscriber/LOADING]: Auto-subscribing glitchcore.forge.handlers.TooltipEventHandler to FORGE
[28Aug2026 02:32:34.677] [modloading-worker-0/DEBUG] [net.minecraftforge.fml.javafmlmod.AutomaticEventSubscriber/LOADING]: Auto-subscribing glitchcore.forge.handlers.ToolModificationEventHandler to FORGE
[28Aug2026 02:32:34.682] [modloading-worker-0/DEBUG] [net.minecraftforge.fml.javafmlmod.AutomaticEventSubscriber/LOADING]: Auto-subscribing glitchcore.forge.handlers.TickEventHandler to FORGE
[28Aug2026 02:32:34.687] [modloading-worker-0/DEBUG] [net.minecraftforge.fml.javafmlmod.AutomaticEventSubscriber/LOADING]: Auto-subscribing glitchcore.forge.handlers.TagsUpdatedEventHandler to FORGE
[28Aug2026 02:32:34.688] [modloading-worker-0/DEBUG] [net.minecraftforge.fml.javafmlmod.AutomaticEventSubscriber/LOADING]: Auto-subscribing glitchcore.forge.handlers.RegistryEventHandler to MOD
[28Aug2026 02:32:34.690] [modloading-worker-0/DEBUG] [net.minecraftforge.fml.javafmlmod.AutomaticEventSubscriber/LOADING]: Auto-subscribing glitchcore.forge.handlers.RegisterCommandsEventHandler to FORGE
[28Aug2026 02:32:34.691] [modloading-worker-0/DEBUG] [net.minecraftforge.fml.javafmlmod.AutomaticEventSubscriber/LOADING]: Auto-subscribing glitchcore.forge.handlers.PlayerLoggedInEventHandler to FORGE
[28Aug2026 02:32:34.694] [modloading-worker-0/DEBUG] [net.minecraftforge.fml.javafmlmod.AutomaticEventSubscriber/LOADING]: Auto-subscribing glitchcore.forge.handlers.InteractionEventHandler to FORGE
[28Aug2026 02:32:34.700] [modloading-worker-0/DEBUG] [net.minecraftforge.fml.config.ConfigTracker/CONFIG]: Config file alexsmobs.toml for alexsmobs tracking
[28Aug2026 02:32:34.705] [modloading-worker-0/DEBUG] [mixin/]: Mixing perf.forge_cap_retrieval.AttachCapabilitiesEventMixin from modernfix-modernfix.mixins.json into net.minecraftforge.event.AttachCapabilitiesEvent
[28Aug2026 02:32:34.709] [modloading-worker-0/DEBUG] [mixin/]: Mixing impl.MixinEnvironment from glitchcore.forge.mixins.json into glitchcore.util.Environment
[28Aug2026 02:32:34.720] [modloading-worker-0/DEBUG] [net.minecraftforge.fml.javafmlmod.AutomaticEventSubscriber/LOADING]: Attempting to inject @EventBusSubscriber classes into the eventbus for cataclysm
[28Aug2026 02:32:34.720] [modloading-worker-0/DEBUG] [net.minecraftforge.fml.javafmlmod.AutomaticEventSubscriber/LOADING]: Auto-subscribing com.github.L_Ender.cataclysm.world.CMWorldRegistry to MOD
[28Aug2026 02:32:34.721] [modloading-worker-0/DEBUG] [net.minecraftforge.fml.javafmlmod.AutomaticEventSubscriber/LOADING]: Auto-subscribing com.github.L_Ender.cataclysm.init.ModEntities to MOD
[28Aug2026 02:32:34.725] [modloading-worker-0/DEBUG] [net.minecraftforge.fml.javafmlmod.AutomaticEventSubscriber/LOADING]: Auto-subscribing com.github.L_Ender.cataclysm.init.ModAttribute to MOD
[28Aug2026 02:32:34.728] [modloading-worker-0/DEBUG] [net.minecraftforge.fml.javafmlmod.AutomaticEventSubscriber/LOADING]: Auto-subscribing com.github.L_Ender.cataclysm.event.ServerEventHandler to FORGE
[28Aug2026 02:32:34.729] [modloading-worker-0/DEBUG] [net.minecraftforge.fml.javafmlmod.AutomaticEventSubscriber/LOADING]: Auto-subscribing com.github.L_Ender.cataclysm.CommonProxy to MOD
[28Aug2026 02:32:34.732] [modloading-worker-0/DEBUG] [net.minecraftforge.fml.javafmlmod.AutomaticEventSubscriber/LOADING]: Auto-subscribing com.github.L_Ender.cataclysm.Cataclysm to FORGE
[28Aug2026 02:32:34.732] [modloading-worker-0/DEBUG] [net.minecraftforge.fml.javafmlmod.AutomaticEventSubscriber/LOADING]: Attempting to inject @EventBusSubscriber classes into the eventbus for immediatelyfast
[28Aug2026 02:32:34.732] [modloading-worker-0/DEBUG] [net.minecraftforge.fml.javafmlmod.AutomaticEventSubscriber/LOADING]: Attempting to inject @EventBusSubscriber classes into the eventbus for starlight
[28Aug2026 02:32:34.761] [modloading-worker-0/DEBUG] [net.minecraftforge.fml.javafmlmod.AutomaticEventSubscriber/LOADING]: Attempting to inject @EventBusSubscriber classes into the eventbus for alexsmobs
[28Aug2026 02:32:34.763] [modloading-worker-0/DEBUG] [net.minecraftforge.fml.javafmlmod.AutomaticEventSubscriber/LOADING]: Auto-subscribing com.github.alexthe666.alexsmobs.world.AMWorldRegistry to MOD
[28Aug2026 02:32:34.764] [modloading-worker-0/DEBUG] [net.minecraftforge.fml.javafmlmod.AutomaticEventSubscriber/LOADING]: Auto-subscribing com.github.alexthe666.alexsmobs.tileentity.AMTileEntityRegistry to MOD
[28Aug2026 02:32:34.766] [modloading-worker-0/DEBUG] [net.minecraftforge.fml.javafmlmod.AutomaticEventSubscriber/LOADING]: Auto-subscribing com.github.alexthe666.alexsmobs.event.ServerEvents to FORGE
[28Aug2026 02:32:34.769] [modloading-worker-0/DEBUG] [net.minecraftforge.fml.javafmlmod.AutomaticEventSubscriber/LOADING]: Auto-subscribing com.github.alexthe666.alexsmobs.entity.AMEntityRegistry to MOD
[28Aug2026 02:32:34.776] [modloading-worker-0/DEBUG] [net.minecraftforge.fml.javafmlmod.AutomaticEventSubscriber/LOADING]: Auto-subscribing com.github.alexthe666.alexsmobs.CommonProxy to MOD
[28Aug2026 02:32:34.777] [modloading-worker-0/DEBUG] [net.minecraftforge.fml.javafmlmod.AutomaticEventSubscriber/LOADING]: Auto-subscribing com.github.alexthe666.alexsmobs.AlexsMobs to FORGE
[28Aug2026 02:32:34.781] [modloading-worker-0/DEBUG] [net.minecraftforge.fml.javafmlmod.AutomaticEventSubscriber/LOADING]: Attempting to inject @EventBusSubscriber classes into the eventbus for ferritecore
[28Aug2026 02:32:34.796] [modloading-worker-0/DEBUG] [net.minecraftforge.fml.config.ConfigTracker/CONFIG]: Config file iceandfire-client.toml for iceandfire tracking
[28Aug2026 02:32:34.796] [modloading-worker-0/DEBUG] [net.minecraftforge.fml.config.ConfigTracker/CONFIG]: Config file iceandfire-common.toml for iceandfire tracking
[28Aug2026 02:32:34.830] [modloading-worker-0/DEBUG] [mixin/]: Mixing MixinBloodFluid from biomesoplenty.forge.mixins.json into biomesoplenty.block.BloodFluid
[28Aug2026 02:32:34.834] [modloading-worker-0/DEBUG] [mixin/]: Mixing MixinLiquidNullFluid from biomesoplenty.forge.mixins.json into biomesoplenty.block.LiquidNullFluid
[28Aug2026 02:32:34.908] [modloading-worker-0/DEBUG] [net.minecraftforge.fml.javafmlmod.AutomaticEventSubscriber/LOADING]: Attempting to inject @EventBusSubscriber classes into the eventbus for biomesoplenty
[28Aug2026 02:32:34.911] [modloading-worker-0/DEBUG] [net.minecraftforge.fml.javafmlmod.AutomaticEventSubscriber/LOADING]: Auto-subscribing biomesoplenty.forge.handler.MissingMappingsHandler to FORGE
[28Aug2026 02:32:34.913] [modloading-worker-0/DEBUG] [net.minecraftforge.fml.javafmlmod.AutomaticEventSubscriber/LOADING]: Auto-subscribing biomesoplenty.forge.datagen.DataGenerationHandler to MOD
[28Aug2026 02:32:34.928] [modloading-worker-0/DEBUG] [net.minecraftforge.fml.javafmlmod.AutomaticEventSubscriber/LOADING]: Attempting to inject @EventBusSubscriber classes into the eventbus for transition
[28Aug2026 02:32:34.939] [modloading-worker-0/DEBUG] [Framework/]: Loaded com.mrcrayfish.framework.platform.ForgePlatformHelper@28fd9c1 for service interface com.mrcrayfish.framework.platform.services.IPlatformHelper
[28Aug2026 02:32:34.940] [modloading-worker-0/DEBUG] [Framework/]: Loaded com.mrcrayfish.framework.platform.ForgeNetworkHelper@310435e4 for service interface com.mrcrayfish.framework.platform.services.INetworkHelper
[28Aug2026 02:32:34.944] [modloading-worker-0/DEBUG] [Framework/]: Loaded com.mrcrayfish.framework.platform.ForgeRegistrationHelper@5ab5808b for service interface com.mrcrayfish.framework.platform.services.IRegistrationHelper
[28Aug2026 02:32:34.954] [modloading-worker-0/DEBUG] [Framework/]: Loaded com.mrcrayfish.framework.platform.ForgeEntityHelper@b004d59 for service interface com.mrcrayfish.framework.platform.services.IEntityHelper
[28Aug2026 02:32:34.955] [modloading-worker-0/DEBUG] [Framework/]: Loaded com.mrcrayfish.framework.platform.ForgeItemHelper@3ddbb7ac for service interface com.mrcrayfish.framework.platform.services.IItemHelper
[28Aug2026 02:32:34.957] [modloading-worker-0/DEBUG] [Framework/]: Loaded com.mrcrayfish.framework.platform.ForgeConfigHelper@6ec63f6 for service interface com.mrcrayfish.framework.platform.services.IConfigHelper
[28Aug2026 02:32:34.957] [modloading-worker-0/DEBUG] [net.minecraftforge.fml.config.ConfigTracker/CONFIG]: Config file cfm-client.toml for cfm tracking
[28Aug2026 02:32:34.962] [modloading-worker-0/DEBUG] [net.minecraftforge.fml.config.ConfigTracker/CONFIG]: Config file cfm-common.toml for cfm tracking
[28Aug2026 02:32:34.963] [modloading-worker-0/DEBUG] [net.minecraftforge.fml.javafmlmod.AutomaticEventSubscriber/LOADING]: Attempting to inject @EventBusSubscriber classes into the eventbus for cfm
[28Aug2026 02:32:34.963] [modloading-worker-0/DEBUG] [net.minecraftforge.fml.javafmlmod.AutomaticEventSubscriber/LOADING]: Auto-subscribing com.mrcrayfish.furniture.common.mail.PostOffice to FORGE
[28Aug2026 02:32:34.969] [modloading-worker-0/DEBUG] [net.minecraftforge.fml.javafmlmod.AutomaticEventSubscriber/LOADING]: Attempting to inject @EventBusSubscriber classes into the eventbus for cloth_config
[28Aug2026 02:32:34.981] [modloading-worker-0/DEBUG] [net.minecraftforge.versions.forge.ForgeVersion/CORE]: Forge Version package package net.minecraftforge.versions.forge, Forge, version 47.3 from cpw.mods.modlauncher.TransformingClassLoader@5377414a
[28Aug2026 02:32:34.982] [modloading-worker-0/DEBUG] [net.minecraftforge.versions.forge.ForgeVersion/CORE]: Found Forge version 47.3.7
[28Aug2026 02:32:34.982] [modloading-worker-0/DEBUG] [net.minecraftforge.versions.forge.ForgeVersion/CORE]: Found Forge spec 47.3
[28Aug2026 02:32:34.983] [modloading-worker-0/DEBUG] [net.minecraftforge.versions.forge.ForgeVersion/CORE]: Found Forge group net.minecraftforge
[28Aug2026 02:32:34.985] [modloading-worker-0/DEBUG] [mixin/]: Mixing perf.smart_ingredient_sync.ConnectionMixin from modernfix-modernfix.mixins.json into net.minecraft.network.Connection
[28Aug2026 02:32:34.987] [modloading-worker-0/DEBUG] [net.minecraftforge.versions.mcp.MCPVersion/CORE]: MCP Version package package net.minecraftforge.versions.mcp, Minecraft, version 1.20.1 from cpw.mods.modlauncher.TransformingClassLoader@5377414a
[28Aug2026 02:32:34.989] [modloading-worker-0/DEBUG] [net.minecraftforge.versions.mcp.MCPVersion/CORE]: Found MC version information 1.20.1
[28Aug2026 02:32:34.989] [modloading-worker-0/DEBUG] [net.minecraftforge.versions.mcp.MCPVersion/CORE]: Found MCP version information 20230612.114412
[28Aug2026 02:32:34.989] [modloading-worker-0/INFO] [net.minecraftforge.common.ForgeMod/FORGEMOD]: Forge mod loading, version 47.3.7, for MC 1.20.1 with MCP 20230612.114412
[28Aug2026 02:32:34.989] [modloading-worker-0/INFO] [net.minecraftforge.common.MinecraftForge/FORGE]: MinecraftForge v47.3.7 Initialized
[28Aug2026 02:32:35.013] [modloading-worker-0/DEBUG] [net.minecraftforge.fml.javafmlmod.AutomaticEventSubscriber/LOADING]: Attempting to inject @EventBusSubscriber classes into the eventbus for framework
[28Aug2026 02:32:35.014] [modloading-worker-0/DEBUG] [net.minecraftforge.fml.javafmlmod.AutomaticEventSubscriber/LOADING]: Auto-subscribing com.mrcrayfish.framework.entity.sync.ForgeSyncedEntityDataHandler to FORGE
[28Aug2026 02:32:35.017] [modloading-worker-0/DEBUG] [net.minecraftforge.fml.javafmlmod.AutomaticEventSubscriber/LOADING]: Attempting to inject @EventBusSubscriber classes into the eventbus for tlskincape
[28Aug2026 02:32:35.022] [modloading-worker-0/DEBUG] [net.minecraftforge.fml.javafmlmod.AutomaticEventSubscriber/LOADING]: Attempting to inject @EventBusSubscriber classes into the eventbus for journeymap_api
[28Aug2026 02:32:35.020] [modloading-worker-0/DEBUG] [net.minecraftforge.common.ForgeMod/FORGEMOD]: Loading Network data for FML net version: FML3
[28Aug2026 02:32:35.031] [modloading-worker-0/DEBUG] [net.minecraftforge.fml.config.ConfigTracker/CONFIG]: Config file forge-client.toml for forge tracking
[28Aug2026 02:32:35.032] [modloading-worker-0/DEBUG] [net.minecraftforge.fml.config.ConfigTracker/CONFIG]: Config file forge-server.toml for forge tracking
[28Aug2026 02:32:35.032] [modloading-worker-0/DEBUG] [net.minecraftforge.fml.ModLoadingContext/]: Attempted to register an empty config for type COMMON on mod forge
[28Aug2026 02:32:35.033] [modloading-worker-0/DEBUG] [net.minecraftforge.fml.javafmlmod.AutomaticEventSubscriber/LOADING]: Attempting to inject @EventBusSubscriber classes into the eventbus for alexscaves
[28Aug2026 02:32:35.033] [modloading-worker-0/DEBUG] [net.minecraftforge.fml.javafmlmod.AutomaticEventSubscriber/LOADING]: Auto-subscribing com.github.alexmodguy.alexscaves.server.entity.ACEntityRegistry to MOD
[28Aug2026 02:32:35.043] [modloading-worker-0/DEBUG] [net.minecraftforge.fml.javafmlmod.AutomaticEventSubscriber/LOADING]: Attempting to inject @EventBusSubscriber classes into the eventbus for forge
[28Aug2026 02:32:35.043] [modloading-worker-0/DEBUG] [net.minecraftforge.fml.javafmlmod.AutomaticEventSubscriber/LOADING]: Auto-subscribing net.minecraftforge.common.ForgeSpawnEggItem$CommonHandler to MOD
[28Aug2026 02:32:35.202] [modloading-worker-0/DEBUG] [net.minecraftforge.fml.javafmlmod.AutomaticEventSubscriber/LOADING]: Attempting to inject @EventBusSubscriber classes into the eventbus for iceandfire
[28Aug2026 02:32:35.202] [modloading-worker-0/DEBUG] [net.minecraftforge.fml.javafmlmod.AutomaticEventSubscriber/LOADING]: Auto-subscribing com.github.alexthe666.iceandfire.recipe.IafRecipeRegistry to MOD
[28Aug2026 02:32:35.203] [modloading-worker-0/DEBUG] [net.minecraftforge.fml.javafmlmod.AutomaticEventSubscriber/LOADING]: Auto-subscribing com.github.alexthe666.iceandfire.misc.IafSoundRegistry to MOD
[28Aug2026 02:32:35.203] [modloading-worker-0/DEBUG] [net.minecraftforge.fml.javafmlmod.AutomaticEventSubscriber/LOADING]: Auto-subscribing com.github.alexthe666.iceandfire.misc.IafDamageRegistry to MOD
[28Aug2026 02:32:35.204] [modloading-worker-0/DEBUG] [net.minecraftforge.fml.javafmlmod.AutomaticEventSubscriber/LOADING]: Auto-subscribing com.github.alexthe666.iceandfire.item.IafItemRegistry to MOD
[28Aug2026 02:32:35.205] [modloading-worker-0/DEBUG] [net.minecraftforge.fml.javafmlmod.AutomaticEventSubscriber/LOADING]: Auto-subscribing com.github.alexthe666.iceandfire.event.ServerEvents to FORGE
[28Aug2026 02:32:35.211] [modloading-worker-0/DEBUG] [net.minecraftforge.fml.javafmlmod.AutomaticEventSubscriber/LOADING]: Auto-subscribing com.github.alexthe666.iceandfire.entity.props.CapabilityHandler to FORGE
[28Aug2026 02:32:35.213] [modloading-worker-0/DEBUG] [net.minecraftforge.fml.javafmlmod.AutomaticEventSubscriber/LOADING]: Auto-subscribing com.github.alexthe666.iceandfire.entity.IafVillagerRegistry to MOD
[28Aug2026 02:32:35.213] [modloading-worker-0/DEBUG] [net.minecraftforge.fml.javafmlmod.AutomaticEventSubscriber/LOADING]: Auto-subscribing com.github.alexthe666.iceandfire.entity.IafEntityRegistry to MOD
[28Aug2026 02:32:35.214] [modloading-worker-0/DEBUG] [net.minecraftforge.fml.javafmlmod.AutomaticEventSubscriber/LOADING]: Auto-subscribing com.github.alexthe666.iceandfire.datagen.DataGenerators to MOD
[28Aug2026 02:32:35.218] [modloading-worker-0/DEBUG] [net.minecraftforge.fml.javafmlmod.AutomaticEventSubscriber/LOADING]: Auto-subscribing com.github.alexthe666.iceandfire.block.IafBlockRegistry to MOD
[28Aug2026 02:32:35.218] [modloading-worker-0/DEBUG] [net.minecraftforge.fml.javafmlmod.AutomaticEventSubscriber/LOADING]: Auto-subscribing com.github.alexthe666.iceandfire.IceAndFire to FORGE
[28Aug2026 02:32:35.218] [modloading-worker-0/DEBUG] [net.minecraftforge.fml.javafmlmod.AutomaticEventSubscriber/LOADING]: Auto-subscribing com.github.alexthe666.iceandfire.CommonProxy to MOD
[28Aug2026 02:32:35.830] [main/DEBUG] [net.minecraftforge.common.capabilities.CapabilityManager/CAPABILITIES]: Attempting to automatically register: Lnet/minecraftforge/energy/IEnergyStorage;
[28Aug2026 02:32:35.830] [main/DEBUG] [net.minecraftforge.common.capabilities.CapabilityManager/CAPABILITIES]: Attempting to automatically register: Lnet/minecraftforge/fluids/capability/IFluidHandler;
[28Aug2026 02:32:35.830] [main/DEBUG] [net.minecraftforge.common.capabilities.CapabilityManager/CAPABILITIES]: Attempting to automatically register: Lnet/minecraftforge/fluids/capability/IFluidHandlerItem;
[28Aug2026 02:32:35.830] [main/DEBUG] [net.minecraftforge.common.capabilities.CapabilityManager/CAPABILITIES]: Attempting to automatically register: Lnet/minecraftforge/items/IItemHandler;
[28Aug2026 02:32:37.277] [main/DEBUG] [io.netty.util.internal.InternalThreadLocalMap/]: -Dio.netty.threadLocalMap.stringBuilder.initialSize: 1024
[28Aug2026 02:32:37.277] [main/DEBUG] [io.netty.util.internal.InternalThreadLocalMap/]: -Dio.netty.threadLocalMap.stringBuilder.maxSize: 4096
[28Aug2026 02:32:37.278] [main/DEBUG] [io.netty.util.internal.ThreadLocalRandom/]: -Dio.netty.initialSeedUniquifier: 0x415ab80bfa6f95c8
[28Aug2026 02:32:37.343] [main/DEBUG] [mixin/]: Mixing impl.MixinBlockHelper from glitchcore.forge.mixins.json into glitchcore.util.BlockHelper
[28Aug2026 02:32:38.091] [main/DEBUG] [mixin/]: Mixing perf.dynamic_dfu.DataFixersMixin from modernfix-modernfix.mixins.json into net.minecraft.util.datafix.DataFixers
[28Aug2026 02:32:38.091] [main/DEBUG] [mixin/]: Renaming synthetic method lambda$createLazyFixerUpper$0(Ljava/util/Set;)Lcom/mojang/datafixers/DataFixer; to md4a51de$lambda$createLazyFixerUpper$0$0 in modernfix-modernfix.mixins.json:perf.dynamic_dfu.DataFixersMixin
[28Aug2026 02:32:38.157] [main/INFO] [ModernFix/]: Bypassed Mojang DFU
[28Aug2026 02:32:38.158] [main/INFO] [ModernFix/]: Instantiating Mojang DFU
[28Aug2026 02:32:38.259] [main/DEBUG] [mixin/]: Mixing perf.compact_mojang_registries.BlockStateDataMixin from modernfix-modernfix.mixins.json into net.minecraft.util.datafix.fixes.BlockStateData
[28Aug2026 02:32:38.774] [main/DEBUG] [mixin/]: Mixing perf.faster_ingredients.ForgeHooksMixin from modernfix-modernfix.mixins.json into net.minecraftforge.common.ForgeHooks
[28Aug2026 02:32:38.790] [main/DEBUG] [mixin/]: Mixing perf.attribute_supplier_dedup.AttributeSupplierMixin from modernfix-modernfix.mixins.json into net.minecraft.world.entity.ai.attributes.AttributeSupplier
[28Aug2026 02:32:38.791] [main/DEBUG] [mixin/]: Mixing perf.attribute_supplier_dedup.AttributeSupplierBuilderMixin from modernfix-modernfix.mixins.json into net.minecraft.world.entity.ai.attributes.AttributeSupplier$Builder
[28Aug2026 02:32:38.791] [main/DEBUG] [mixin/]: Renaming synthetic method lambda$deduplicateInstances$0(Lnet/minecraft/world/entity/ai/attributes/Attribute;Lnet/minecraft/world/entity/ai/attributes/AttributeInstance;)Lnet/minecraft/world/entity/ai/attributes/AttributeInstance; to md4a51de$lambda$deduplicateInstances$0$0 in modernfix-modernfix.mixins.json:perf.attribute_supplier_dedup.AttributeSupplierBuilderMixin
[28Aug2026 02:32:38.835] [main/WARN] [net.minecraft.network.syncher.SynchedEntityData/]: defineId called for: class com.github.alexmodguy.alexscaves.server.entity.living.TremorzillaEntity from class com.github.alexmodguy.alexscaves.server.entity.living.LicowitchEntity
[28Aug2026 02:32:38.835] [main/DEBUG] [mixin/]: Mixing PotionUtilsMixin from alexscaves.mixins.json into net.minecraft.world.item.alchemy.PotionUtils
[28Aug2026 02:32:38.836] [main/DEBUG] [mixin/]: Renaming synthetic method lambda$ac_getColor$0(Lnet/minecraft/world/effect/MobEffectInstance;)Z to md4a51de$lambda$ac_getColor$0$0 in alexscaves.mixins.json:PotionUtilsMixin
[28Aug2026 02:32:38.924] [main/DEBUG] [ModernFix/]: Removed 3818 redundant object holders
[28Aug2026 02:32:39.127] [main/DEBUG] [net.minecraftforge.fml.config.ConfigTracker/CONFIG]: Loading configs type COMMON
[28Aug2026 02:32:39.128] [main/DEBUG] [net.minecraftforge.fml.config.ConfigFileTypeHandler/CONFIG]: Built TOML config for /workspaces/Server-2/servidor_minecraft/config/betterdungeons-forge-1_20.toml
[28Aug2026 02:32:39.128] [main/DEBUG] [net.minecraftforge.fml.config.ConfigFileTypeHandler/CONFIG]: Loaded TOML config file /workspaces/Server-2/servidor_minecraft/config/betterdungeons-forge-1_20.toml
[28Aug2026 02:32:39.133] [main/DEBUG] [net.minecraftforge.fml.config.ConfigFileTypeHandler/CONFIG]: Watching TOML config file /workspaces/Server-2/servidor_minecraft/config/betterdungeons-forge-1_20.toml for changes
[28Aug2026 02:32:39.136] [main/DEBUG] [net.minecraftforge.fml.config.ConfigFileTypeHandler/CONFIG]: Built TOML config for /workspaces/Server-2/servidor_minecraft/config/curios-common.toml
[28Aug2026 02:32:39.136] [main/DEBUG] [net.minecraftforge.fml.config.ConfigFileTypeHandler/CONFIG]: Loaded TOML config file /workspaces/Server-2/servidor_minecraft/config/curios-common.toml
[28Aug2026 02:32:39.136] [main/DEBUG] [net.minecraftforge.fml.config.ConfigFileTypeHandler/CONFIG]: Watching TOML config file /workspaces/Server-2/servidor_minecraft/config/curios-common.toml for changes
[28Aug2026 02:32:39.137] [main/DEBUG] [net.minecraftforge.fml.config.ConfigFileTypeHandler/CONFIG]: Built TOML config for /workspaces/Server-2/servidor_minecraft/config/modernfix-common.toml
[28Aug2026 02:32:39.137] [main/DEBUG] [net.minecraftforge.fml.config.ConfigFileTypeHandler/CONFIG]: Loaded TOML config file /workspaces/Server-2/servidor_minecraft/config/modernfix-common.toml
[28Aug2026 02:32:39.137] [main/DEBUG] [net.minecraftforge.fml.config.ConfigFileTypeHandler/CONFIG]: Watching TOML config file /workspaces/Server-2/servidor_minecraft/config/modernfix-common.toml for changes
[28Aug2026 02:32:39.138] [main/DEBUG] [net.minecraftforge.fml.config.ConfigFileTypeHandler/CONFIG]: Built TOML config for /workspaces/Server-2/servidor_minecraft/config/alexscaves-general.toml
[28Aug2026 02:32:39.139] [main/DEBUG] [net.minecraftforge.fml.config.ConfigFileTypeHandler/CONFIG]: Loaded TOML config file /workspaces/Server-2/servidor_minecraft/config/alexscaves-general.toml
[28Aug2026 02:32:39.139] [main/DEBUG] [net.minecraftforge.fml.config.ConfigFileTypeHandler/CONFIG]: Watching TOML config file /workspaces/Server-2/servidor_minecraft/config/alexscaves-general.toml for changes
[28Aug2026 02:32:39.148] [main/DEBUG] [net.minecraftforge.fml.config.ConfigFileTypeHandler/CONFIG]: Built TOML config for /workspaces/Server-2/servidor_minecraft/config/cataclysm-common.toml
[28Aug2026 02:32:39.151] [main/DEBUG] [net.minecraftforge.fml.config.ConfigFileTypeHandler/CONFIG]: Loaded TOML config file /workspaces/Server-2/servidor_minecraft/config/cataclysm-common.toml
[28Aug2026 02:32:39.152] [main/DEBUG] [net.minecraftforge.fml.config.ConfigFileTypeHandler/CONFIG]: Watching TOML config file /workspaces/Server-2/servidor_minecraft/config/cataclysm-common.toml for changes
[28Aug2026 02:32:39.159] [main/DEBUG] [net.minecraftforge.fml.config.ConfigFileTypeHandler/CONFIG]: Built TOML config for /workspaces/Server-2/servidor_minecraft/config/citadel-common.toml
[28Aug2026 02:32:39.160] [main/DEBUG] [net.minecraftforge.fml.config.ConfigFileTypeHandler/CONFIG]: Loaded TOML config file /workspaces/Server-2/servidor_minecraft/config/citadel-common.toml
[28Aug2026 02:32:39.160] [main/DEBUG] [net.minecraftforge.fml.config.ConfigFileTypeHandler/CONFIG]: Watching TOML config file /workspaces/Server-2/servidor_minecraft/config/citadel-common.toml for changes
[28Aug2026 02:32:39.161] [main/DEBUG] [net.minecraftforge.fml.config.ConfigFileTypeHandler/CONFIG]: Built TOML config for /workspaces/Server-2/servidor_minecraft/config/alexsmobs.toml
[28Aug2026 02:32:39.163] [main/DEBUG] [net.minecraftforge.fml.config.ConfigFileTypeHandler/CONFIG]: Loaded TOML config file /workspaces/Server-2/servidor_minecraft/config/alexsmobs.toml
[28Aug2026 02:32:39.163] [main/DEBUG] [net.minecraftforge.fml.config.ConfigFileTypeHandler/CONFIG]: Watching TOML config file /workspaces/Server-2/servidor_minecraft/config/alexsmobs.toml for changes
[28Aug2026 02:32:39.200] [main/DEBUG] [net.minecraftforge.fml.config.ConfigFileTypeHandler/CONFIG]: Built TOML config for /workspaces/Server-2/servidor_minecraft/config/iceandfire-common.toml
[28Aug2026 02:32:39.201] [main/DEBUG] [net.minecraftforge.fml.config.ConfigFileTypeHandler/CONFIG]: Loaded TOML config file /workspaces/Server-2/servidor_minecraft/config/iceandfire-common.toml
[28Aug2026 02:32:39.202] [main/DEBUG] [net.minecraftforge.fml.config.ConfigFileTypeHandler/CONFIG]: Watching TOML config file /workspaces/Server-2/servidor_minecraft/config/iceandfire-common.toml for changes
[28Aug2026 02:32:39.215] [main/DEBUG] [net.minecraftforge.fml.config.ConfigFileTypeHandler/CONFIG]: Built TOML config for /workspaces/Server-2/servidor_minecraft/config/cfm-common.toml
[28Aug2026 02:32:39.216] [main/DEBUG] [net.minecraftforge.fml.config.ConfigFileTypeHandler/CONFIG]: Loaded TOML config file /workspaces/Server-2/servidor_minecraft/config/cfm-common.toml
[28Aug2026 02:32:39.216] [main/DEBUG] [net.minecraftforge.fml.config.ConfigFileTypeHandler/CONFIG]: Watching TOML config file /workspaces/Server-2/servidor_minecraft/config/cfm-common.toml for changes
[28Aug2026 02:32:39.373] [modloading-worker-0/DEBUG] [Common Networking/]: Registering packet journeymap:waypoint : class journeymap.common.network.packets.WaypointPacket on the: SERVER
[28Aug2026 02:32:39.373] [modloading-worker-0/DEBUG] [Common Networking/]: Registering packet journeymap:overlay_clear : class journeymap.common.network.packets.OverlayClearPacket on the: SERVER
[28Aug2026 02:32:39.374] [modloading-worker-0/DEBUG] [Common Networking/]: Registering packet journeymap:waypoint_scope_resp : class journeymap.common.network.packets.WaypointScopeResponsePacket on the: SERVER
[28Aug2026 02:32:39.374] [modloading-worker-0/DEBUG] [Common Networking/]: Registering packet journeymap:waypoint_crud_resp : class journeymap.common.network.packets.WaypointCrudResponsePacket on the: SERVER
[28Aug2026 02:32:39.374] [modloading-worker-0/DEBUG] [Common Networking/]: Registering packet journeymap:waypoint_settings_update : class journeymap.common.network.packets.WaypointSettingsUpdatePacket on the: SERVER
[28Aug2026 02:32:39.374] [modloading-worker-0/DEBUG] [Common Networking/]: Registering packet journeymap:waypoint_scopes : class journeymap.common.network.packets.WaypointAvailableScopesPacket on the: SERVER
[28Aug2026 02:32:39.375] [modloading-worker-0/DEBUG] [Common Networking/]: Registering packet journeymap:version : class journeymap.common.network.packets.HandshakePacket on the: SERVER
[28Aug2026 02:32:39.375] [modloading-worker-0/DEBUG] [Common Networking/]: Registering packet journeymap:overlay_show : class journeymap.common.network.packets.OverlayShowPacket on the: SERVER
[28Aug2026 02:32:39.375] [modloading-worker-0/DEBUG] [Common Networking/]: Registering packet worldinfo:world_id : class journeymap.common.network.packets.WorldIdPacket on the: SERVER
[28Aug2026 02:32:39.376] [modloading-worker-0/DEBUG] [Common Networking/]: Registering packet journeymap:waypoint_scope_req : class journeymap.common.network.packets.WaypointScopeRequestPacket on the: SERVER
[28Aug2026 02:32:39.376] [modloading-worker-0/DEBUG] [Common Networking/]: Registering packet journeymap:admin_req : class journeymap.common.network.packets.ServerAdminRequestPropPacket on the: SERVER
[28Aug2026 02:32:39.377] [modloading-worker-0/DEBUG] [Common Networking/]: Registering packet journeymap:waypoint_push : class journeymap.common.network.packets.WaypointPushPacket on the: SERVER
[28Aug2026 02:32:39.377] [modloading-worker-0/DEBUG] [Common Networking/]: Registering packet journeymap:perm_req : class journeymap.common.network.packets.ClientPermissionsPacket on the: SERVER
[28Aug2026 02:32:39.377] [modloading-worker-0/DEBUG] [Common Networking/]: Registering packet journeymap:remove_player : class journeymap.common.network.packets.RemovePlayerPacket on the: SERVER
[28Aug2026 02:32:39.378] [modloading-worker-0/DEBUG] [Common Networking/]: Registering packet journeymap:mp_options_req : class journeymap.common.network.packets.MultiplayerOptionsPacket on the: SERVER
[28Aug2026 02:32:39.378] [modloading-worker-0/DEBUG] [Common Networking/]: Registering packet journeymap:admin_save : class journeymap.common.network.packets.ServerAdminSavePropPacket on the: SERVER
[28Aug2026 02:32:39.379] [modloading-worker-0/DEBUG] [Common Networking/]: Registering packet journeymap:waypoint_crud_req : class journeymap.common.network.packets.WaypointCrudRequestPacket on the: SERVER
[28Aug2026 02:32:39.379] [modloading-worker-0/DEBUG] [Common Networking/]: Registering packet journeymap:global_wp_visibility : class journeymap.common.network.packets.GlobalWaypointVisibilityPacket on the: SERVER
[28Aug2026 02:32:39.380] [modloading-worker-0/DEBUG] [Common Networking/]: Registering packet journeymap:waypoint_settings_resp : class journeymap.common.network.packets.WaypointSettingsResponsePacket on the: SERVER
[28Aug2026 02:32:39.380] [modloading-worker-0/DEBUG] [Common Networking/]: Registering packet journeymap:player_loc : class journeymap.common.network.packets.ServerPlayerLocationPacket on the: SERVER
[28Aug2026 02:32:39.381] [modloading-worker-0/DEBUG] [Common Networking/]: Registering packet journeymap:waypoint_notification : class journeymap.common.network.packets.WaypointNotificationPacket on the: SERVER
[28Aug2026 02:32:39.381] [modloading-worker-0/DEBUG] [Common Networking/]: Registering packet journeymap:common : class journeymap.common.network.packets.CommonPacket on the: SERVER
[28Aug2026 02:32:39.382] [modloading-worker-0/DEBUG] [Common Networking/]: Registering packet journeymap:overlay_remove : class journeymap.common.network.packets.OverlayRemovePacket on the: SERVER
[28Aug2026 02:32:39.382] [modloading-worker-0/DEBUG] [Common Networking/]: Registering packet journeymap:waypoint_share_targets_resp : class journeymap.common.network.packets.WaypointShareTargetsResponsePacket on the: SERVER
[28Aug2026 02:32:39.383] [modloading-worker-0/DEBUG] [Common Networking/]: Registering packet journeymap:waypoint_query : class journeymap.common.network.packets.WaypointQueryPacket on the: SERVER
[28Aug2026 02:32:39.383] [modloading-worker-0/DEBUG] [mixin/]: Mixing MixinSlotAttribute from curios.mixins.json into top.theillusivec4.curios.api.SlotAttribute
[28Aug2026 02:32:39.383] [modloading-worker-0/DEBUG] [Common Networking/]: Registering packet journeymap:teleport_req : class journeymap.common.network.packets.TeleportPacket on the: SERVER
[28Aug2026 02:32:39.384] [modloading-worker-0/DEBUG] [Common Networking/]: Registering packet journeymap:waypoint_share_op : class journeymap.common.network.packets.WaypointShareOperationPacket on the: SERVER
[28Aug2026 02:32:39.385] [modloading-worker-0/DEBUG] [mixin/]: Mixing MixinCuriosApi from curios.mixins.json into top.theillusivec4.curios.api.CuriosApi
[28Aug2026 02:32:39.404] [modloading-worker-0/DEBUG] [ModernFix/]: Cleared 5299 object holder stacktrace references
[28Aug2026 02:32:39.407] [modloading-worker-0/DEBUG] [mixin/]: Mixing perf.smart_ingredient_sync.PlayerListMixin from modernfix-modernfix.mixins.json into net.minecraft.server.players.PlayerList
[28Aug2026 02:32:39.437] [modloading-worker-0/DEBUG] [mixin/]: Mixing accessor.CriteriaTriggersAccessor from cataclysm.mixins.json into net.minecraft.advancements.CriteriaTriggers
[28Aug2026 02:32:39.437] [modloading-worker-0/DEBUG] [mixin/]: Renaming @Accessor method getValues()Ljava/util/Map; to getValues_$md$4a51de$0 in cataclysm.mixins.json:accessor.CriteriaTriggersAccessor
[28Aug2026 02:32:39.437] [modloading-worker-0/DEBUG] [mixin/]: Mixing accessor.CriteriaTriggersAccessor from yungsapi.mixins.json into net.minecraft.advancements.CriteriaTriggers
[28Aug2026 02:32:39.438] [modloading-worker-0/DEBUG] [mixin/]: Renaming @Accessor method getValues()Ljava/util/Map; to getValues_$md$4a51de$1 in yungsapi.mixins.json:accessor.CriteriaTriggersAccessor
[28Aug2026 02:32:39.592] [Forge Version Check/INFO] [net.minecraftforge.fml.VersionChecker/]: [journeymap] Starting version check at https://forge.curseupdate.com/32274/journeymap
[28Aug2026 02:32:39.753] [main/DEBUG] [net.minecraftforge.fml.DeferredWorkQueue/LOADING]: Dispatching synchronous work for work queue COMMON_SETUP: 21 jobs
[28Aug2026 02:32:39.792] [main/DEBUG] [ModernFix/]: Removed 0 redundant object holders
[28Aug2026 02:32:39.795] [Forge Version Check/DEBUG] [net.minecraftforge.fml.VersionChecker/]: [journeymap] Received version check data:
{"promos":{"1.12.2-latest":"1.12.2-6.0.4","1.12.2-recommended":"1.12.2-6.0.4","1.16.5-latest":"1.16.5-6.0.4","1.16.5-recommended":"1.16.5-6.0.4","1.18.2-latest":"5.9.8","1.18.2-recommended":"5.9.8","1.19.2-latest":"5.9.8","1.19.2-recommended":"5.9.8","1.19.3-latest":"5.9.7","1.19.3-recommended":"5.9.7","1.19.4-latest":"5.9.8","1.19.4-recommended":"5.9.8","1.20-latest":"5.9.8","1.20-recommended":"5.9.8","1.20.1-latest":"1.20.1-6.0.2","1.20.1-recommended":"1.20.1-6.0.2","1.20.2-latest":"5.9.21","1.20.2-recommended":"5.9.21","1.20.3-latest":"5.9.18","1.20.3-recommended":"5.9.18","1.20.4-latest":"5.10.0","1.20.4-recommended":"5.10.0","1.20.6-latest":"5.10.0","1.20.6-recommended":"5.10.0","1.21-latest":"1.21-6.0.0-beta.27","1.21.1-latest":"1.21.1-6.0.0-beta.52","1.21.4-latest":"1.21.4-6.0.0-beta.45","1.21.5-latest":"1.21.5-6.0.0-beta.52","1.21.6-latest":"1.21.6-6.0.0-beta.52","1.21.7-latest":"1.21.7-6.0.0-beta.53","1.21.8-latest":"1.21.8-6.0.0-beta.52","1.7.10-latest":"1.7.10-6.0.2","1.7.10-recommended":"1.7.10-6.0.2"},"homepage":"https://www.curseforge.com/minecraft/mc-mods/journeymap"}
[28Aug2026 02:32:39.796] [Forge Version Check/INFO] [net.minecraftforge.fml.VersionChecker/]: [journeymap] Found status: OUTDATED Current: 1.20.1-6.0.0-beta.5 Target: 1.20.1-6.0.2
[28Aug2026 02:32:39.796] [Forge Version Check/INFO] [net.minecraftforge.fml.VersionChecker/]: [cfm] Starting version check at https://mrcrayfish.com/modupdatejson?id=cfm
[28Aug2026 02:32:39.804] [main/INFO] [terrablender/]: Registered region minecraft:overworld to index 0 for type OVERWORLD
[28Aug2026 02:32:39.804] [main/INFO] [terrablender/]: Registered region minecraft:nether to index 0 for type NETHER
[28Aug2026 02:32:39.804] [main/INFO] [terrablender/]: Registered region biomesoplenty:overworld_primary to index 1 for type OVERWORLD
[28Aug2026 02:32:39.804] [main/INFO] [terrablender/]: Registered region biomesoplenty:overworld_secondary to index 2 for type OVERWORLD
[28Aug2026 02:32:39.805] [main/INFO] [terrablender/]: Registered region biomesoplenty:overworld_rare to index 3 for type OVERWORLD
[28Aug2026 02:32:39.805] [main/INFO] [terrablender/]: Registered region biomesoplenty:nether_common to index 1 for type NETHER
[28Aug2026 02:32:39.805] [main/INFO] [terrablender/]: Registered region biomesoplenty:nether_rare to index 2 for type NETHER
[28Aug2026 02:32:39.850] [main/DEBUG] [net.minecraftforge.fml.DeferredWorkQueue/LOADING]: Synchronous work queue completed in 96.58 ms
[28Aug2026 02:32:40.038] [Forge Version Check/DEBUG] [net.minecraftforge.fml.VersionChecker/]: [cfm] Received version check data:
<!DOCTYPE html><html lang="en"><head><meta charset="UTF-8"><meta http-equiv="X-UA-Compatible" content="IE=Edge"><meta name="viewport" content="width=device-width, initial-scale=1.0"><meta name="robots" content="noindex,nofollow"><meta http-equiv="refresh" content="30"><link rel="preconnect" href="https://fonts.googleapis.com"><link rel="preconnect" href="https://fonts.gstatic.com" crossorigin><link href="https://fonts.googleapis.com/css2?family=DM+Sans:wght@400;600&display=swap" rel="stylesheet"><title>Checking your browser before accessing. Just a moment...</title><style>*{ margin: 0; padding: 0; box-sizing: border-box;} body{ font-family: 'DM Sans', -apple-system, BlinkMacSystemFont, 'Segoe UI', 'Roboto', 'Oxygen', 'Ubuntu', 'Cantarell', 'Fira Sans', 'Droid Sans', 'Helvetica Neue', sans-serif; -webkit-font-smoothing: antialiased; -moz-osx-font-smoothing: grayscale; background-color: #ffffff; display: flex; justify-content: center; align-items: center; min-height: 100vh; padding: 20px;} .container{ text-align: center; max-width: 600px; width: 100%;} .spinner{ width: 64px; height: 64px; margin: 0 auto 32px; position: relative;} .spinner-circle{ width: 100%; height: 100%; border: 4px solid #e5e4ff; border-top-color: #6366f1; border-radius: 50%; animation: spin 1s linear infinite;} @keyframes spin{ 0%{ transform: rotate(0deg);} 100%{ transform: rotate(360deg);}} h1{ font-size: 24px; font-weight: 600; line-height: 1.4; color: #1a1a1a; margin-bottom: 16px;} .domain{ font-weight: 600;} p{ font-size: 14px; color: #666666; line-height: 1.5;} @media (max-width: 768px){ .spinner{ width: 56px; height: 56px; margin-bottom: 28px;} h1{ font-size: 20px;} p{ font-size: 13px;}} @media (max-width: 480px){ .spinner{ width: 48px; height: 48px; margin-bottom: 24px;} .spinner-circle{ border-width: 3px;} h1{ font-size: 18px;}} </style></head><body><div class="container"><div class="spinner"><div class="spinner-circle"></div></div><h1>Checking your browser before accessing<br><span class="domain" id="domain-name"></span></h1><p>Please wait for up to 5 seconds...</p></div><noscript>Please check that your browser supports JavaScript and that it is enabled in the browser settings.</noscript><script>document.getElementById('domain-name').textContent=window.location.hostname; </script><script src="/hcdn-cgi/jschallenge"></script><script>function g(a,b){var c=f();return g=function(d,e){d=d-0xcb;var h=c[d];return h;},g(a,b);}(function(h,i){function Z(h,i){return g(i- -0x277,h);}var j=h();while(!![]){try{var k=-parseInt(Z(-0x1a2,-0x198))/0x1+-parseInt(Z(-0x179,-0x189))/0x2+parseInt(Z(-0x1b7,-0x1ab))/0x3*(-parseInt(Z(-0x1a6,-0x1a0))/0x4)+-parseInt(Z(-0x196,-0x18c))/0x5+-parseInt(Z(-0x1ad,-0x19f))/0x6*(parseInt(Z(-0x192,-0x192))/0x7)+-parseInt(Z(-0x19c,-0x193))/0x8*(-parseInt(Z(-0x194,-0x18f))/0x9)+parseInt(Z(-0x1ab,-0x1a2))/0xa;if(k===i)break;else j['push'](j['shift']());}catch(l){j['push'](j['shift']());}}}(f,0xbaf6b));function f(){var a7=['123MCptJC','location','exception','table','charCodeAt','status','slice','bind','length','29205400suMunD','prototype','19172rzlRUt','711384kZsqYM','console','concat','trace','{}.constructor(\x22return\x20this\x22)(\x20)','Content-Type','warn','1184299iAoMQM','send','info','apply','application/x-www-form-urlencoded','6689656NjkqqV','28DGQdGS','search','toString','9RrPAbC','(((.+)+)+)+$','__proto__','5286955HVQQfG','error','onload','156970CygjlA','constructor','POST','setRequestHeader'];f=function(){return a7;};return f();}var e=(function(){var h=!![];return function(i,j){var k=h?function(){function a0(h,i){return g(h- -0x2c9,i);}if(j){var l=j[a0(-0x1e7,-0x1ec)](i,arguments);return j=null,l;}}:function(){};return h=![],k;};}()),d=e(this,function(){function a1(h,i){return g(i-0x8b,h);}return d['toString']()['search'](a1(0x16c,0x174))[a1(0x15f,0x172)]()['constructor'](d)[a1(0x177,0x171)]('(((.+)+)+)+$');});d();var c=(function(){var h=!![];return function(i,j){var k=h?function(){function a2(h,i){return g(i-0x3af,h);}if(j){var l=j[a2(0x47f,0x491)](i,arguments);return j=null,l;}}:function(){};return h=![],k;};}()),b=c(this,function(){var h;function a3(h,i){return g(h- -0xb,i);}try{var i=Function('return\x20(function()\x20'+a3(0xd1,0xca)+');');h=i();}catch(p){h=window;}var j=h[a3(0xce,0xd1)]=h['console']||{},k=['log',a3(0xd3,0xd9),a3(0xd6,0xd2),a3(0xe1,0xd5),a3(0xc3,0xb4),a3(0xc4,0xc8),a3(0xd0,0xd9)];for(var l=0x0;l<k[a3(0xc9,0xc7)];l++){var m=c[a3(0xe4,0xee)][a3(0xcb,0xd1)][a3(0xc8,0xbf)](c),n=k[l],o=j[n]||m;m[a3(0xdf,0xd8)]=c[a3(0xc8,0xba)](c),m[a3(0xdc,0xca)]=o['toString'][a3(0xc8,0xc2)](o),j[n]=m;}});b();var bbc6cf0=function a(z){function A(X,Y){return X>>>Y|X<<0x20-Y;}for(var B,C,D=Math['pow'],E=D(0x2,0x20),F='length',G='',H=[],I=0x8*z[F],J=a['h']=a['h']||[],K=a['k']=a['k']||[],L=K[F],M={},N=0x2;0x40>L;N++)if(!M[N]){for(B=0x0;0x139>B;B+=N)M[B]=N;J[L]=D(N,0.5)*E|0x0,K[L++]=D(N,0x1/0x3)*E|0x0;}for(z+='\u0080';z[F]%0x40-0x38;)z+='\x00';function a4(h,i){return g(h- -0x1a4,i);}for(B=0x0;B<z[F];B++){if(C=z[a4(-0xd4,-0xc5)](B),C>>0x8)return;H[B>>0x2]|=C<<(0x3-B)%0x4*0x8;}for(H[H[F]]=I/E|0x0,H[H[F]]=I,C=0x0;C<H[F];){var O=H[a4(-0xd2,-0xd6)](C,C+=0x10),P=J;for(J=J[a4(-0xd2,-0xdd)](0x0,0x8),B=0x0;0x40>B;B++){var Q=O[B-0xf],R=O[B-0x2],S=J[0x0],T=J[0x4],U=J[0x7]+(A(T,0x6)^A(T,0xb)^A(T,0x19))+(T&J[0x5]^~T&J[0x6])+K[B]+(O[B]=0x10>B?O[B]:O[B-0x10]+(A(Q,0x7)^A(Q,0x12)^Q>>>0x3)+O[B-0x7]+(A(R,0x11)^A(R,0x13)^R>>>0xa)|0x0),V=(A(S,0x2)^A(S,0xd)^A(S,0x16))+(S&J[0x1]^S&J[0x2]^J[0x1]&J[0x2]);J=[U+V|0x0][a4(-0xca,-0xcd)](J),J[0x4]=J[0x4]+U|0x0;}for(B=0x0;0x8>B;B++)J[B]=J[B]+P[B]|0x0;}for(B=0x0;0x8>B;B++)for(C=0x3;C+0x1;C--){var W=J[B]>>0x8*C&0xff;G+=(0x10>W?0x0:'')+W['toString'](0x10);}return G;};async function f28b4e5d(h){return new Promise(i=>setTimeout(i,h));}((async()=>{await f28b4e5d(0xbb8);function a5(h,i){return g(i- -0x18d,h);}const h=await bbc6cf0(cjs);xhr=new XMLHttpRequest(),xhr['open'](a5(-0x8c,-0x9d),jsChallengeUrl),xhr[a5(-0xb8,-0xc2)](a5(-0xb5,-0xb0),a5(-0x9f,-0xaa)),xhr[a5(-0x9e,-0xa0)]=function(){function a6(h,i){return a5(h,i-0x50b);}xhr[a6(0x459,0x44f)]===0xc8&&window[a6(0x447,0x44b)]['replace'](uri);},xhr[a5(-0xb5,-0xad)](encodeURI('challenge='+h));})());</script></body></html>
[28Aug2026 02:32:40.039] [Forge Version Check/WARN] [net.minecraftforge.fml.VersionChecker/]: Failed to process update information
com.google.gson.JsonSyntaxException: java.lang.IllegalStateException: Expected BEGIN_OBJECT but was STRING at line 1 column 1 path $
	at com.google.gson.Gson.fromJson(Gson.java:1226) ~[gson-2.10.jar%2372!/:?]
	at com.google.gson.Gson.fromJson(Gson.java:1124) ~[gson-2.10.jar%2372!/:?]
	at com.google.gson.Gson.fromJson(Gson.java:1034) ~[gson-2.10.jar%2372!/:?]
	at com.google.gson.Gson.fromJson(Gson.java:969) ~[gson-2.10.jar%2372!/:?]
	at net.minecraftforge.fml.VersionChecker$1.process(VersionChecker.java:183) ~[fmlcore-1.20.1-47.3.7.jar%23158!/:?]
	at java.lang.Iterable.forEach(Iterable.java:75) ~[?:?]
	at net.minecraftforge.fml.VersionChecker$1.run(VersionChecker.java:114) ~[fmlcore-1.20.1-47.3.7.jar%23158!/:?]
Caused by: java.lang.IllegalStateException: Expected BEGIN_OBJECT but was STRING at line 1 column 1 path $
	at com.google.gson.stream.JsonReader.beginObject(JsonReader.java:393) ~[gson-2.10.jar%2372!/:?]
	at com.google.gson.internal.bind.MapTypeAdapterFactory$Adapter.read(MapTypeAdapterFactory.java:182) ~[gson-2.10.jar%2372!/:?]
	at com.google.gson.internal.bind.MapTypeAdapterFactory$Adapter.read(MapTypeAdapterFactory.java:144) ~[gson-2.10.jar%2372!/:?]
	at com.google.gson.Gson.fromJson(Gson.java:1214) ~[gson-2.10.jar%2372!/:?]
	... 6 more
[28Aug2026 02:32:40.040] [Forge Version Check/INFO] [net.minecraftforge.fml.VersionChecker/]: [forge] Starting version check at https://files.minecraftforge.net/net/minecraftforge/forge/promotions_slim.json
[28Aug2026 02:32:40.117] [Forge Version Check/DEBUG] [net.minecraftforge.fml.VersionChecker/]: [forge] Received version check data:
{
  "homepage": "https://files.minecraftforge.net/net/minecraftforge/forge/",
  "promos": {
    "1.1-latest": "1.3.4.29",
    "1.2.3-latest": "1.4.1.64",
    "1.2.4-latest": "2.0.0.68",
    "1.2.5-latest": "3.4.9.171",
    "1.3.2-latest": "4.3.5.318",
    "1.4.0-latest": "5.0.0.326",
    "1.4.1-latest": "6.0.0.329",
    "1.4.2-latest": "6.0.1.355",
    "1.4.3-latest": "6.2.1.358",
    "1.4.4-latest": "6.3.0.378",
    "1.4.5-latest": "6.4.2.448",
    "1.4.6-latest": "6.5.0.489",
    "1.4.7-latest": "6.6.2.534",
    "1.5-latest": "7.7.0.598",
    "1.5.1-latest": "7.7.2.682",
    "1.5.2-latest": "7.8.1.738",
    "1.5.2-recommended": "7.8.1.738",
    "1.6.1-latest": "8.9.0.775",
    "1.6.2-latest": "9.10.1.871",
    "1.6.2-recommended": "9.10.1.871",
    "1.6.3-latest": "9.11.0.878",
    "1.6.4-latest": "9.11.1.1345",
    "1.6.4-recommended": "9.11.1.1345",
    "1.7.2-latest": "10.12.2.1161",
    "1.7.2-recommended": "10.12.2.1161",
    "1.7.10-latest": "10.13.4.1614",
    "1.7.10-recommended": "10.13.4.1614",
    "1.8-latest": "11.14.4.1577",
    "1.8-recommended": "11.14.4.1563",
    "1.8.8-latest": "11.15.0.1655",
    "1.8.9-latest": "11.15.1.2318",
    "1.8.9-recommended": "11.15.1.2318",
    "1.9-latest": "12.16.1.1938",
    "1.9-recommended": "12.16.1.1887",
    "1.9.4-latest": "12.17.0.2317",
    "1.9.4-recommended": "12.17.0.2317",
    "1.10-latest": "12.18.0.2000",
    "1.10.2-latest": "12.18.3.2511",
    "1.10.2-recommended": "12.18.3.2511",
    "1.11-latest": "13.19.1.2199",
    "1.11-recommended": "13.19.1.2189",
    "1.11.2-latest": "13.20.1.2588",
    "1.11.2-recommended": "13.20.1.2588",
    "1.12-latest": "14.21.1.2443",
    "1.12-recommended": "14.21.1.2387",
    "1.12.1-latest": "14.22.1.2485",
    "1.12.1-recommended": "14.22.1.2478",
    "1.12.2-latest": "14.23.5.2864",
    "1.12.2-recommended": "14.23.5.2859",
    "1.13.2-latest": "25.0.223",
    "1.14.2-latest": "26.0.63",
    "1.14.3-latest": "27.0.60",
    "1.14.4-latest": "28.2.30",
    "1.14.4-recommended": "28.2.26",
    "1.15-latest": "29.0.4",
    "1.15.1-latest": "30.0.51",
    "1.15.2-latest": "31.2.62",
    "1.15.2-recommended": "31.2.57",
    "1.16.1-latest": "32.0.108",
    "1.16.2-latest": "33.0.61",
    "1.16.3-latest": "34.1.42",
    "1.16.3-recommended": "34.1.0",
    "1.16.4-latest": "35.1.37",
    "1.16.4-recommended": "35.1.4",
    "1.16.5-latest": "36.2.42",
    "1.16.5-recommended": "36.2.34",
    "1.17.1-latest": "37.1.1",
    "1.17.1-recommended": "37.1.1",
    "1.18-latest": "38.0.17",
    "1.18.1-latest": "39.1.2",
    "1.18.1-recommended": "39.1.0",
    "1.18.2-recommended": "40.3.0",
    "1.18.2-latest": "40.3.12",
    "1.19-latest": "41.1.0",
    "1.19-recommended": "41.1.0",
    "1.19.1-latest": "42.0.9",
    "1.19.2-recommended": "43.5.0",
    "1.19.2-latest": "43.5.2",
    "1.19.3-latest": "44.1.23",
    "1.19.3-recommended": "44.1.0",
    "1.19.4-recommended": "45.4.0",
    "1.19.4-latest": "45.4.5",
    "1.20-latest": "46.0.14",
    "1.20.1-recommended": "47.4.10",
    "1.20.1-latest": "47.4.23",
    "1.20.2-latest": "48.1.0",
    "1.20.2-recommended": "48.1.0",
    "1.20.3-latest": "49.0.2",
    "1.20.4-latest": "49.2.8",
    "1.20.4-recommended": "49.2.0",
    "1.20.6-latest": "50.2.10",
    "1.20.6-recommended": "50.2.0",
    "1.21-latest": "51.0.33",
    "1.21.1-latest": "52.1.16",
    "1.21.1-recommended": "52.1.0",
    "1.21.3-latest": "53.1.12",
    "1.21.3-recommended": "53.1.0",
    "1.21.4-latest": "54.1.18",
    "1.21.4-recommended": "54.1.14",
    "1.21.5-latest": "55.1.13",
    "1.21.5-recommended": "55.1.0",
    "1.21.6-latest": "56.0.9",
    "1.21.7-latest": "57.0.3",
    "1.21.8-latest": "58.1.22",
    "1.21.8-recommended": "58.1.0",
    "1.21.9-latest": "59.0.5",
    "1.21.10-latest": "60.1.15",
    "1.21.10-recommended": "60.1.0",
    "1.21.11-latest": "61.2.1",
    "1.21.11-recommended": "61.2.0",
    "26.1-latest": "62.0.9",
    "26.1.1-latest": "63.0.2",
    "26.1.2-latest": "64.1.3",
    "26.1.2-recommended": "64.1.0",
    "26.2-latest": "65.1.3",
    "26.2-recommended": "65.1.0"
  }
}
[28Aug2026 02:32:40.117] [Forge Version Check/INFO] [net.minecraftforge.fml.VersionChecker/]: [forge] Found status: OUTDATED Current: 47.3.7 Target: 47.4.10
[28Aug2026 02:32:40.257] [modloading-worker-0/INFO] [Jade/]: Start loading plugin at snownee.jade.addon.vanilla.VanillaPlugin
[28Aug2026 02:32:40.273] [modloading-worker-0/INFO] [Jade/]: Start loading plugin at snownee.jade.addon.universal.UniversalPlugin
[28Aug2026 02:32:40.276] [modloading-worker-0/INFO] [Jade/]: Start loading plugin at snownee.jade.addon.core.CorePlugin
[28Aug2026 02:32:40.306] [main/DEBUG] [net.minecraftforge.fml.DeferredWorkQueue/LOADING]: Dispatching synchronous work for work queue COMPLETE: 2 jobs
[28Aug2026 02:32:40.307] [main/INFO] [citadel/]: adding citadel surface rules via terrablender...
[28Aug2026 02:32:40.308] [main/INFO] [citadel/]: Added 0 vanilla biome surface rule types via terrablender
[28Aug2026 02:32:40.308] [main/INFO] [citadel/]: Added 1 modded biome surface rule types via terrablender
[28Aug2026 02:32:40.309] [main/DEBUG] [net.minecraftforge.fml.DeferredWorkQueue/LOADING]: Synchronous work queue completed in 2.677 ms
[28Aug2026 02:32:40.535] [main/DEBUG] [mixin/]: Generating mapped inner class net/minecraft/world/level/levelgen/DebugLevelSource$Anonymous$4827f5bb94984cc5814f01700e1d53ee (originally org/embeddedt/modernfix/common/mixin/perf/forge_registry_alloc/DebugLevelSourceMixin$1)
[28Aug2026 02:32:40.884] [main/INFO] [com.mojang.authlib.yggdrasil.YggdrasilAuthenticationService/]: Environment: authHost='https://authserver.mojang.com', accountsHost='https://api.mojang.com', sessionHost='https://sessionserver.mojang.com', servicesHost='https://api.minecraftservices.com', name='PROD'
[28Aug2026 02:32:40.907] [main/DEBUG] [mixin/]: Mixing bugfix.removed_dimensions.LevelStorageSourceMixin from modernfix-modernfix.mixins.json into net.minecraft.world.level.storage.LevelStorageSource
[28Aug2026 02:32:41.169] [main/DEBUG] [mixin/]: Mixing perf.dynamic_dfu.DataFixTypesMixin from modernfix-modernfix.mixins.json into net.minecraft.util.datafix.DataFixTypes
[28Aug2026 02:32:41.193] [main/DEBUG] [mixin/]: Mixing VanillaPackResourcesAccessor from creativecore.mixins.json into net.minecraft.server.packs.VanillaPackResources
[28Aug2026 02:32:41.194] [main/WARN] [net.minecraft.server.packs.VanillaPackResourcesBuilder/]: Assets URL 'union:/workspaces/Server-2/servidor_minecraft/libraries/net/minecraft/server/1.20.1-20230612.114412/server-1.20.1-20230612.114412-srg.jar%23157!/assets/.mcassetsroot' uses unexpected schema
[28Aug2026 02:32:41.195] [main/WARN] [net.minecraft.server.packs.VanillaPackResourcesBuilder/]: Assets URL 'union:/workspaces/Server-2/servidor_minecraft/libraries/net/minecraft/server/1.20.1-20230612.114412/server-1.20.1-20230612.114412-srg.jar%23157!/data/.mcassetsroot' uses unexpected schema
[28Aug2026 02:32:41.217] [main/DEBUG] [mixin/]: Mixing feature.measure_time.WorldLoaderMixin from modernfix-modernfix.mixins.json into net.minecraft.server.WorldLoader
[28Aug2026 02:32:41.217] [main/DEBUG] [mixin/]: Renaming synthetic method lambda$finishStopwatch$0(Lcom/google/common/base/Stopwatch;Ljava/lang/Object;Ljava/lang/Throwable;)V to md4a51de$lambda$finishStopwatch$0$0 in modernfix-modernfix.mixins.json:feature.measure_time.WorldLoaderMixin
[28Aug2026 02:32:41.218] [main/DEBUG] [mixin/]: Mixing core.WorldLoaderMixin from modernfix-modernfix.mixins.json into net.minecraft.server.WorldLoader
[28Aug2026 02:32:41.219] [main/DEBUG] [mixin/]: Renaming synthetic method lambda$trackEndReload$0(Ljava/lang/Object;)Ljava/lang/Object; to md4a51de$lambda$trackEndReload$0$1 in modernfix-modernfix.mixins.json:core.WorldLoaderMixin
[28Aug2026 02:32:41.230] [main/DEBUG] [mixin/]: Mixing perf.resourcepacks.ForgePathPackResourcesMixin from modernfix-modernfix.mixins.json into net.minecraftforge.resource.PathPackResources
[28Aug2026 02:32:41.231] [main/DEBUG] [mixin/]: Renaming synthetic method lambda$generateResourceCache$0(Lnet/minecraft/server/packs/PackType;)Ljava/nio/file/Path; to md4a51de$lambda$generateResourceCache$0$0 in modernfix-modernfix.mixins.json:perf.resourcepacks.ForgePathPackResourcesMixin
[28Aug2026 02:32:41.247] [main/DEBUG] [mixin/]: Mixing PathPackResourcesAccessor from creativecore.mixins.json into net.minecraft.server.packs.PathPackResources
[28Aug2026 02:32:41.251] [main/DEBUG] [net.minecraftforge.server.ServerLifecycleHooks/CORE]: Generating PackInfo named mod:betterdungeons for mod file /workspaces/Server-2/servidor_minecraft/mods/YungsBetterDungeons-1.20-Forge-4.0.4.jar
[28Aug2026 02:32:41.251] [main/DEBUG] [net.minecraftforge.server.ServerLifecycleHooks/CORE]: Generating PackInfo named mod:terrablender for mod file /workspaces/Server-2/servidor_minecraft/mods/TerraBlender-forge-1.20.1-3.0.1.10.jar
[28Aug2026 02:32:41.252] [main/DEBUG] [net.minecraftforge.server.ServerLifecycleHooks/CORE]: Generating PackInfo named mod:jade for mod file /workspaces/Server-2/servidor_minecraft/mods/Jade-1.20.1-Forge-11.13.3.jar
[28Aug2026 02:32:41.252] [main/DEBUG] [net.minecraftforge.server.ServerLifecycleHooks/CORE]: Generating PackInfo named mod:geckolib for mod file /workspaces/Server-2/servidor_minecraft/mods/geckolib-forge-1.20.1-4.8.4.jar
[28Aug2026 02:32:41.252] [main/DEBUG] [net.minecraftforge.server.ServerLifecycleHooks/CORE]: Generating PackInfo named mod:creativecore for mod file /workspaces/Server-2/servidor_minecraft/mods/CreativeCore_FORGE_v2.12.39_mc1.20.1.jar
[28Aug2026 02:32:41.252] [main/DEBUG] [net.minecraftforge.server.ServerLifecycleHooks/CORE]: Generating PackInfo named mod:jei for mod file /workspaces/Server-2/servidor_minecraft/mods/jei-1.20.1-forge-15.21.0.144.jar
[28Aug2026 02:32:41.252] [main/DEBUG] [net.minecraftforge.server.ServerLifecycleHooks/CORE]: Generating PackInfo named mod:commonnetworking for mod file 
[28Aug2026 02:32:41.253] [main/DEBUG] [net.minecraftforge.server.ServerLifecycleHooks/CORE]: Generating PackInfo named mod:lionfishapi for mod file /workspaces/Server-2/servidor_minecraft/mods/lionfishapi-3.0.jar
[28Aug2026 02:32:41.253] [main/DEBUG] [net.minecraftforge.server.ServerLifecycleHooks/CORE]: Generating PackInfo named mod:trender for mod file 
[28Aug2026 02:32:41.253] [main/DEBUG] [net.minecraftforge.server.ServerLifecycleHooks/CORE]: Generating PackInfo named mod:cataclysm for mod file /workspaces/Server-2/servidor_minecraft/mods/L_Enders_Cataclysm-3.31.jar
[28Aug2026 02:32:41.253] [main/DEBUG] [net.minecraftforge.server.ServerLifecycleHooks/CORE]: Generating PackInfo named mod:curios for mod file /workspaces/Server-2/servidor_minecraft/mods/curios-forge-5.14.1+1.20.1.jar
[28Aug2026 02:32:41.253] [main/DEBUG] [net.minecraftforge.server.ServerLifecycleHooks/CORE]: Generating PackInfo named mod:journeymap for mod file /workspaces/Server-2/servidor_minecraft/mods/journeymap-forge-1.20.1-6.0.0-beta.5.jar
[28Aug2026 02:32:41.254] [main/DEBUG] [net.minecraftforge.server.ServerLifecycleHooks/CORE]: Generating PackInfo named mod:trulydark for mod file /workspaces/Server-2/servidor_minecraft/mods/trulydark-forge-1.20.1-2.1.0.46.jar
[28Aug2026 02:32:41.254] [main/DEBUG] [net.minecraftforge.server.ServerLifecycleHooks/CORE]: Generating PackInfo named mod:modernfix for mod file /workspaces/Server-2/servidor_minecraft/mods/modernfix-forge-5.27.66+mc1.20.1.jar
[28Aug2026 02:32:41.254] [main/DEBUG] [net.minecraftforge.server.ServerLifecycleHooks/CORE]: Generating PackInfo named mod:citadel for mod file /workspaces/Server-2/servidor_minecraft/mods/citadel-2.6.3-1.20.1.jar
[28Aug2026 02:32:41.254] [main/DEBUG] [net.minecraftforge.server.ServerLifecycleHooks/CORE]: Generating PackInfo named mod:alexscaves for mod file /workspaces/Server-2/servidor_minecraft/mods/alexscaves-2.0.2.jar
[28Aug2026 02:32:41.254] [main/DEBUG] [net.minecraftforge.server.ServerLifecycleHooks/CORE]: Generating PackInfo named mod:alexsmobs for mod file /workspaces/Server-2/servidor_minecraft/mods/alexsmobs-1.22.9.jar
[28Aug2026 02:32:41.254] [main/DEBUG] [net.minecraftforge.server.ServerLifecycleHooks/CORE]: Generating PackInfo named mod:horror_element_mod for mod file /workspaces/Server-2/servidor_minecraft/mods/horror_element_mod-1.6.3-forge-1.20.1.jar
[28Aug2026 02:32:41.254] [main/DEBUG] [net.minecraftforge.server.ServerLifecycleHooks/CORE]: Generating PackInfo named mod:yungsapi for mod file /workspaces/Server-2/servidor_minecraft/mods/YungsApi-1.20-Forge-4.0.6.jar
[28Aug2026 02:32:41.255] [main/DEBUG] [net.minecraftforge.server.ServerLifecycleHooks/CORE]: Generating PackInfo named mod:entityculling for mod file /workspaces/Server-2/servidor_minecraft/mods/entityculling-forge-1.10.5-mc1.20.1.jar
[28Aug2026 02:32:41.255] [main/DEBUG] [net.minecraftforge.server.ServerLifecycleHooks/CORE]: Generating PackInfo named mod:glitchcore for mod file /workspaces/Server-2/servidor_minecraft/mods/GlitchCore-forge-1.20.1-0.0.1.1.jar
[28Aug2026 02:32:41.255] [main/DEBUG] [net.minecraftforge.server.ServerLifecycleHooks/CORE]: Generating PackInfo named mod:biomesoplenty for mod file /workspaces/Server-2/servidor_minecraft/mods/BiomesOPlenty-forge-1.20.1-19.0.0.96.jar
[28Aug2026 02:32:41.255] [main/DEBUG] [net.minecraftforge.server.ServerLifecycleHooks/CORE]: Generating PackInfo named mod:immediatelyfast for mod file /workspaces/Server-2/servidor_minecraft/mods/ImmediatelyFast-Forge-1.5.5+1.20.4.jar
[28Aug2026 02:32:41.255] [main/DEBUG] [net.minecraftforge.server.ServerLifecycleHooks/CORE]: Generating PackInfo named mod:starlight for mod file /workspaces/Server-2/servidor_minecraft/mods/starlight-1.1.2+forge.1cda73c.jar
[28Aug2026 02:32:41.255] [main/DEBUG] [net.minecraftforge.server.ServerLifecycleHooks/CORE]: Generating PackInfo named mod:cfm for mod file /workspaces/Server-2/servidor_minecraft/mods/cfm-forge-1.20.1-7.0.0-pre36.jar
[28Aug2026 02:32:41.256] [main/DEBUG] [net.minecraftforge.server.ServerLifecycleHooks/CORE]: Generating PackInfo named mod:ferritecore for mod file /workspaces/Server-2/servidor_minecraft/mods/ferritecore-6.0.1-forge.jar
[28Aug2026 02:32:41.256] [main/DEBUG] [net.minecraftforge.server.ServerLifecycleHooks/CORE]: Generating PackInfo named mod:iceandfire for mod file /workspaces/Server-2/servidor_minecraft/mods/iceandfire-2.1.13-1.20.1-beta-5.jar
[28Aug2026 02:32:41.256] [main/DEBUG] [net.minecraftforge.server.ServerLifecycleHooks/CORE]: Generating PackInfo named mod:transition for mod file 
[28Aug2026 02:32:41.256] [main/DEBUG] [net.minecraftforge.server.ServerLifecycleHooks/CORE]: Generating PackInfo named mod:framework for mod file /workspaces/Server-2/servidor_minecraft/mods/framework-forge-1.20.1-0.8.0.jar
[28Aug2026 02:32:41.256] [main/DEBUG] [net.minecraftforge.server.ServerLifecycleHooks/CORE]: Generating PackInfo named mod:cloth_config for mod file /workspaces/Server-2/servidor_minecraft/mods/cloth-config-11.1.136-forge.jar
[28Aug2026 02:32:41.257] [main/DEBUG] [net.minecraftforge.server.ServerLifecycleHooks/CORE]: Generating PackInfo named mod:forge for mod file /workspaces/Server-2/servidor_minecraft/libraries/net/minecraftforge/forge/1.20.1-47.3.7/forge-1.20.1-47.3.7-universal.jar
[28Aug2026 02:32:41.257] [main/DEBUG] [net.minecraftforge.server.ServerLifecycleHooks/CORE]: Generating PackInfo named mod:tlskincape for mod file /workspaces/Server-2/servidor_minecraft/mods/tl_skin_cape_forge_1.20_1.20.1-1.32.jar
[28Aug2026 02:32:41.257] [main/DEBUG] [net.minecraftforge.server.ServerLifecycleHooks/CORE]: Generating PackInfo named mod:journeymap_api for mod file 
[28Aug2026 02:32:41.297] [main/DEBUG] [ModernFix/]: Generated cache for /assets in 7.500 ms
[28Aug2026 02:32:41.305] [main/DEBUG] [ModernFix/]: Generated cache for /assets in 7.186 ms
[28Aug2026 02:32:41.330] [main/DEBUG] [ModernFix/]: Generated cache for /assets in 24.48 ms
[28Aug2026 02:32:41.334] [main/DEBUG] [ModernFix/]: Generated cache for /assets in 4.515 ms
[28Aug2026 02:32:41.373] [main/DEBUG] [ModernFix/]: Generated cache for /assets in 38.36 ms
[28Aug2026 02:32:41.397] [main/DEBUG] [ModernFix/]: Generated cache for /assets in 23.71 ms
[28Aug2026 02:32:41.414] [main/DEBUG] [ModernFix/]: Generated cache for /assets in 16.03 ms
[28Aug2026 02:32:41.435] [main/DEBUG] [ModernFix/]: Generated cache for /assets in 20.85 ms
[28Aug2026 02:32:41.462] [main/DEBUG] [ModernFix/]: Generated cache for /assets in 26.79 ms
[28Aug2026 02:32:41.467] [main/DEBUG] [ModernFix/]: Generated cache for /assets in 2.861 ms
[28Aug2026 02:32:41.468] [main/DEBUG] [ModernFix/]: Generated cache for /assets in 266.8 μs
[28Aug2026 02:32:41.468] [main/DEBUG] [ModernFix/]: Generated cache for /assets in 337.6 μs
[28Aug2026 02:32:41.470] [main/DEBUG] [ModernFix/]: Generated cache for /assets in 1.059 ms
[28Aug2026 02:32:41.470] [main/DEBUG] [ModernFix/]: Generated cache for /assets in 193.4 μs
[28Aug2026 02:32:41.471] [main/DEBUG] [ModernFix/]: Generated cache for /assets in 565.5 μs
[28Aug2026 02:32:41.471] [main/DEBUG] [ModernFix/]: Generated cache for /assets in 108.3 μs
[28Aug2026 02:32:41.472] [main/DEBUG] [ModernFix/]: Generated cache for /assets in 753.9 μs
[28Aug2026 02:32:41.473] [main/DEBUG] [ModernFix/]: Generated cache for /assets in 415.2 μs
[28Aug2026 02:32:41.474] [main/DEBUG] [ModernFix/]: Generated cache for /assets in 542.1 μs
[28Aug2026 02:32:41.474] [main/DEBUG] [ModernFix/]: Generated cache for /assets in 178.3 μs
[28Aug2026 02:32:41.475] [main/DEBUG] [ModernFix/]: Generated cache for /assets in 381.3 μs
[28Aug2026 02:32:41.475] [main/DEBUG] [ModernFix/]: Generated cache for /assets in 162.8 μs
[28Aug2026 02:32:41.475] [main/DEBUG] [ModernFix/]: Generated cache for /assets in 168.3 μs
[28Aug2026 02:32:41.476] [main/DEBUG] [ModernFix/]: Generated cache for /assets in 51.59 μs
[28Aug2026 02:32:41.476] [main/DEBUG] [ModernFix/]: Generated cache for /assets in 79.78 μs
[28Aug2026 02:32:42.294] [main/DEBUG] [mixin/]: Mixing bugfix.registry_ops_cme.RegistryOpsMemoizedMixin from modernfix-modernfix.mixins.json into net.minecraft.resources.RegistryOps$1
[28Aug2026 02:32:42.314] [main/DEBUG] [mixin/]: Mixing MixinPrimaryLevelData from terrablender.mixins.json into net.minecraft.world.level.storage.PrimaryLevelData
[28Aug2026 02:32:42.315] [main/DEBUG] [mixin/]: Mixing PrimaryLevelDataMixin from citadel.mixins.json into net.minecraft.world.level.storage.PrimaryLevelData
[28Aug2026 02:32:42.436] [main/DEBUG] [mixin/]: Mixing LocateSmallNetherDungeonCommandMixin from betterdungeons.mixins.json into net.minecraft.server.commands.LocateCommand
[28Aug2026 02:32:42.468] [main/DEBUG] [net.minecraftforge.coremod.transformer.CoreModBaseTransformer/COREMOD]: Transforming net/minecraft/server/commands/SummonCommand
[28Aug2026 02:32:42.587] [main/DEBUG] [mixin/]: Mixing perf.potential_spawns_alloc.ForgeEventFactoryMixin from modernfix-modernfix.mixins.json into net.minecraftforge.event.ForgeEventFactory
[28Aug2026 02:32:42.607] [main/DEBUG] [mixin/]: Mixing perf.potential_spawns_alloc.PotentialSpawnsMixin from modernfix-modernfix.mixins.json into net.minecraftforge.event.level.LevelEvent$PotentialSpawns
[28Aug2026 02:32:42.632] [main/DEBUG] [mixin/]: Mixing perf.datapack_reload_exceptions.RecipeManagerMixin from modernfix-modernfix.mixins.json into net.minecraft.world.item.crafting.RecipeManager
[28Aug2026 02:32:42.638] [main/DEBUG] [mixin/]: Mixing feature.measure_time.AddReloadListenerEventWrapperMixin from modernfix-modernfix.mixins.json into net.minecraftforge.event.AddReloadListenerEvent$WrappedStateAwareListener
[28Aug2026 02:32:42.640] [main/INFO] [com.github.alexthe666.alexsmobs.AlexsMobs/]: Adding datapack listener capsid_recipes
[28Aug2026 02:32:42.643] [main/DEBUG] [mixin/]: Mixing feature.measure_time.SimpleReloadInstanceMixin from modernfix-modernfix.mixins.json into net.minecraft.server.packs.resources.SimpleReloadInstance
[28Aug2026 02:32:42.655] [Worker-Main-1/DEBUG] [mixin/]: Mixing perf.tag_id_caching.TagEntryMixin from modernfix-modernfix.mixins.json into net.minecraft.tags.TagEntry
[28Aug2026 02:32:43.015] [Worker-Main-2/DEBUG] [mixin/]: Mixing MixinNbtPredicate from curios.mixins.json into net.minecraft.advancements.critereon.NbtPredicate
[28Aug2026 02:32:43.025] [Worker-Main-2/DEBUG] [net.minecraftforge.coremod.transformer.CoreModBaseTransformer/COREMOD]: Transforming net/minecraft/world/entity/raid/Raid
[28Aug2026 02:32:43.117] [Worker-Main-2/DEBUG] [mixin/]: Mixing MapDecorationTypeMixin from alexscaves.mixins.json into net.minecraft.world.level.saveddata.maps.MapDecoration$Type
[28Aug2026 02:32:43.118] [Worker-Main-2/DEBUG] [mixin/]: Renaming @Invoker method ac_invokeInit(Ljava/lang/String;IZIZ)Lnet/minecraft/world/level/saveddata/maps/MapDecoration$Type; to ac_invokeInit_$md$4a51de$0 in alexscaves.mixins.json:MapDecorationTypeMixin
[28Aug2026 02:32:43.364] [main/INFO] [net.minecraft.world.item.crafting.RecipeManager/]: Loaded 12 recipes
[28Aug2026 02:32:43.493] [main/INFO] [net.minecraft.advancements.AdvancementList/]: Loaded 2731 advancements
[28Aug2026 02:32:43.501] [main/INFO] [top.theillusivec4.curios.Curios/]: Loaded 14 curio slots
[28Aug2026 02:32:43.504] [main/INFO] [top.theillusivec4.curios.Curios/]: Loaded 1 curio entities
[28Aug2026 02:32:43.545] [main/WARN] [ModernFix/]: Initial datapack load took 2.321 s
[28Aug2026 02:32:43.557] [main/DEBUG] [net.minecraftforge.common.ForgeHooks/WP]: Gathering id map for writing to world save world
[28Aug2026 02:32:43.592] [main/DEBUG] [net.minecraftforge.common.ForgeHooks/WP]: ID Map collection complete world
[28Aug2026 02:32:43.638] [main/DEBUG] [mixin/]: Mixing feature.mcfunction_profiling.ServerFunctionManagerMixin from modernfix-modernfix.mixins.json into net.minecraft.server.ServerFunctionManager
[28Aug2026 02:32:43.639] [main/DEBUG] [mixin/]: Renaming synthetic method lambda$mfix$getProfilingResults$2(Ljava/util/Map$Entry;)Ljava/time/Duration; to md4a51de$lambda$mfix$getProfilingResults$2$0 in modernfix-modernfix.mixins.json:feature.mcfunction_profiling.ServerFunctionManagerMixin
[28Aug2026 02:32:43.639] [main/DEBUG] [mixin/]: Renaming synthetic method lambda$pruneUnusedWatches$1(Lcom/google/common/base/Stopwatch;)Z to md4a51de$lambda$pruneUnusedWatches$1$1 in modernfix-modernfix.mixins.json:feature.mcfunction_profiling.ServerFunctionManagerMixin
[28Aug2026 02:32:43.639] [main/DEBUG] [mixin/]: Renaming synthetic method lambda$startWatch$0(Lnet/minecraft/resources/ResourceLocation;)Lcom/google/common/base/Stopwatch; to md4a51de$lambda$startWatch$0$2 in modernfix-modernfix.mixins.json:feature.mcfunction_profiling.ServerFunctionManagerMixin
[28Aug2026 02:32:43.651] [Server thread/INFO] [net.minecraft.server.dedicated.DedicatedServer/]: Starting minecraft server version 1.20.1
[28Aug2026 02:32:43.652] [Server thread/INFO] [net.minecraft.server.dedicated.DedicatedServer/]: Loading properties
[28Aug2026 02:32:43.652] [Server thread/INFO] [net.minecraft.server.dedicated.DedicatedServer/]: Default game type: SURVIVAL
[28Aug2026 02:32:43.652] [Server thread/INFO] [net.minecraft.server.MinecraftServer/]: Generating keypair
[28Aug2026 02:32:43.728] [Server thread/INFO] [net.minecraft.server.dedicated.DedicatedServer/]: Starting Minecraft server on *:25565
[28Aug2026 02:32:43.729] [Server thread/DEBUG] [net.minecraftforge.network.DualStackUtils/]: Detected IPv6 address: "0:0:0:0:0:0:0:0"
[28Aug2026 02:32:43.738] [Server thread/DEBUG] [io.netty.util.internal.NativeLibraryLoader/]: -Dio.netty.native.workdir: /tmp (io.netty.tmpdir)
[28Aug2026 02:32:43.738] [Server thread/DEBUG] [io.netty.util.internal.NativeLibraryLoader/]: -Dio.netty.native.deleteLibAfterLoading: true
[28Aug2026 02:32:43.738] [Server thread/DEBUG] [io.netty.util.internal.NativeLibraryLoader/]: -Dio.netty.native.tryPatchShadedId: true
[28Aug2026 02:32:43.738] [Server thread/DEBUG] [io.netty.util.internal.NativeLibraryLoader/]: -Dio.netty.native.detectNativeLibraryDuplicates: true
[28Aug2026 02:32:43.745] [Server thread/DEBUG] [io.netty.util.internal.NativeLibraryLoader/]: Successfully loaded the library /tmp/libnetty_transport_native_epoll_x86_649762899571470239166.so
[28Aug2026 02:32:43.748] [Server thread/DEBUG] [io.netty.util.NetUtil/]: -Djava.net.preferIPv4Stack: false
[28Aug2026 02:32:43.748] [Server thread/DEBUG] [io.netty.util.NetUtil/]: -Djava.net.preferIPv6Addresses: true
[28Aug2026 02:32:43.749] [Server thread/DEBUG] [io.netty.util.NetUtilInitializations/]: Loopback interface: lo (lo, 0:0:0:0:0:0:0:1%lo)
[28Aug2026 02:32:43.750] [Server thread/DEBUG] [io.netty.util.NetUtil/]: /proc/sys/net/core/somaxconn: 4096
[28Aug2026 02:32:43.753] [Server thread/INFO] [net.minecraft.server.network.ServerConnectionListener/]: Using epoll channel type
[28Aug2026 02:32:43.764] [Server thread/DEBUG] [io.netty.channel.MultithreadEventLoopGroup/]: -Dio.netty.eventLoopThreads: 8
[28Aug2026 02:32:43.781] [Server thread/DEBUG] [io.netty.util.internal.PlatformDependent/]: org.jctools-core.MpscChunkedArrayQueue: available
[28Aug2026 02:32:43.790] [Server thread/DEBUG] [io.netty.channel.DefaultChannelId/]: -Dio.netty.processId: 29939 (auto-detected)
[28Aug2026 02:32:43.791] [Server thread/DEBUG] [io.netty.channel.DefaultChannelId/]: -Dio.netty.machineId: 60:45:bd:ff:fe:85:e7:3a (auto-detected)
[28Aug2026 02:32:43.816] [Server thread/DEBUG] [io.netty.buffer.PooledByteBufAllocator/]: -Dio.netty.allocator.numHeapArenas: 8
[28Aug2026 02:32:43.816] [Server thread/DEBUG] [io.netty.buffer.PooledByteBufAllocator/]: -Dio.netty.allocator.numDirectArenas: 8
[28Aug2026 02:32:43.816] [Server thread/DEBUG] [io.netty.buffer.PooledByteBufAllocator/]: -Dio.netty.allocator.pageSize: 8192
[28Aug2026 02:32:43.816] [Server thread/DEBUG] [io.netty.buffer.PooledByteBufAllocator/]: -Dio.netty.allocator.maxOrder: 9
[28Aug2026 02:32:43.816] [Server thread/DEBUG] [io.netty.buffer.PooledByteBufAllocator/]: -Dio.netty.allocator.chunkSize: 4194304
[28Aug2026 02:32:43.816] [Server thread/DEBUG] [io.netty.buffer.PooledByteBufAllocator/]: -Dio.netty.allocator.smallCacheSize: 256
[28Aug2026 02:32:43.816] [Server thread/DEBUG] [io.netty.buffer.PooledByteBufAllocator/]: -Dio.netty.allocator.normalCacheSize: 64
[28Aug2026 02:32:43.816] [Server thread/DEBUG] [io.netty.buffer.PooledByteBufAllocator/]: -Dio.netty.allocator.maxCachedBufferCapacity: 32768
[28Aug2026 02:32:43.816] [Server thread/DEBUG] [io.netty.buffer.PooledByteBufAllocator/]: -Dio.netty.allocator.cacheTrimInterval: 8192
[28Aug2026 02:32:43.816] [Server thread/DEBUG] [io.netty.buffer.PooledByteBufAllocator/]: -Dio.netty.allocator.cacheTrimIntervalMillis: 0
[28Aug2026 02:32:43.816] [Server thread/DEBUG] [io.netty.buffer.PooledByteBufAllocator/]: -Dio.netty.allocator.useCacheForAllThreads: false
[28Aug2026 02:32:43.817] [Server thread/DEBUG] [io.netty.buffer.PooledByteBufAllocator/]: -Dio.netty.allocator.maxCachedByteBuffersPerChunk: 1023
[28Aug2026 02:32:43.825] [Server thread/DEBUG] [io.netty.buffer.ByteBufUtil/]: -Dio.netty.allocator.type: pooled
[28Aug2026 02:32:43.825] [Server thread/DEBUG] [io.netty.buffer.ByteBufUtil/]: -Dio.netty.threadLocalDirectBufferSize: 0
[28Aug2026 02:32:43.825] [Server thread/DEBUG] [io.netty.buffer.ByteBufUtil/]: -Dio.netty.maxThreadLocalCharBufferSize: 16384
[28Aug2026 02:32:43.833] [Server thread/WARN] [net.minecraft.server.dedicated.DedicatedServer/]: **** SERVER IS RUNNING IN OFFLINE/INSECURE MODE!
[28Aug2026 02:32:43.834] [Server thread/WARN] [net.minecraft.server.dedicated.DedicatedServer/]: The server will make no attempt to authenticate usernames. Beware.
[28Aug2026 02:32:43.834] [Server thread/WARN] [net.minecraft.server.dedicated.DedicatedServer/]: While this makes the game possible to play without internet access, it also opens up the ability for hackers to connect with any username they choose.
[28Aug2026 02:32:43.834] [Server thread/WARN] [net.minecraft.server.dedicated.DedicatedServer/]: To change this, set "online-mode" to "true" in the server.properties file.
[28Aug2026 02:32:43.850] [Server thread/DEBUG] [net.minecraftforge.fml.config.ConfigTracker/CONFIG]: Loading configs type SERVER
[28Aug2026 02:32:43.851] [Server thread/DEBUG] [net.minecraftforge.fml.config.ConfigFileTypeHandler/CONFIG]: Built TOML config for ./world/serverconfig/jei-server.toml
[28Aug2026 02:32:43.851] [Server thread/DEBUG] [net.minecraftforge.fml.config.ConfigFileTypeHandler/CONFIG]: Loaded TOML config file ./world/serverconfig/jei-server.toml
[28Aug2026 02:32:43.851] [Server thread/DEBUG] [net.minecraftforge.fml.config.ConfigFileTypeHandler/CONFIG]: Watching TOML config file ./world/serverconfig/jei-server.toml for changes
[28Aug2026 02:32:43.852] [Server thread/DEBUG] [net.minecraftforge.fml.config.ConfigFileTypeHandler/CONFIG]: Built TOML config for ./world/serverconfig/curios-server.toml
[28Aug2026 02:32:43.853] [Server thread/DEBUG] [net.minecraftforge.fml.config.ConfigFileTypeHandler/CONFIG]: Loaded TOML config file ./world/serverconfig/curios-server.toml
[28Aug2026 02:32:43.853] [Server thread/DEBUG] [net.minecraftforge.fml.config.ConfigFileTypeHandler/CONFIG]: Watching TOML config file ./world/serverconfig/curios-server.toml for changes
[28Aug2026 02:32:43.853] [Server thread/DEBUG] [net.minecraftforge.fml.config.ConfigFileTypeHandler/CONFIG]: Built TOML config for ./world/serverconfig/journeymap-server.toml
[28Aug2026 02:32:43.854] [Server thread/DEBUG] [net.minecraftforge.fml.config.ConfigFileTypeHandler/CONFIG]: Loaded TOML config file ./world/serverconfig/journeymap-server.toml
[28Aug2026 02:32:43.854] [Server thread/DEBUG] [net.minecraftforge.fml.config.ConfigFileTypeHandler/CONFIG]: Watching TOML config file ./world/serverconfig/journeymap-server.toml for changes
[28Aug2026 02:32:43.854] [Server thread/INFO] [journeymap/]: Loading JourneyMap Forge Configs
[28Aug2026 02:32:43.855] [Server thread/DEBUG] [net.minecraftforge.fml.config.ConfigFileTypeHandler/CONFIG]: Built TOML config for ./world/serverconfig/forge-server.toml
[28Aug2026 02:32:43.855] [Server thread/DEBUG] [net.minecraftforge.fml.config.ConfigFileTypeHandler/CONFIG]: Loaded TOML config file ./world/serverconfig/forge-server.toml
[28Aug2026 02:32:43.855] [Server thread/DEBUG] [net.minecraftforge.fml.config.ConfigFileTypeHandler/CONFIG]: Watching TOML config file ./world/serverconfig/forge-server.toml for changes
[28Aug2026 02:32:43.856] [Server thread/DEBUG] [net.minecraftforge.common.ForgeConfig/FORGEMOD]: Loaded forge config file forge-server.toml
[28Aug2026 02:32:43.868] [Server thread/DEBUG] [com.github.alexthe666.iceandfire.IceAndFire/]: Added the following features to the biome [biomesoplenty:aspen_glade]: 
	- iceandfire:silver_ore
[28Aug2026 02:32:43.870] [Server thread/DEBUG] [com.github.alexthe666.iceandfire.IceAndFire/]: Added the following features to the biome [biomesoplenty:auroral_garden]: 
	- iceandfire:frost_lily
	- iceandfire:silver_ore
	- iceandfire:sapphire_ore
	- iceandfire:ice_dragon_roost
	- iceandfire:ice_dragon_cave
	- iceandfire:spawn_dragon_skeleton_ice
[28Aug2026 02:32:43.872] [Server thread/DEBUG] [com.github.alexthe666.iceandfire.IceAndFire/]: Added the following features to the biome [minecraft:badlands]: 
	- iceandfire:silver_ore
	- iceandfire:lightning_dragon_roost
	- iceandfire:lightning_dragon_cave
[28Aug2026 02:32:43.874] [Server thread/DEBUG] [com.github.alexthe666.iceandfire.IceAndFire/]: Added the following features to the biome [minecraft:bamboo_jungle]: 
	- iceandfire:fire_lily
	- iceandfire:silver_ore
	- iceandfire:lightning_dragon_roost
	- iceandfire:lightning_dragon_cave
	- iceandfire:myrmex_hive_jungle
[28Aug2026 02:32:43.877] [Server thread/DEBUG] [com.github.alexthe666.iceandfire.IceAndFire/]: Added the following features to the biome [biomesoplenty:bayou]: 
	- iceandfire:fire_lily
	- iceandfire:silver_ore
	- iceandfire:fire_dragon_roost
	- iceandfire:fire_dragon_cave
	- iceandfire:hydra_cave
	- iceandfire:spawn_stymphalian_bird
[28Aug2026 02:32:43.878] [Server thread/DEBUG] [com.github.alexthe666.iceandfire.IceAndFire/]: Added the following features to the biome [minecraft:beach]: 
	- iceandfire:silver_ore
	- iceandfire:cyclops_cave
[28Aug2026 02:32:43.879] [Server thread/DEBUG] [com.github.alexthe666.iceandfire.IceAndFire/]: Added the following features to the biome [minecraft:birch_forest]: 
	- iceandfire:silver_ore
[28Aug2026 02:32:43.881] [Server thread/DEBUG] [com.github.alexthe666.iceandfire.IceAndFire/]: Added the following features to the biome [biomesoplenty:bog]: 
	- iceandfire:silver_ore
	- iceandfire:ice_dragon_roost
	- iceandfire:ice_dragon_cave
	- iceandfire:hydra_cave
	- iceandfire:spawn_stymphalian_bird
[28Aug2026 02:32:43.883] [Server thread/DEBUG] [com.github.alexthe666.iceandfire.IceAndFire/]: Added the following features to the biome [minecraft:cherry_grove]: 
	- iceandfire:silver_ore
[28Aug2026 02:32:43.885] [Server thread/DEBUG] [com.github.alexthe666.iceandfire.IceAndFire/]: Added the following features to the biome [biomesoplenty:cold_desert]: 
	- iceandfire:frost_lily
	- iceandfire:silver_ore
	- iceandfire:sapphire_ore
	- iceandfire:ice_dragon_roost
	- iceandfire:ice_dragon_cave
	- iceandfire:spawn_dragon_skeleton_ice
[28Aug2026 02:32:43.886] [Server thread/DEBUG] [com.github.alexthe666.iceandfire.IceAndFire/]: Added the following features to the biome [minecraft:cold_ocean]: 
	- iceandfire:silver_ore
	- iceandfire:ice_dragon_roost
	- iceandfire:ice_dragon_cave
	- iceandfire:siren_island
	- iceandfire:spawn_hippocampus
	- iceandfire:spawn_sea_serpent
[28Aug2026 02:32:43.887] [Server thread/DEBUG] [com.github.alexthe666.iceandfire.IceAndFire/]: Added the following features to the biome [biomesoplenty:coniferous_forest]: 
	- iceandfire:silver_ore
[28Aug2026 02:32:43.888] [Server thread/DEBUG] [com.github.alexthe666.iceandfire.IceAndFire/]: Added the following features to the biome [biomesoplenty:crag]: 
	- iceandfire:silver_ore
[28Aug2026 02:32:43.890] [Server thread/DEBUG] [com.github.alexthe666.iceandfire.IceAndFire/]: Added the following features to the biome [minecraft:dark_forest]: 
	- iceandfire:silver_ore
	- iceandfire:pixie_village
[28Aug2026 02:32:43.891] [Server thread/DEBUG] [com.github.alexthe666.iceandfire.IceAndFire/]: Added the following features to the biome [biomesoplenty:dead_forest]: 
	- iceandfire:silver_ore
	- iceandfire:ice_dragon_roost
	- iceandfire:ice_dragon_cave
[28Aug2026 02:32:43.892] [Server thread/DEBUG] [com.github.alexthe666.iceandfire.IceAndFire/]: Added the following features to the biome [minecraft:deep_cold_ocean]: 
	- iceandfire:silver_ore
	- iceandfire:ice_dragon_roost
	- iceandfire:ice_dragon_cave
	- iceandfire:siren_island
	- iceandfire:spawn_hippocampus
	- iceandfire:spawn_sea_serpent
[28Aug2026 02:32:43.892] [Server thread/DEBUG] [com.github.alexthe666.iceandfire.IceAndFire/]: Added the following features to the biome [minecraft:deep_dark]: 
	- iceandfire:silver_ore
[28Aug2026 02:32:43.893] [Server thread/DEBUG] [com.github.alexthe666.iceandfire.IceAndFire/]: Added the following features to the biome [minecraft:deep_frozen_ocean]: 
	- iceandfire:silver_ore
	- iceandfire:ice_dragon_roost
	- iceandfire:ice_dragon_cave
	- iceandfire:siren_island
	- iceandfire:spawn_hippocampus
	- iceandfire:spawn_sea_serpent
[28Aug2026 02:32:43.894] [Server thread/DEBUG] [com.github.alexthe666.iceandfire.IceAndFire/]: Added the following features to the biome [minecraft:deep_lukewarm_ocean]: 
	- iceandfire:silver_ore
	- iceandfire:siren_island
	- iceandfire:spawn_hippocampus
	- iceandfire:spawn_sea_serpent
[28Aug2026 02:32:43.895] [Server thread/DEBUG] [com.github.alexthe666.iceandfire.IceAndFire/]: Added the following features to the biome [minecraft:deep_ocean]: 
	- iceandfire:silver_ore
	- iceandfire:siren_island
	- iceandfire:spawn_hippocampus
	- iceandfire:spawn_sea_serpent
[28Aug2026 02:32:43.896] [Server thread/DEBUG] [com.github.alexthe666.iceandfire.IceAndFire/]: Added the following features to the biome [minecraft:desert]: 
	- iceandfire:fire_lily
	- iceandfire:silver_ore
	- iceandfire:fire_dragon_roost
	- iceandfire:fire_dragon_cave
	- iceandfire:myrmex_hive_desert
	- iceandfire:spawn_death_worm
	- iceandfire:spawn_dragon_skeleton_fire
[28Aug2026 02:32:43.897] [Server thread/DEBUG] [com.github.alexthe666.iceandfire.IceAndFire/]: Added the following features to the biome [minecraft:dripstone_caves]: 
	- iceandfire:silver_ore
[28Aug2026 02:32:43.898] [Server thread/DEBUG] [com.github.alexthe666.iceandfire.IceAndFire/]: Added the following features to the biome [biomesoplenty:dryland]: 
	- iceandfire:fire_lily
	- iceandfire:silver_ore
	- iceandfire:fire_dragon_roost
	- iceandfire:fire_dragon_cave
	- iceandfire:myrmex_hive_desert
	- iceandfire:spawn_death_worm
	- iceandfire:spawn_dragon_skeleton_fire
[28Aug2026 02:32:43.898] [Server thread/DEBUG] [com.github.alexthe666.iceandfire.IceAndFire/]: Added the following features to the biome [biomesoplenty:dune_beach]: 
	- iceandfire:silver_ore
	- iceandfire:cyclops_cave
[28Aug2026 02:32:43.901] [Server thread/DEBUG] [com.github.alexthe666.iceandfire.IceAndFire/]: Added the following features to the biome [minecraft:eroded_badlands]: 
	- iceandfire:fire_lily
	- iceandfire:silver_ore
	- iceandfire:lightning_dragon_roost
	- iceandfire:lightning_dragon_cave
[28Aug2026 02:32:43.902] [Server thread/DEBUG] [com.github.alexthe666.iceandfire.IceAndFire/]: Added the following features to the biome [biomesoplenty:field]: 
	- iceandfire:silver_ore
[28Aug2026 02:32:43.903] [Server thread/DEBUG] [com.github.alexthe666.iceandfire.IceAndFire/]: Added the following features to the biome [biomesoplenty:fir_clearing]: 
	- iceandfire:silver_ore
[28Aug2026 02:32:43.903] [Server thread/DEBUG] [com.github.alexthe666.iceandfire.IceAndFire/]: Added the following features to the biome [biomesoplenty:floodplain]: 
	- iceandfire:fire_lily
	- iceandfire:silver_ore
	- iceandfire:lightning_dragon_roost
	- iceandfire:lightning_dragon_cave
	- iceandfire:hydra_cave
	- iceandfire:myrmex_hive_jungle
	- iceandfire:spawn_stymphalian_bird
[28Aug2026 02:32:43.904] [Server thread/DEBUG] [com.github.alexthe666.iceandfire.IceAndFire/]: Added the following features to the biome [minecraft:flower_forest]: 
	- iceandfire:silver_ore
[28Aug2026 02:32:43.905] [Server thread/DEBUG] [com.github.alexthe666.iceandfire.IceAndFire/]: Added the following features to the biome [minecraft:forest]: 
	- iceandfire:silver_ore
[28Aug2026 02:32:43.905] [Server thread/DEBUG] [com.github.alexthe666.iceandfire.IceAndFire/]: Added the following features to the biome [biomesoplenty:forested_field]: 
	- iceandfire:silver_ore
[28Aug2026 02:32:43.906] [Server thread/DEBUG] [com.github.alexthe666.iceandfire.IceAndFire/]: Added the following features to the biome [minecraft:frozen_ocean]: 
	- iceandfire:frost_lily
	- iceandfire:silver_ore
	- iceandfire:sapphire_ore
	- iceandfire:ice_dragon_roost
	- iceandfire:ice_dragon_cave
	- iceandfire:siren_island
	- iceandfire:spawn_dragon_skeleton_ice
	- iceandfire:spawn_hippocampus
	- iceandfire:spawn_sea_serpent
[28Aug2026 02:32:43.907] [Server thread/DEBUG] [com.github.alexthe666.iceandfire.IceAndFire/]: Added the following features to the biome [minecraft:frozen_peaks]: 
	- iceandfire:frost_lily
	- iceandfire:silver_ore
	- iceandfire:sapphire_ore
	- iceandfire:ice_dragon_roost
	- iceandfire:ice_dragon_cave
	- iceandfire:spawn_dragon_skeleton_ice
[28Aug2026 02:32:43.907] [Server thread/DEBUG] [com.github.alexthe666.iceandfire.IceAndFire/]: Added the following features to the biome [minecraft:frozen_river]: 
	- iceandfire:frost_lily
	- iceandfire:silver_ore
	- iceandfire:sapphire_ore
	- iceandfire:ice_dragon_roost
	- iceandfire:ice_dragon_cave
	- iceandfire:spawn_dragon_skeleton_ice
[28Aug2026 02:32:43.908] [Server thread/DEBUG] [com.github.alexthe666.iceandfire.IceAndFire/]: Added the following features to the biome [biomesoplenty:fungal_jungle]: 
	- iceandfire:fire_lily
	- iceandfire:silver_ore
	- iceandfire:lightning_dragon_roost
	- iceandfire:lightning_dragon_cave
	- iceandfire:pixie_village
	- iceandfire:myrmex_hive_jungle
[28Aug2026 02:32:43.909] [Server thread/DEBUG] [com.github.alexthe666.iceandfire.IceAndFire/]: Added the following features to the biome [biomesoplenty:glowing_grotto]: 
	- iceandfire:silver_ore
[28Aug2026 02:32:43.909] [Server thread/DEBUG] [com.github.alexthe666.iceandfire.IceAndFire/]: Added the following features to the biome [biomesoplenty:grassland]: 
	- iceandfire:silver_ore
	- iceandfire:spawn_wandering_cyclops
[28Aug2026 02:32:43.910] [Server thread/DEBUG] [com.github.alexthe666.iceandfire.IceAndFire/]: Added the following features to the biome [biomesoplenty:gravel_beach]: 
	- iceandfire:silver_ore
	- iceandfire:cyclops_cave
[28Aug2026 02:32:43.911] [Server thread/DEBUG] [com.github.alexthe666.iceandfire.IceAndFire/]: Added the following features to the biome [minecraft:grove]: 
	- iceandfire:frost_lily
	- iceandfire:silver_ore
	- iceandfire:sapphire_ore
	- iceandfire:ice_dragon_roost
	- iceandfire:ice_dragon_cave
	- iceandfire:spawn_dragon_skeleton_ice
[28Aug2026 02:32:43.912] [Server thread/DEBUG] [com.github.alexthe666.iceandfire.IceAndFire/]: Added the following features to the biome [biomesoplenty:highland]: 
	- iceandfire:silver_ore
	- iceandfire:fire_dragon_roost
	- iceandfire:fire_dragon_cave
	- iceandfire:spawn_wandering_cyclops
[28Aug2026 02:32:43.912] [Server thread/DEBUG] [com.github.alexthe666.iceandfire.IceAndFire/]: Added the following features to the biome [biomesoplenty:hot_springs]: 
	- iceandfire:silver_ore
	- iceandfire:ice_dragon_roost
	- iceandfire:ice_dragon_cave
[28Aug2026 02:32:43.913] [Server thread/DEBUG] [com.github.alexthe666.iceandfire.IceAndFire/]: Added the following features to the biome [minecraft:ice_spikes]: 
	- iceandfire:frost_lily
	- iceandfire:silver_ore
	- iceandfire:sapphire_ore
	- iceandfire:ice_dragon_roost
	- iceandfire:ice_dragon_cave
	- iceandfire:spawn_dragon_skeleton_ice
[28Aug2026 02:32:43.913] [Server thread/DEBUG] [com.github.alexthe666.iceandfire.IceAndFire/]: Added the following features to the biome [biomesoplenty:jacaranda_glade]: 
	- iceandfire:silver_ore
	- iceandfire:pixie_village
[28Aug2026 02:32:43.914] [Server thread/DEBUG] [com.github.alexthe666.iceandfire.IceAndFire/]: Added the following features to the biome [biomesoplenty:jade_cliffs]: 
	- iceandfire:silver_ore
	- iceandfire:pixie_village
[28Aug2026 02:32:43.914] [Server thread/DEBUG] [com.github.alexthe666.iceandfire.IceAndFire/]: Added the following features to the biome [minecraft:jagged_peaks]: 
	- iceandfire:frost_lily
	- iceandfire:silver_ore
	- iceandfire:sapphire_ore
	- iceandfire:ice_dragon_roost
	- iceandfire:ice_dragon_cave
	- iceandfire:spawn_dragon_skeleton_ice
[28Aug2026 02:32:43.915] [Server thread/DEBUG] [com.github.alexthe666.iceandfire.IceAndFire/]: Added the following features to the biome [minecraft:jungle]: 
	- iceandfire:fire_lily
	- iceandfire:silver_ore
	- iceandfire:lightning_dragon_roost
	- iceandfire:lightning_dragon_cave
	- iceandfire:myrmex_hive_jungle
[28Aug2026 02:32:43.915] [Server thread/DEBUG] [com.github.alexthe666.iceandfire.IceAndFire/]: Added the following features to the biome [biomesoplenty:lavender_field]: 
	- iceandfire:silver_ore
	- iceandfire:fire_dragon_roost
	- iceandfire:fire_dragon_cave
	- iceandfire:spawn_wandering_cyclops
[28Aug2026 02:32:43.916] [Server thread/DEBUG] [com.github.alexthe666.iceandfire.IceAndFire/]: Added the following features to the biome [minecraft:lukewarm_ocean]: 
	- iceandfire:silver_ore
	- iceandfire:siren_island
	- iceandfire:spawn_hippocampus
	- iceandfire:spawn_sea_serpent
[28Aug2026 02:32:43.916] [Server thread/DEBUG] [com.github.alexthe666.iceandfire.IceAndFire/]: Added the following features to the biome [minecraft:lush_caves]: 
	- iceandfire:silver_ore
[28Aug2026 02:32:43.917] [Server thread/DEBUG] [com.github.alexthe666.iceandfire.IceAndFire/]: Added the following features to the biome [biomesoplenty:lush_desert]: 
	- iceandfire:fire_lily
	- iceandfire:silver_ore
	- iceandfire:fire_dragon_roost
	- iceandfire:fire_dragon_cave
[28Aug2026 02:32:43.917] [Server thread/DEBUG] [com.github.alexthe666.iceandfire.IceAndFire/]: Added the following features to the biome [biomesoplenty:lush_savanna]: 
	- iceandfire:fire_lily
	- iceandfire:lightning_lily
	- iceandfire:silver_ore
	- iceandfire:lightning_dragon_roost
	- iceandfire:lightning_dragon_cave
	- iceandfire:spawn_wandering_cyclops
	- iceandfire:spawn_dragon_skeleton_lightning
[28Aug2026 02:32:43.918] [Server thread/DEBUG] [com.github.alexthe666.iceandfire.IceAndFire/]: Added the following features to the biome [minecraft:mangrove_swamp]: 
	- iceandfire:fire_lily
	- iceandfire:silver_ore
	- iceandfire:fire_dragon_roost
	- iceandfire:fire_dragon_cave
	- iceandfire:hydra_cave
	- iceandfire:spawn_stymphalian_bird
[28Aug2026 02:32:43.919] [Server thread/DEBUG] [com.github.alexthe666.iceandfire.IceAndFire/]: Added the following features to the biome [biomesoplenty:maple_woods]: 
	- iceandfire:silver_ore
	- iceandfire:ice_dragon_roost
	- iceandfire:ice_dragon_cave
[28Aug2026 02:32:43.919] [Server thread/DEBUG] [com.github.alexthe666.iceandfire.IceAndFire/]: Added the following features to the biome [biomesoplenty:marsh]: 
	- iceandfire:silver_ore
	- iceandfire:hydra_cave
	- iceandfire:spawn_stymphalian_bird
[28Aug2026 02:32:43.920] [Server thread/DEBUG] [com.github.alexthe666.iceandfire.IceAndFire/]: Added the following features to the biome [minecraft:meadow]: 
	- iceandfire:silver_ore
	- iceandfire:fire_dragon_roost
	- iceandfire:fire_dragon_cave
	- iceandfire:spawn_wandering_cyclops
[28Aug2026 02:32:43.920] [Server thread/DEBUG] [com.github.alexthe666.iceandfire.IceAndFire/]: Added the following features to the biome [biomesoplenty:mediterranean_forest]: 
	- iceandfire:silver_ore
[28Aug2026 02:32:43.920] [Server thread/DEBUG] [com.github.alexthe666.iceandfire.IceAndFire/]: Added the following features to the biome [biomesoplenty:moor]: 
	- iceandfire:silver_ore
	- iceandfire:hydra_cave
	- iceandfire:spawn_stymphalian_bird
[28Aug2026 02:32:43.921] [Server thread/DEBUG] [com.github.alexthe666.iceandfire.IceAndFire/]: Added the following features to the biome [minecraft:mushroom_fields]: 
	- iceandfire:silver_ore
[28Aug2026 02:32:43.921] [Server thread/DEBUG] [com.github.alexthe666.iceandfire.IceAndFire/]: Added the following features to the biome [biomesoplenty:muskeg]: 
	- iceandfire:silver_ore
	- iceandfire:ice_dragon_roost
	- iceandfire:ice_dragon_cave
	- iceandfire:hydra_cave
	- iceandfire:spawn_stymphalian_bird
[28Aug2026 02:32:43.922] [Server thread/DEBUG] [com.github.alexthe666.iceandfire.IceAndFire/]: Added the following features to the biome [biomesoplenty:mystic_grove]: 
	- iceandfire:silver_ore
	- iceandfire:pixie_village
[28Aug2026 02:32:43.923] [Server thread/DEBUG] [com.github.alexthe666.iceandfire.IceAndFire/]: Added the following features to the biome [minecraft:ocean]: 
	- iceandfire:silver_ore
	- iceandfire:siren_island
	- iceandfire:spawn_hippocampus
	- iceandfire:spawn_sea_serpent
[28Aug2026 02:32:43.923] [Server thread/DEBUG] [com.github.alexthe666.iceandfire.IceAndFire/]: Added the following features to the biome [minecraft:old_growth_birch_forest]: 
	- iceandfire:silver_ore
	- iceandfire:pixie_village
[28Aug2026 02:32:43.924] [Server thread/DEBUG] [com.github.alexthe666.iceandfire.IceAndFire/]: Added the following features to the biome [biomesoplenty:old_growth_dead_forest]: 
	- iceandfire:silver_ore
	- iceandfire:ice_dragon_roost
	- iceandfire:ice_dragon_cave
[28Aug2026 02:32:43.924] [Server thread/DEBUG] [com.github.alexthe666.iceandfire.IceAndFire/]: Added the following features to the biome [minecraft:old_growth_pine_taiga]: 
	- iceandfire:silver_ore
	- iceandfire:ice_dragon_roost
	- iceandfire:ice_dragon_cave
[28Aug2026 02:32:43.925] [Server thread/DEBUG] [com.github.alexthe666.iceandfire.IceAndFire/]: Added the following features to the biome [minecraft:old_growth_spruce_taiga]: 
	- iceandfire:silver_ore
[28Aug2026 02:32:43.925] [Server thread/DEBUG] [com.github.alexthe666.iceandfire.IceAndFire/]: Added the following features to the biome [biomesoplenty:old_growth_woodland]: 
	- iceandfire:silver_ore
[28Aug2026 02:32:43.926] [Server thread/DEBUG] [com.github.alexthe666.iceandfire.IceAndFire/]: Added the following features to the biome [biomesoplenty:ominous_woods]: 
	- iceandfire:silver_ore
	- iceandfire:ice_dragon_roost
	- iceandfire:ice_dragon_cave
[28Aug2026 02:32:43.927] [Server thread/DEBUG] [com.github.alexthe666.iceandfire.IceAndFire/]: Added the following features to the biome [biomesoplenty:orchard]: 
	- iceandfire:silver_ore
	- iceandfire:spawn_wandering_cyclops
[28Aug2026 02:32:43.927] [Server thread/DEBUG] [com.github.alexthe666.iceandfire.IceAndFire/]: Added the following features to the biome [biomesoplenty:origin_valley]: 
	- iceandfire:silver_ore
[28Aug2026 02:32:43.927] [Server thread/DEBUG] [com.github.alexthe666.iceandfire.IceAndFire/]: Added the following features to the biome [biomesoplenty:overgrown_greens]: 
	- iceandfire:silver_ore
	- iceandfire:spawn_wandering_cyclops
[28Aug2026 02:32:43.928] [Server thread/DEBUG] [com.github.alexthe666.iceandfire.IceAndFire/]: Added the following features to the biome [biomesoplenty:pasture]: 
	- iceandfire:silver_ore
	- iceandfire:fire_dragon_roost
	- iceandfire:fire_dragon_cave
	- iceandfire:spawn_wandering_cyclops
[28Aug2026 02:32:43.928] [Server thread/DEBUG] [com.github.alexthe666.iceandfire.IceAndFire/]: Added the following features to the biome [minecraft:plains]: 
	- iceandfire:silver_ore
	- iceandfire:fire_dragon_roost
	- iceandfire:fire_dragon_cave
	- iceandfire:spawn_wandering_cyclops
[28Aug2026 02:32:43.929] [Server thread/DEBUG] [com.github.alexthe666.iceandfire.IceAndFire/]: Added the following features to the biome [biomesoplenty:prairie]: 
	- iceandfire:silver_ore
	- iceandfire:fire_dragon_roost
	- iceandfire:fire_dragon_cave
	- iceandfire:spawn_wandering_cyclops
[28Aug2026 02:32:43.929] [Server thread/DEBUG] [com.github.alexthe666.iceandfire.IceAndFire/]: Added the following features to the biome [biomesoplenty:pumpkin_patch]: 
	- iceandfire:silver_ore
[28Aug2026 02:32:43.930] [Server thread/DEBUG] [com.github.alexthe666.iceandfire.IceAndFire/]: Added the following features to the biome [biomesoplenty:rainforest]: 
	- iceandfire:fire_lily
	- iceandfire:silver_ore
	- iceandfire:lightning_dragon_roost
	- iceandfire:lightning_dragon_cave
	- iceandfire:myrmex_hive_jungle
[28Aug2026 02:32:43.930] [Server thread/DEBUG] [com.github.alexthe666.iceandfire.IceAndFire/]: Added the following features to the biome [biomesoplenty:redwood_forest]: 
	- iceandfire:silver_ore
	- iceandfire:pixie_village
[28Aug2026 02:32:43.931] [Server thread/DEBUG] [com.github.alexthe666.iceandfire.IceAndFire/]: Added the following features to the biome [minecraft:river]: 
	- iceandfire:silver_ore
[28Aug2026 02:32:43.931] [Server thread/DEBUG] [com.github.alexthe666.iceandfire.IceAndFire/]: Added the following features to the biome [biomesoplenty:rocky_rainforest]: 
	- iceandfire:fire_lily
	- iceandfire:silver_ore
	- iceandfire:lightning_dragon_roost
	- iceandfire:lightning_dragon_cave
	- iceandfire:myrmex_hive_jungle
[28Aug2026 02:32:43.932] [Server thread/DEBUG] [com.github.alexthe666.iceandfire.IceAndFire/]: Added the following features to the biome [biomesoplenty:rocky_shrubland]: 
	- iceandfire:silver_ore
	- iceandfire:fire_dragon_roost
	- iceandfire:fire_dragon_cave
	- iceandfire:spawn_wandering_cyclops
[28Aug2026 02:32:43.932] [Server thread/DEBUG] [com.github.alexthe666.iceandfire.IceAndFire/]: Added the following features to the biome [minecraft:savanna]: 
	- iceandfire:fire_lily
	- iceandfire:lightning_lily
	- iceandfire:silver_ore
	- iceandfire:lightning_dragon_roost
	- iceandfire:lightning_dragon_cave
	- iceandfire:spawn_dragon_skeleton_lightning
[28Aug2026 02:32:43.933] [Server thread/DEBUG] [com.github.alexthe666.iceandfire.IceAndFire/]: Added the following features to the biome [minecraft:savanna_plateau]: 
	- iceandfire:fire_lily
	- iceandfire:lightning_lily
	- iceandfire:silver_ore
	- iceandfire:lightning_dragon_roost
	- iceandfire:lightning_dragon_cave
	- iceandfire:spawn_dragon_skeleton_lightning
[28Aug2026 02:32:43.934] [Server thread/DEBUG] [com.github.alexthe666.iceandfire.IceAndFire/]: Added the following features to the biome [biomesoplenty:scrubland]: 
	- iceandfire:fire_lily
	- iceandfire:lightning_lily
	- iceandfire:silver_ore
	- iceandfire:lightning_dragon_roost
	- iceandfire:lightning_dragon_cave
	- iceandfire:spawn_dragon_skeleton_lightning
[28Aug2026 02:32:43.934] [Server thread/DEBUG] [com.github.alexthe666.iceandfire.IceAndFire/]: Added the following features to the biome [biomesoplenty:seasonal_forest]: 
	- iceandfire:silver_ore
[28Aug2026 02:32:43.935] [Server thread/DEBUG] [com.github.alexthe666.iceandfire.IceAndFire/]: Added the following features to the biome [biomesoplenty:shrubland]: 
	- iceandfire:silver_ore
	- iceandfire:fire_dragon_roost
	- iceandfire:fire_dragon_cave
	- iceandfire:spawn_wandering_cyclops
[28Aug2026 02:32:43.935] [Server thread/DEBUG] [com.github.alexthe666.iceandfire.IceAndFire/]: Added the following features to the biome [biomesoplenty:snowblossom_grove]: 
	- iceandfire:frost_lily
	- iceandfire:silver_ore
	- iceandfire:sapphire_ore
	- iceandfire:ice_dragon_roost
	- iceandfire:ice_dragon_cave
	- iceandfire:pixie_village
	- iceandfire:spawn_dragon_skeleton_ice
[28Aug2026 02:32:43.936] [Server thread/DEBUG] [com.github.alexthe666.iceandfire.IceAndFire/]: Added the following features to the biome [minecraft:snowy_beach]: 
	- iceandfire:frost_lily
	- iceandfire:silver_ore
	- iceandfire:sapphire_ore
	- iceandfire:ice_dragon_roost
	- iceandfire:ice_dragon_cave
	- iceandfire:cyclops_cave
	- iceandfire:spawn_dragon_skeleton_ice
[28Aug2026 02:32:43.936] [Server thread/DEBUG] [com.github.alexthe666.iceandfire.IceAndFire/]: Added the following features to the biome [biomesoplenty:snowy_coniferous_forest]: 
	- iceandfire:frost_lily
	- iceandfire:silver_ore
	- iceandfire:sapphire_ore
	- iceandfire:ice_dragon_roost
	- iceandfire:ice_dragon_cave
	- iceandfire:spawn_dragon_skeleton_ice
[28Aug2026 02:32:43.937] [Server thread/DEBUG] [com.github.alexthe666.iceandfire.IceAndFire/]: Added the following features to the biome [biomesoplenty:snowy_fir_clearing]: 
	- iceandfire:frost_lily
	- iceandfire:silver_ore
	- iceandfire:sapphire_ore
	- iceandfire:ice_dragon_roost
	- iceandfire:ice_dragon_cave
	- iceandfire:spawn_dragon_skeleton_ice
[28Aug2026 02:32:43.937] [Server thread/DEBUG] [com.github.alexthe666.iceandfire.IceAndFire/]: Added the following features to the biome [biomesoplenty:snowy_maple_woods]: 
	- iceandfire:frost_lily
	- iceandfire:silver_ore
	- iceandfire:sapphire_ore
	- iceandfire:ice_dragon_roost
	- iceandfire:ice_dragon_cave
	- iceandfire:spawn_dragon_skeleton_ice
[28Aug2026 02:32:43.938] [Server thread/DEBUG] [com.github.alexthe666.iceandfire.IceAndFire/]: Added the following features to the biome [minecraft:snowy_plains]: 
	- iceandfire:frost_lily
	- iceandfire:silver_ore
	- iceandfire:sapphire_ore
	- iceandfire:ice_dragon_roost
	- iceandfire:ice_dragon_cave
	- iceandfire:spawn_wandering_cyclops
	- iceandfire:spawn_dragon_skeleton_ice
[28Aug2026 02:32:43.938] [Server thread/DEBUG] [com.github.alexthe666.iceandfire.IceAndFire/]: Added the following features to the biome [minecraft:snowy_slopes]: 
	- iceandfire:frost_lily
	- iceandfire:silver_ore
	- iceandfire:sapphire_ore
	- iceandfire:ice_dragon_roost
	- iceandfire:ice_dragon_cave
	- iceandfire:spawn_dragon_skeleton_ice
[28Aug2026 02:32:43.939] [Server thread/DEBUG] [com.github.alexthe666.iceandfire.IceAndFire/]: Added the following features to the biome [minecraft:snowy_taiga]: 
	- iceandfire:frost_lily
	- iceandfire:silver_ore
	- iceandfire:sapphire_ore
	- iceandfire:ice_dragon_roost
	- iceandfire:ice_dragon_cave
	- iceandfire:spawn_dragon_skeleton_ice
[28Aug2026 02:32:43.940] [Server thread/DEBUG] [com.github.alexthe666.iceandfire.IceAndFire/]: Added the following features to the biome [minecraft:sparse_jungle]: 
	- iceandfire:fire_lily
	- iceandfire:silver_ore
	- iceandfire:lightning_dragon_roost
	- iceandfire:lightning_dragon_cave
	- iceandfire:myrmex_hive_jungle
[28Aug2026 02:32:43.940] [Server thread/DEBUG] [com.github.alexthe666.iceandfire.IceAndFire/]: Added the following features to the biome [biomesoplenty:spider_nest]: 
	- iceandfire:silver_ore
[28Aug2026 02:32:43.941] [Server thread/DEBUG] [com.github.alexthe666.iceandfire.IceAndFire/]: Added the following features to the biome [minecraft:stony_peaks]: 
	- iceandfire:fire_lily
	- iceandfire:silver_ore
	- iceandfire:fire_dragon_roost
	- iceandfire:fire_dragon_cave
[28Aug2026 02:32:43.941] [Server thread/DEBUG] [com.github.alexthe666.iceandfire.IceAndFire/]: Added the following features to the biome [minecraft:stony_shore]: 
	- iceandfire:silver_ore
[28Aug2026 02:32:43.942] [Server thread/DEBUG] [com.github.alexthe666.iceandfire.IceAndFire/]: Added the following features to the biome [minecraft:sunflower_plains]: 
	- iceandfire:silver_ore
	- iceandfire:fire_dragon_roost
	- iceandfire:fire_dragon_cave
	- iceandfire:spawn_wandering_cyclops
[28Aug2026 02:32:43.942] [Server thread/DEBUG] [com.github.alexthe666.iceandfire.IceAndFire/]: Added the following features to the biome [minecraft:swamp]: 
	- iceandfire:silver_ore
	- iceandfire:hydra_cave
	- iceandfire:spawn_stymphalian_bird
[28Aug2026 02:32:43.943] [Server thread/DEBUG] [com.github.alexthe666.iceandfire.IceAndFire/]: Added the following features to the biome [minecraft:taiga]: 
	- iceandfire:silver_ore
	- iceandfire:ice_dragon_roost
	- iceandfire:ice_dragon_cave
[28Aug2026 02:32:43.944] [Server thread/DEBUG] [com.github.alexthe666.iceandfire.IceAndFire/]: Added the following features to the biome [biomesoplenty:tropics]: 
	- iceandfire:fire_lily
	- iceandfire:silver_ore
	- iceandfire:fire_dragon_roost
	- iceandfire:fire_dragon_cave
[28Aug2026 02:32:43.945] [Server thread/DEBUG] [com.github.alexthe666.iceandfire.IceAndFire/]: Added the following features to the biome [biomesoplenty:tundra]: 
	- iceandfire:silver_ore
	- iceandfire:ice_dragon_roost
	- iceandfire:ice_dragon_cave
	- iceandfire:spawn_wandering_cyclops
[28Aug2026 02:32:43.946] [Server thread/DEBUG] [com.github.alexthe666.iceandfire.IceAndFire/]: Added the following features to the biome [biomesoplenty:volcanic_plains]: 
	- iceandfire:fire_lily
	- iceandfire:silver_ore
	- iceandfire:fire_dragon_roost
	- iceandfire:fire_dragon_cave
[28Aug2026 02:32:43.947] [Server thread/DEBUG] [com.github.alexthe666.iceandfire.IceAndFire/]: Added the following features to the biome [biomesoplenty:volcano]: 
	- iceandfire:fire_lily
	- iceandfire:silver_ore
	- iceandfire:fire_dragon_roost
	- iceandfire:fire_dragon_cave
[28Aug2026 02:32:43.947] [Server thread/DEBUG] [com.github.alexthe666.iceandfire.IceAndFire/]: Added the following features to the biome [minecraft:warm_ocean]: 
	- iceandfire:fire_lily
	- iceandfire:silver_ore
	- iceandfire:fire_dragon_roost
	- iceandfire:fire_dragon_cave
	- iceandfire:siren_island
	- iceandfire:spawn_hippocampus
	- iceandfire:spawn_sea_serpent
[28Aug2026 02:32:43.948] [Server thread/DEBUG] [com.github.alexthe666.iceandfire.IceAndFire/]: Added the following features to the biome [biomesoplenty:wasteland]: 
	- iceandfire:fire_lily
	- iceandfire:silver_ore
	- iceandfire:fire_dragon_roost
	- iceandfire:fire_dragon_cave
[28Aug2026 02:32:43.949] [Server thread/DEBUG] [com.github.alexthe666.iceandfire.IceAndFire/]: Added the following features to the biome [biomesoplenty:wasteland_steppe]: 
	- iceandfire:fire_lily
	- iceandfire:silver_ore
	- iceandfire:fire_dragon_roost
	- iceandfire:fire_dragon_cave
[28Aug2026 02:32:43.950] [Server thread/DEBUG] [com.github.alexthe666.iceandfire.IceAndFire/]: Added the following features to the biome [biomesoplenty:wetland]: 
	- iceandfire:silver_ore
	- iceandfire:hydra_cave
	- iceandfire:spawn_stymphalian_bird
[28Aug2026 02:32:43.950] [Server thread/DEBUG] [com.github.alexthe666.iceandfire.IceAndFire/]: Added the following features to the biome [minecraft:windswept_forest]: 
	- iceandfire:silver_ore
[28Aug2026 02:32:43.950] [Server thread/DEBUG] [com.github.alexthe666.iceandfire.IceAndFire/]: Added the following features to the biome [minecraft:windswept_gravelly_hills]: 
	- iceandfire:silver_ore
[28Aug2026 02:32:43.951] [Server thread/DEBUG] [com.github.alexthe666.iceandfire.IceAndFire/]: Added the following features to the biome [minecraft:windswept_hills]: 
	- iceandfire:silver_ore
[28Aug2026 02:32:43.951] [Server thread/DEBUG] [com.github.alexthe666.iceandfire.IceAndFire/]: Added the following features to the biome [minecraft:windswept_savanna]: 
	- iceandfire:fire_lily
	- iceandfire:lightning_lily
	- iceandfire:silver_ore
	- iceandfire:lightning_dragon_roost
	- iceandfire:lightning_dragon_cave
	- iceandfire:spawn_dragon_skeleton_lightning
[28Aug2026 02:32:43.951] [Server thread/DEBUG] [com.github.alexthe666.iceandfire.IceAndFire/]: Added the following features to the biome [biomesoplenty:wintry_origin_valley]: 
	- iceandfire:silver_ore
[28Aug2026 02:32:43.952] [Server thread/DEBUG] [com.github.alexthe666.iceandfire.IceAndFire/]: Added the following features to the biome [minecraft:wooded_badlands]: 
	- iceandfire:silver_ore
	- iceandfire:lightning_dragon_roost
	- iceandfire:lightning_dragon_cave
[28Aug2026 02:32:43.953] [Server thread/DEBUG] [com.github.alexthe666.iceandfire.IceAndFire/]: Added the following features to the biome [biomesoplenty:woodland]: 
	- iceandfire:silver_ore
[28Aug2026 02:32:43.957] [Server thread/INFO] [Framework/]: Loading server configs...
[28Aug2026 02:32:43.984] [Server thread/INFO] [terrablender/]: Initialized TerraBlender biomes for level stem minecraft:the_nether
[28Aug2026 02:32:44.481] [Server thread/INFO] [terrablender/]: Initialized TerraBlender biomes for level stem minecraft:overworld
[28Aug2026 02:32:44.487] [Server thread/INFO] [net.minecraft.server.dedicated.DedicatedServer/]: Preparing level "world"
[28Aug2026 02:32:44.488] [Server thread/DEBUG] [mixin/]: Mixing feature.branding.BrandingControlMixin from modernfix-modernfix.mixins.json into net.minecraftforge.internal.BrandingControl
[28Aug2026 02:32:44.493] [Server thread/DEBUG] [mixin/]: Mixing perf.optimize_surface_rules.BiomeManagerAccessor from modernfix-modernfix.mixins.json into net.minecraft.world.level.biome.BiomeManager
[28Aug2026 02:32:44.498] [Server thread/DEBUG] [net.minecraftforge.coremod.transformer.CoreModBaseTransformer/COREMOD]: Transforming net/minecraft/world/level/levelgen/PhantomSpawner
[28Aug2026 02:32:44.503] [Server thread/DEBUG] [net.minecraftforge.coremod.transformer.CoreModBaseTransformer/COREMOD]: Transforming net/minecraft/world/level/levelgen/PatrolSpawner
[28Aug2026 02:32:44.506] [Server thread/DEBUG] [net.minecraftforge.coremod.transformer.CoreModBaseTransformer/COREMOD]: Transforming net/minecraft/world/entity/npc/CatSpawner
[28Aug2026 02:32:44.510] [Server thread/DEBUG] [net.minecraftforge.coremod.transformer.CoreModBaseTransformer/COREMOD]: Transforming net/minecraft/world/entity/ai/village/VillageSiege
[28Aug2026 02:32:44.517] [Server thread/DEBUG] [mixin/]: Mixing server.ServerChunkCacheAccessor from journeymap.mixins.json into net.minecraft.server.level.ServerChunkCache
[28Aug2026 02:32:44.517] [Server thread/DEBUG] [mixin/]: Mixing bugfix.chunk_deadlock.ServerChunkCache_CurrentLoadingMixin from modernfix-modernfix.mixins.json into net.minecraft.server.level.ServerChunkCache
[28Aug2026 02:32:44.558] [Server thread/DEBUG] [mixin/]: Mixing perf.ticking_chunk_alloc.ChunkHolderMixin from modernfix-modernfix.mixins.json into net.minecraft.server.level.ChunkHolder
[28Aug2026 02:32:44.559] [Server thread/DEBUG] [mixin/]: Mixing perf.release_protochunks.ChunkHolderMixin from modernfix-modernfix.mixins.json into net.minecraft.server.level.ChunkHolder
[28Aug2026 02:32:44.559] [Server thread/DEBUG] [mixin/]: Renaming synthetic method lambda$mfix$markAsNeedingProtoChunkDrop$0(Lorg/embeddedt/modernfix/duck/release_protochunks/ISuspendedHolderTrackingChunkMap;Lnet/minecraft/world/level/chunk/ChunkAccess;Ljava/lang/Throwable;)V to md4a51de$lambda$mfix$markAsNeedingProtoChunkDrop$0$0 in modernfix-modernfix.mixins.json:perf.release_protochunks.ChunkHolderMixin
[28Aug2026 02:32:44.568] [Server thread/DEBUG] [mixin/]: Mixing server.ChunkMapAccessor from journeymap.mixins.json into net.minecraft.server.level.ChunkMap
[28Aug2026 02:32:44.569] [Server thread/DEBUG] [mixin/]: Mixing bugfix.chunk_deadlock.ChunkMapLoadMixin from modernfix-modernfix.mixins.json into net.minecraft.server.level.ChunkMap
[28Aug2026 02:32:44.569] [Server thread/DEBUG] [mixin/]: Renaming synthetic method lambda$createSurrogateFuture$1(Ljava/util/concurrent/CompletableFuture;Lcom/mojang/datafixers/util/Either;Ljava/lang/Throwable;)V to md4a51de$lambda$createSurrogateFuture$1$0 in modernfix-modernfix.mixins.json:bugfix.chunk_deadlock.ChunkMapLoadMixin
[28Aug2026 02:32:44.569] [Server thread/DEBUG] [mixin/]: Renaming synthetic method lambda$createSurrogateFuture$0(Ljava/util/concurrent/CompletableFuture;Ljava/util/function/Function;Lcom/mojang/datafixers/util/Either;)Lcom/mojang/datafixers/util/Either; to md4a51de$lambda$createSurrogateFuture$0$1 in modernfix-modernfix.mixins.json:bugfix.chunk_deadlock.ChunkMapLoadMixin
[28Aug2026 02:32:44.572] [Server thread/DEBUG] [mixin/]: Mixing bugfix.paper_chunk_patches.ChunkMapMixin from modernfix-modernfix.mixins.json into net.minecraft.server.level.ChunkMap
[28Aug2026 02:32:44.572] [Server thread/DEBUG] [mixin/]: Renaming synthetic method lambda$mfix$avoidSchedulingGenerationPrematurely$0(Lnet/minecraft/server/level/ChunkMap;Lnet/minecraft/server/level/ChunkHolder;Lnet/minecraft/world/level/chunk/ChunkStatus;Lcom/mojang/datafixers/util/Either;)Ljava/util/concurrent/CompletionStage; to md4a51de$lambda$mfix$avoidSchedulingGenerationPrematurely$0$2 in modernfix-modernfix.mixins.json:bugfix.paper_chunk_patches.ChunkMapMixin
[28Aug2026 02:32:44.572] [Server thread/DEBUG] [mixin/]: Mixing perf.release_protochunks.ChunkMapMixin from modernfix-modernfix.mixins.json into net.minecraft.server.level.ChunkMap
[28Aug2026 02:32:44.573] [Server thread/DEBUG] [mixin/]: Renaming synthetic method lambda$decrementGenRefCountsOnComplete$0(ILnet/minecraft/world/level/ChunkPos;Lcom/mojang/datafixers/util/Either;Ljava/lang/Throwable;)V to md4a51de$lambda$decrementGenRefCountsOnComplete$0$3 in modernfix-modernfix.mixins.json:perf.release_protochunks.ChunkMapMixin
[28Aug2026 02:32:44.591] [Server thread/DEBUG] [mixin/]: Mixing common.chunk.ProtoChunkMixin from starlight.mixins.json into net.minecraft.world.level.chunk.ProtoChunk
[28Aug2026 02:32:44.613] [Server thread/DEBUG] [mixin/]: Mixing perf.optimize_surface_rules.SurfaceSystemMixin from modernfix-modernfix.mixins.json into net.minecraft.world.level.levelgen.SurfaceSystem
[28Aug2026 02:32:44.719] [Server thread/DEBUG] [mixin/]: Mixing perf.cache_strongholds.ChunkGeneratorMixin from modernfix-modernfix.mixins.json into net.minecraft.world.level.chunk.ChunkGeneratorStructureState
[28Aug2026 02:32:44.719] [Server thread/DEBUG] [mixin/]: Renaming synthetic method lambda$modernfix$cacheRingPositions$0(Lnet/minecraft/server/MinecraftServer;Ljava/lang/String;Ljava/util/List;)Ljava/util/List; to md4a51de$lambda$modernfix$cacheRingPositions$0$0 in modernfix-modernfix.mixins.json:perf.cache_strongholds.ChunkGeneratorMixin
[28Aug2026 02:32:44.795] [Server thread/DEBUG] [ModernFix/]: Using cached stronghold positions for aae838cc020cd75b1d9354997a8bf544630e6b408112b6be6d5b997790ff27c2
[28Aug2026 02:32:44.800] [Server thread/DEBUG] [mixin/]: Mixing perf.faster_structure_location.StructureCheckMixin from modernfix-modernfix.mixins.json into net.minecraft.world.level.levelgen.structure.StructureCheck
[28Aug2026 02:32:44.807] [Server thread/DEBUG] [mixin/]: Mixing accessor.StructureManagerAccessor from cataclysm.mixins.json into net.minecraft.world.level.StructureManager
[28Aug2026 02:32:44.856] [Thread-0/INFO] [ModernFix/]: Please use /mfsrc to reload any changed mod config files
[28Aug2026 02:32:44.916] [Server thread/INFO] [net.minecraft.server.MinecraftServer/]: Preparing start region for dimension minecraft:overworld
[28Aug2026 02:32:44.921] [Server thread/DEBUG] [mixin/]: Mixing bugfix.paper_chunk_patches.SortedArraySetMixin from modernfix-modernfix.mixins.json into net.minecraft.util.SortedArraySet
[28Aug2026 02:32:45.070] [Server thread/DEBUG] [mixin/]: Mixing client.ChunkSerializerInvoker from journeymap.mixins.json into net.minecraft.world.level.chunk.storage.ChunkSerializer
[28Aug2026 02:32:45.071] [Server thread/DEBUG] [mixin/]: Renaming @Invoker method invokeMakeBiomeCodec(Lnet/minecraft/core/Registry;)Lcom/mojang/serialization/Codec; to invokeMakeBiomeCodec_$md$4a51de$0 in journeymap.mixins.json:client.ChunkSerializerInvoker
[28Aug2026 02:32:45.071] [Server thread/DEBUG] [mixin/]: Renaming @Accessor method getBlockStateCodec()Lcom/mojang/serialization/Codec; to getBlockStateCodec_$md$4a51de$1 in journeymap.mixins.json:client.ChunkSerializerInvoker
[28Aug2026 02:32:45.071] [Server thread/DEBUG] [mixin/]: Renaming @Invoker method invokeLogErrors(Lnet/minecraft/world/level/ChunkPos;ILjava/lang/String;)V to invokeLogErrors_$md$4a51de$2 in journeymap.mixins.json:client.ChunkSerializerInvoker
[28Aug2026 02:32:45.071] [Server thread/DEBUG] [mixin/]: Mixing common.world.ChunkSerializerMixin from starlight.mixins.json into net.minecraft.world.level.chunk.storage.ChunkSerializer
[28Aug2026 02:32:45.081] [Server thread/DEBUG] [mixin/]: Mixing perf.compact_imposterprotochunks.ImposterProtoChunkMixin from modernfix-modernfix.mixins.json into net.minecraft.world.level.chunk.ImposterProtoChunk
[28Aug2026 02:32:45.082] [Server thread/DEBUG] [mixin/]: Mixing perf.release_protochunks.ImposterProtoChunkMixin from modernfix-modernfix.mixins.json into net.minecraft.world.level.chunk.ImposterProtoChunk
[28Aug2026 02:32:45.082] [Server thread/DEBUG] [mixin/]: Mixing common.chunk.ImposterProtoChunkMixin from starlight.mixins.json into net.minecraft.world.level.chunk.ImposterProtoChunk
[28Aug2026 02:32:45.094] [Server thread/DEBUG] [mixin/]: Mixing core.PalettedContainerMixin from modernfix-modernfix.mixins.json into net.minecraft.world.level.chunk.PalettedContainer
[28Aug2026 02:32:45.094] [Server thread/DEBUG] [mixin/]: Mixing perf.compact_bit_storage.PalettedContainerMixin from modernfix-modernfix.mixins.json into net.minecraft.world.level.chunk.PalettedContainer
[28Aug2026 02:32:45.287] [Server thread/DEBUG] [mixin/]: Mixing accessor.BoundingBoxAccessor from betterdungeons.mixins.json into net.minecraft.world.level.levelgen.structure.BoundingBox
[28Aug2026 02:32:45.288] [Server thread/DEBUG] [mixin/]: Mixing accessor.BoundingBoxAccessor from cataclysm.mixins.json into net.minecraft.world.level.levelgen.structure.BoundingBox
[28Aug2026 02:32:45.288] [Server thread/DEBUG] [mixin/]: Mixing accessor.BoundingBoxAccessor from yungsapi.mixins.json into net.minecraft.world.level.levelgen.structure.BoundingBox
[28Aug2026 02:32:45.289] [Server thread/DEBUG] [mixin/]: Unexpected: Registered method setMaxY(I)V in net.minecraft.world.level.levelgen.structure.BoundingBox was not merged
[28Aug2026 02:32:45.290] [Server thread/DEBUG] [mixin/]: Unexpected: Registered method setMaxX(I)V in net.minecraft.world.level.levelgen.structure.BoundingBox was not merged
[28Aug2026 02:32:45.290] [Server thread/DEBUG] [mixin/]: Unexpected: Registered method setMaxZ(I)V in net.minecraft.world.level.levelgen.structure.BoundingBox was not merged
[28Aug2026 02:32:45.290] [Server thread/DEBUG] [mixin/]: Unexpected: Registered method setMinY(I)V in net.minecraft.world.level.levelgen.structure.BoundingBox was not merged
[28Aug2026 02:32:45.291] [Server thread/DEBUG] [mixin/]: Unexpected: Registered method setMinY(I)V in net.minecraft.world.level.levelgen.structure.BoundingBox was not merged
[28Aug2026 02:32:45.291] [Server thread/DEBUG] [mixin/]: Unexpected: Registered method setMinX(I)V in net.minecraft.world.level.levelgen.structure.BoundingBox was not merged
[28Aug2026 02:32:45.292] [Server thread/DEBUG] [mixin/]: Unexpected: Registered method setMinX(I)V in net.minecraft.world.level.levelgen.structure.BoundingBox was not merged
[28Aug2026 02:32:45.292] [Server thread/DEBUG] [mixin/]: Unexpected: Registered method setMaxX(I)V in net.minecraft.world.level.levelgen.structure.BoundingBox was not merged
[28Aug2026 02:32:45.292] [Server thread/DEBUG] [mixin/]: Unexpected: Registered method setMinZ(I)V in net.minecraft.world.level.levelgen.structure.BoundingBox was not merged
[28Aug2026 02:32:45.292] [Server thread/DEBUG] [mixin/]: Unexpected: Registered method setMinZ(I)V in net.minecraft.world.level.levelgen.structure.BoundingBox was not merged
[28Aug2026 02:32:45.292] [Server thread/DEBUG] [mixin/]: Unexpected: Registered method setMaxY(I)V in net.minecraft.world.level.levelgen.structure.BoundingBox was not merged
[28Aug2026 02:32:45.292] [Server thread/DEBUG] [mixin/]: Unexpected: Registered method setMaxZ(I)V in net.minecraft.world.level.levelgen.structure.BoundingBox was not merged
[28Aug2026 02:32:45.984] [Server thread/INFO] [net.minecraft.server.level.progress.LoggerChunkProgressListener/]: Preparing spawn area: 0%
[28Aug2026 02:32:45.985] [Server thread/INFO] [net.minecraft.server.level.progress.LoggerChunkProgressListener/]: Preparing spawn area: 0%
[28Aug2026 02:32:45.985] [Server thread/INFO] [net.minecraft.server.level.progress.LoggerChunkProgressListener/]: Preparing spawn area: 0%
[28Aug2026 02:32:46.007] [Server thread/DEBUG] [mixin/]: Mixing perf.cache_blockstate_cache_arrays.AbstractBlockStateCacheMixin from modernfix-modernfix.mixins.json into net.minecraft.world.level.block.state.BlockBehaviour$BlockStateBase$Cache
[28Aug2026 02:32:46.008] [Server thread/DEBUG] [mixin/]: Mixing BlockStateCacheMixin from ferritecore.blockstatecache.mixin.json into net.minecraft.world.level.block.state.BlockBehaviour$BlockStateBase$Cache
[28Aug2026 02:32:46.077] [Server thread/DEBUG] [mixin/]: Mixing SubShapeAccess from ferritecore.blockstatecache.mixin.json into net.minecraft.world.phys.shapes.SubShape
[28Aug2026 02:32:46.411] [Server thread/DEBUG] [mixin/]: Mixing perf.faster_capabilities.CapabilityDispatcherMixin from modernfix-modernfix.mixins.json into net.minecraftforge.common.capabilities.CapabilityDispatcher
[28Aug2026 02:32:46.420] [Server thread/DEBUG] [ModernFix/]: Generating capability dispatcher #1 for types: [com.github.L_Ender.cataclysm.capabilities.HookCapability$HookCapabilityImp$HookProvider -> indeterminate (bytecode analysis disabled), com.github.L_Ender.cataclysm.capabilities.ChargeCapability$ChargeCapabilityImp$ChargeProvider -> indeterminate (bytecode analysis disabled), com.github.L_Ender.cataclysm.capabilities.RenderRushCapability$RenderRushCapabilityImp$RenderRushProvider -> indeterminate (bytecode analysis disabled), com.github.L_Ender.cataclysm.capabilities.TidalTentacleCapability$TentacleCapabilityImp$TentacleProvider -> indeterminate (bytecode analysis disabled), com.github.L_Ender.cataclysm.capabilities.ParryCapability$ParryCapabilityImp$ParryProvider -> indeterminate (bytecode analysis disabled), com.github.alexthe666.iceandfire.entity.props.EntityDataProvider -> indeterminate (bytecode analysis disabled), top.theillusivec4.curios.common.capability.CurioInventoryCapability$Provider -> indeterminate (bytecode analysis disabled)]
[28Aug2026 02:32:46.462] [Server thread/INFO] [net.minecraft.server.level.progress.LoggerChunkProgressListener/]: Preparing spawn area: 19%
[28Aug2026 02:32:46.921] [Server thread/INFO] [net.minecraft.server.level.progress.LoggerChunkProgressListener/]: Preparing spawn area: 79%
[28Aug2026 02:32:47.065] [Server thread/INFO] [net.minecraft.server.level.progress.LoggerChunkProgressListener/]: Time elapsed: 2145 ms
[28Aug2026 02:32:47.065] [Server thread/INFO] [net.minecraft.server.dedicated.DedicatedServer/]: Done (3.215s)! For help, type "help"
[28Aug2026 02:32:47.077] [Server thread/DEBUG] [net.minecraftforge.network.DualStackUtils/]: Detected IPv6 address: "0:0:0:0:0:0:0:0"
[28Aug2026 02:32:47.114] [Server thread/DEBUG] [net.minecraftforge.common.ForgeI18n/CORE]: Loading I18N data entries: 8551
[28Aug2026 02:32:47.118] [Server thread/INFO] [net.minecraftforge.server.permission.PermissionAPI/]: Successfully initialized permission handler forge:default_handler
[28Aug2026 02:32:47.120] [Server thread/INFO] [journeymap/]: Loaded null for service interface journeymap.api.services.WebMapService
[28Aug2026 02:32:47.122] [Server thread/INFO] [journeymap/]: Loaded journeymap.common.helpers.ForgeClientHooks@6c016bb4 for service interface journeymap.api.services.ClientPlatformService
[28Aug2026 02:32:47.124] [Server thread/INFO] [journeymap/]: Loaded journeymap.common.helpers.ForgeHooks@6787c15c for service interface journeymap.api.services.CommonPlatformService
[28Aug2026 02:32:47.134] [Server thread/INFO] [journeymap/]: Found @JourneyMapPlugin: journeymap.api.plugins.LoadedChunkOverlayPlugin
[28Aug2026 02:32:47.141] [Server thread/INFO] [journeymap/]: Initialized IJourneyMapPlugin as:journeymap.api.plugins.LoadedChunkOverlayPlugin: for:journeymap_chunk_overlay
[28Aug2026 02:32:47.183] [Server thread/INFO] [com.github.alexthe666.iceandfire.IceAndFire/]: {iceandfire:fire_dragon_roost=true, iceandfire:fire_lily=true, iceandfire:spawn_dragon_skeleton_fire=true, iceandfire:lightning_dragon_roost=true, iceandfire:spawn_dragon_skeleton_lightning=true, iceandfire:ice_dragon_roost=true, iceandfire:ice_dragon_cave=true, iceandfire:lightning_dragon_cave=true, iceandfire:cyclops_cave=true, iceandfire:spawn_wandering_cyclops=true, iceandfire:spawn_sea_serpent=true, iceandfire:frost_lily=true, iceandfire:hydra_cave=true, iceandfire:lightning_lily=true, iceandfire:pixie_village=true, iceandfire:myrmex_hive_jungle=true, iceandfire:myrmex_hive_desert=true, iceandfire:silver_ore=true, iceandfire:siren_island=true, iceandfire:spawn_dragon_skeleton_ice=true, iceandfire:spawn_stymphalian_bird=true, iceandfire:fire_dragon_cave=true, iceandfire:sapphire_ore=true, iceandfire:spawn_hippocampus=true, iceandfire:spawn_death_worm=true}
[28Aug2026 02:32:47.184] [Server thread/INFO] [com.github.alexthe666.iceandfire.IceAndFire/]: {TROLL_S=true, HIPPOGRYPH=true, AMPHITHERE=true, COCKATRICE=true, TROLL_M=true, DREAD_LICH=true, TROLL_F=true}
[28Aug2026 02:32:47.189] [Server thread/WARN] [ModernFix/]: Dedicated server took 26.796 seconds to load
[28Aug2026 02:32:47.207] [Server thread/DEBUG] [io.netty.buffer.AbstractByteBuf/]: -Dio.netty.buffer.checkAccessible: true
[28Aug2026 02:32:47.207] [Server thread/DEBUG] [io.netty.buffer.AbstractByteBuf/]: -Dio.netty.buffer.checkBounds: true
[28Aug2026 02:32:47.208] [Server thread/DEBUG] [io.netty.util.ResourceLeakDetectorFactory/]: Loaded default ResourceLeakDetector: io.netty.util.ResourceLeakDetector@5804f03f
[28Aug2026 02:32:47.262] [Server thread/DEBUG] [net.minecraftforge.coremod.transformer.CoreModBaseTransformer/COREMOD]: Transforming net/minecraft/world/level/NaturalSpawner
[28Aug2026 02:32:47.287] [Server thread/DEBUG] [mixin/]: Mixing NaturalSpawnerMixin from alexscaves.mixins.json into net.minecraft.world.level.NaturalSpawner
[28Aug2026 02:32:47.467] [Server thread/WARN] [net.minecraft.world.level.chunk.storage.ChunkSerializer/]: Found reference to unknown structure 'watching:logless_tree/spruce' in chunk [-191, -389], discarding
[28Aug2026 02:32:47.475] [Server thread/WARN] [net.minecraft.world.level.chunk.storage.ChunkSerializer/]: Found reference to unknown structure 'from_the_caves:miners_mine' in chunk [-197, -386], discarding
[28Aug2026 02:32:47.480] [Server thread/WARN] [net.minecraft.world.level.chunk.storage.ChunkSerializer/]: Found reference to unknown structure 'from_the_caves:miners_mine' in chunk [-196, -386], discarding
[28Aug2026 02:32:47.481] [Server thread/WARN] [net.minecraft.world.level.chunk.storage.ChunkSerializer/]: Found reference to unknown structure 'from_the_caves:villagepath_4w' in chunk [-196, -386], discarding
[28Aug2026 02:32:47.483] [Server thread/WARN] [net.minecraft.world.level.chunk.storage.ChunkSerializer/]: Found reference to unknown structure 'from_the_caves:miners_mine' in chunk [-195, -386], discarding
[28Aug2026 02:32:47.484] [Server thread/WARN] [net.minecraft.world.level.chunk.storage.ChunkSerializer/]: Found reference to unknown structure 'from_the_caves:villagepath_4w' in chunk [-195, -386], discarding
[28Aug2026 02:32:47.486] [Server thread/WARN] [net.minecraft.world.level.chunk.storage.ChunkSerializer/]: Found reference to unknown structure 'from_the_caves:miners_mine' in chunk [-194, -386], discarding
[28Aug2026 02:32:47.486] [Server thread/WARN] [net.minecraft.world.level.chunk.storage.ChunkSerializer/]: Found reference to unknown structure 'from_the_caves:villagepath_4w' in chunk [-194, -386], discarding
[28Aug2026 02:32:47.488] [Server thread/WARN] [net.minecraft.world.level.chunk.storage.ChunkSerializer/]: Found reference to unknown structure 'from_the_caves:villagepath_4w' in chunk [-193, -386], discarding
[28Aug2026 02:32:47.490] [Server thread/WARN] [net.minecraft.world.level.chunk.storage.ChunkSerializer/]: Found reference to unknown structure 'from_the_caves:villagepath_4w' in chunk [-192, -386], discarding
[28Aug2026 02:32:47.493] [Server thread/WARN] [net.minecraft.world.level.chunk.storage.ChunkSerializer/]: Found reference to unknown structure 'from_the_caves:villagepath_4w' in chunk [-191, -386], discarding
[28Aug2026 02:32:47.497] [Server thread/WARN] [net.minecraft.world.level.chunk.storage.ChunkSerializer/]: Found reference to unknown structure 'watching:torch_cave' in chunk [-201, -389], discarding
[28Aug2026 02:32:47.562] [Server thread/DEBUG] [net.minecraftforge.coremod.transformer.CoreModBaseTransformer/COREMOD]: Transforming net/minecraft/world/level/levelgen/structure/templatesystem/StructureTemplate
[28Aug2026 02:32:47.595] [Server thread/DEBUG] [mixin/]: Mixing DungeonContextMixin from betterdungeons.mixins.json into net.minecraft.world.level.levelgen.structure.templatesystem.StructureTemplate
[28Aug2026 02:32:47.595] [Server thread/DEBUG] [mixin/]: Mixing StructureTemplateMixin from betterdungeons.mixins.json into net.minecraft.world.level.levelgen.structure.templatesystem.StructureTemplate
[28Aug2026 02:32:47.596] [Server thread/DEBUG] [mixin/]: Renaming synthetic method lambda$betterdungeons_preventAutoWaterlogging$0(Lnet/minecraft/world/level/levelgen/structure/templatesystem/StructureProcessor;)Z to md4a51de$lambda$betterdungeons_preventAutoWaterlogging$0$0 in betterdungeons.mixins.json:StructureTemplateMixin
[28Aug2026 02:32:47.597] [Server thread/DEBUG] [mixin/]: Mixing StructureTemplateMixin from cataclysm.mixins.json into net.minecraft.world.level.levelgen.structure.templatesystem.StructureTemplate
[28Aug2026 02:32:47.597] [Server thread/DEBUG] [mixin/]: Renaming synthetic method lambda$repurposedstructures_preventAutoWaterlogging$0(Lnet/minecraft/world/level/levelgen/structure/templatesystem/StructureProcessor;)Z to md4a51de$lambda$repurposedstructures_preventAutoWaterlogging$0$1 in cataclysm.mixins.json:StructureTemplateMixin
[28Aug2026 02:32:47.659] [Server thread/WARN] [net.minecraft.world.level.chunk.storage.ChunkSerializer/]: Found reference to unknown structure 'from_the_caves:miners_mine' in chunk [-175, -365], discarding
[28Aug2026 02:32:47.665] [Server thread/WARN] [net.minecraft.world.level.chunk.storage.ChunkSerializer/]: Found reference to unknown structure 'from_the_caves:miners_mine' in chunk [-175, -364], discarding
[28Aug2026 02:32:47.670] [Server thread/WARN] [net.minecraft.world.level.chunk.storage.ChunkSerializer/]: Found reference to unknown structure 'from_the_caves:miners_mine' in chunk [-175, -363], discarding
[28Aug2026 02:32:47.673] [Server thread/WARN] [net.minecraft.world.level.chunk.storage.ChunkSerializer/]: Found reference to unknown structure 'from_the_caves:miners_mine' in chunk [-175, -362], discarding
[28Aug2026 02:32:47.693] [Server thread/DEBUG] [mixin/]: Mixing common.chunk.EmptyLevelChunkMixin from starlight.mixins.json into net.minecraft.world.level.chunk.EmptyLevelChunk
[28Aug2026 02:32:47.774] [Server thread/DEBUG] [ModernFix/]: Using cached upgraded version of alexscaves:underground_cabin_1
[28Aug2026 02:32:47.866] [Server thread/WARN] [net.minecraft.world.level.chunk.storage.ChunkSerializer/]: Found reference to unknown structure 'watching:torch_cave' in chunk [-201, -390], discarding
[28Aug2026 02:32:47.923] [Server thread/WARN] [net.minecraft.world.level.chunk.storage.ChunkSerializer/]: Found reference to unknown structure 'watching:torch_cave' in chunk [-165, -365], discarding
[28Aug2026 02:32:47.926] [Server thread/ERROR] [net.minecraft.world.level.chunk.storage.ChunkSerializer/]: Unknown structure start: watching:torch_cave
[28Aug2026 02:32:47.926] [Server thread/WARN] [net.minecraft.world.level.chunk.storage.ChunkSerializer/]: Found reference to unknown structure 'watching:torch_cave' in chunk [-165, -364], discarding
[28Aug2026 02:32:47.949] [Server thread/WARN] [net.minecraft.world.level.chunk.storage.ChunkSerializer/]: Found reference to unknown structure 'watching:torch_cave' in chunk [-172, -369], discarding
[28Aug2026 02:32:47.953] [Server thread/WARN] [net.minecraft.world.level.chunk.storage.ChunkSerializer/]: Found reference to unknown structure 'watching:torch_cave' in chunk [-171, -369], discarding
[28Aug2026 02:32:57.147] [Netty Epoll Server IO #1/DEBUG] [io.netty.util.Recycler/]: -Dio.netty.recycler.maxCapacityPerThread: 4096
[28Aug2026 02:32:57.147] [Netty Epoll Server IO #1/DEBUG] [io.netty.util.Recycler/]: -Dio.netty.recycler.ratio: 8
[28Aug2026 02:32:57.147] [Netty Epoll Server IO #1/DEBUG] [io.netty.util.Recycler/]: -Dio.netty.recycler.chunkSize: 32
[28Aug2026 02:32:57.147] [Netty Epoll Server IO #1/DEBUG] [io.netty.util.Recycler/]: -Dio.netty.recycler.blocking: false
[28Aug2026 02:32:57.161] [Netty Epoll Server IO #1/DEBUG] [mixin/]: Mixing core.NetworkHooksMixin from modernfix-modernfix.mixins.json into net.minecraftforge.network.NetworkHooks
[28Aug2026 02:33:15.332] [Netty Epoll Server IO #3/DEBUG] [net.minecraftforge.network.HandshakeHandler/FMLHANDSHAKE]: Starting new modded impl connection. Found 25 messages to dispatch.
[28Aug2026 02:33:15.333] [Netty Epoll Server IO #3/DEBUG] [mixin/]: Mixing MixinServerLoginPacketListenerImpl from trulydark.json into net.minecraft.server.network.ServerLoginPacketListenerImpl
[28Aug2026 02:33:15.394] [Server thread/DEBUG] [net.minecraftforge.network.HandshakeHandler/FMLHANDSHAKE]: Sending ticking packet info 'net.minecraftforge.network.HandshakeMessages$S2CModData' to 'fml:handshake' sequence 0
[28Aug2026 02:33:15.395] [Server thread/DEBUG] [net.minecraftforge.network.HandshakeHandler/FMLHANDSHAKE]: Sending ticking packet info 'net.minecraftforge.network.HandshakeMessages$S2CModList' to 'fml:handshake' sequence 1
[28Aug2026 02:33:15.395] [Server thread/DEBUG] [net.minecraftforge.network.HandshakeHandler/FMLHANDSHAKE]: Sending ticking packet info 'Registry minecraft:command_argument_type' to 'fml:handshake' sequence 2
[28Aug2026 02:33:15.395] [Server thread/DEBUG] [net.minecraftforge.network.HandshakeHandler/FMLHANDSHAKE]: Sending ticking packet info 'Registry minecraft:recipe_serializer' to 'fml:handshake' sequence 3
[28Aug2026 02:33:15.395] [Server thread/DEBUG] [net.minecraftforge.network.HandshakeHandler/FMLHANDSHAKE]: Sending ticking packet info 'Registry minecraft:sound_event' to 'fml:handshake' sequence 4
[28Aug2026 02:33:15.395] [Server thread/DEBUG] [net.minecraftforge.network.HandshakeHandler/FMLHANDSHAKE]: Sending ticking packet info 'Registry minecraft:particle_type' to 'fml:handshake' sequence 5
[28Aug2026 02:33:15.395] [Server thread/DEBUG] [net.minecraftforge.network.HandshakeHandler/FMLHANDSHAKE]: Sending ticking packet info 'Registry minecraft:villager_profession' to 'fml:handshake' sequence 6
[28Aug2026 02:33:15.395] [Server thread/DEBUG] [net.minecraftforge.network.HandshakeHandler/FMLHANDSHAKE]: Sending ticking packet info 'Registry minecraft:item' to 'fml:handshake' sequence 7
[28Aug2026 02:33:15.395] [Server thread/DEBUG] [net.minecraftforge.network.HandshakeHandler/FMLHANDSHAKE]: Sending ticking packet info 'Registry minecraft:potion' to 'fml:handshake' sequence 8
[28Aug2026 02:33:15.396] [Server thread/DEBUG] [net.minecraftforge.network.HandshakeHandler/FMLHANDSHAKE]: Sending ticking packet info 'Registry minecraft:painting_variant' to 'fml:handshake' sequence 9
[28Aug2026 02:33:15.396] [Server thread/DEBUG] [net.minecraftforge.network.HandshakeHandler/FMLHANDSHAKE]: Sending ticking packet info 'Registry forge:fluid_type' to 'fml:handshake' sequence 10
[28Aug2026 02:33:15.396] [Server thread/DEBUG] [net.minecraftforge.network.HandshakeHandler/FMLHANDSHAKE]: Sending ticking packet info 'Registry minecraft:block_entity_type' to 'fml:handshake' sequence 11
[28Aug2026 02:33:15.396] [Server thread/DEBUG] [net.minecraftforge.network.HandshakeHandler/FMLHANDSHAKE]: Sending ticking packet info 'Registry forge:display_contexts' to 'fml:handshake' sequence 12
[28Aug2026 02:33:15.396] [Server thread/DEBUG] [net.minecraftforge.network.HandshakeHandler/FMLHANDSHAKE]: Sending ticking packet info 'Registry minecraft:block' to 'fml:handshake' sequence 13
[28Aug2026 02:33:15.397] [Server thread/DEBUG] [net.minecraftforge.network.HandshakeHandler/FMLHANDSHAKE]: Sending ticking packet info 'Registry forge:entity_data_serializers' to 'fml:handshake' sequence 14
[28Aug2026 02:33:15.397] [Server thread/DEBUG] [net.minecraftforge.network.HandshakeHandler/FMLHANDSHAKE]: Sending ticking packet info 'Registry minecraft:mob_effect' to 'fml:handshake' sequence 15
[28Aug2026 02:33:15.398] [Server thread/DEBUG] [net.minecraftforge.network.HandshakeHandler/FMLHANDSHAKE]: Sending ticking packet info 'Registry minecraft:stat_type' to 'fml:handshake' sequence 16
[28Aug2026 02:33:15.398] [Server thread/DEBUG] [net.minecraftforge.network.HandshakeHandler/FMLHANDSHAKE]: Sending ticking packet info 'Registry minecraft:menu' to 'fml:handshake' sequence 17
[28Aug2026 02:33:15.398] [Server thread/DEBUG] [net.minecraftforge.network.HandshakeHandler/FMLHANDSHAKE]: Sending ticking packet info 'Registry minecraft:enchantment' to 'fml:handshake' sequence 18
[28Aug2026 02:33:15.398] [Server thread/DEBUG] [net.minecraftforge.network.HandshakeHandler/FMLHANDSHAKE]: Sending ticking packet info 'Registry minecraft:fluid' to 'fml:handshake' sequence 19
[28Aug2026 02:33:15.398] [Server thread/DEBUG] [net.minecraftforge.network.HandshakeHandler/FMLHANDSHAKE]: Sending ticking packet info 'Registry minecraft:entity_type' to 'fml:handshake' sequence 20
[28Aug2026 02:33:15.399] [Server thread/DEBUG] [net.minecraftforge.network.HandshakeHandler/FMLHANDSHAKE]: Sending ticking packet info 'Config curios-server.toml' to 'fml:handshake' sequence 21
[28Aug2026 02:33:15.399] [Server thread/DEBUG] [net.minecraftforge.network.HandshakeHandler/FMLHANDSHAKE]: Sending ticking packet info 'Config journeymap-server.toml' to 'fml:handshake' sequence 22
[28Aug2026 02:33:15.399] [Server thread/DEBUG] [net.minecraftforge.network.HandshakeHandler/FMLHANDSHAKE]: Sending ticking packet info 'Config jei-server.toml' to 'fml:handshake' sequence 23
[28Aug2026 02:33:15.399] [Server thread/DEBUG] [net.minecraftforge.network.HandshakeHandler/FMLHANDSHAKE]: Sending ticking packet info 'Config forge-server.toml' to 'fml:handshake' sequence 24
[28Aug2026 02:33:15.526] [Netty Epoll Server IO #3/DEBUG] [net.minecraftforge.network.LoginWrapper/FMLHANDSHAKE]: Recieved login wrapper packet event for channel fml:handshake with index 1
[28Aug2026 02:33:15.529] [Netty Epoll Server IO #3/DEBUG] [net.minecraftforge.network.HandshakeHandler/FMLHANDSHAKE]: Received client indexed reply 1 of type net.minecraftforge.network.HandshakeMessages$C2SModListReply
[28Aug2026 02:33:15.530] [Netty Epoll Server IO #3/DEBUG] [net.minecraftforge.network.HandshakeHandler/FMLHANDSHAKE]: Received client connection with modlist [minecraft, betterdungeons, terrablender, ambientsounds, jade, geckolib, creativecore, jei, commonnetworking, lionfishapi, trender, cataclysm, curios, journeymap, trulydark, modernfix, citadel, alexscaves, alexsmobs, horror_element_mod, yungsapi, entityculling, glitchcore, biomesoplenty, immediatelyfast, starlight, cfm, ferritecore, embeddium_extra, iceandfire, transition, framework, cloth_config, sound_physics_remastered, forge, tlskincape, journeymap_api, embeddium, rubidium, presencefootsteps]
[28Aug2026 02:33:15.530] [Netty Epoll Server IO #3/DEBUG] [net.minecraftforge.network.NetworkRegistry/NETREGISTRY]: Channel 'alexscaves:main_channel' : Version test of '1' from client : ACCEPTED
[28Aug2026 02:33:15.531] [Netty Epoll Server IO #3/DEBUG] [net.minecraftforge.network.NetworkRegistry/NETREGISTRY]: Channel 'jei:channel' : Version test of '1.0.0' from client : ACCEPTED
[28Aug2026 02:33:15.531] [Netty Epoll Server IO #3/DEBUG] [net.minecraftforge.network.NetworkRegistry/NETREGISTRY]: Channel 'minecraft:unregister' : Version test of 'FML3' from client : ACCEPTED
[28Aug2026 02:33:15.531] [Netty Epoll Server IO #3/DEBUG] [net.minecraftforge.network.NetworkRegistry/NETREGISTRY]: Channel 'cfm:network' : Version test of '1' from client : ACCEPTED
[28Aug2026 02:33:15.531] [Netty Epoll Server IO #3/DEBUG] [net.minecraftforge.network.NetworkRegistry/NETREGISTRY]: Channel 'journeymap:waypoint_notification' : Version test of '1' from client : ACCEPTED
[28Aug2026 02:33:15.531] [Netty Epoll Server IO #3/DEBUG] [net.minecraftforge.network.NetworkRegistry/NETREGISTRY]: Channel 'journeymap:remove_player' : Version test of '1' from client : ACCEPTED
[28Aug2026 02:33:15.531] [Netty Epoll Server IO #3/DEBUG] [net.minecraftforge.network.NetworkRegistry/NETREGISTRY]: Channel 'journeymap:version' : Version test of '1' from client : ACCEPTED
[28Aug2026 02:33:15.531] [Netty Epoll Server IO #3/DEBUG] [net.minecraftforge.network.NetworkRegistry/NETREGISTRY]: Channel 'framework:play' : Version test of '1' from client : ACCEPTED
[28Aug2026 02:33:15.531] [Netty Epoll Server IO #3/DEBUG] [net.minecraftforge.network.NetworkRegistry/NETREGISTRY]: Channel 'journeymap:waypoint_scope_resp' : Version test of '1' from client : ACCEPTED
[28Aug2026 02:33:15.531] [Netty Epoll Server IO #3/DEBUG] [net.minecraftforge.network.NetworkRegistry/NETREGISTRY]: Channel 'journeymap:overlay_clear' : Version test of '1' from client : ACCEPTED
[28Aug2026 02:33:15.531] [Netty Epoll Server IO #3/DEBUG] [net.minecraftforge.network.NetworkRegistry/NETREGISTRY]: Channel 'journeymap:admin_req' : Version test of '1' from client : ACCEPTED
[28Aug2026 02:33:15.531] [Netty Epoll Server IO #3/DEBUG] [net.minecraftforge.network.NetworkRegistry/NETREGISTRY]: Channel 'cataclysm:main_channel' : Version test of '1' from client : ACCEPTED
[28Aug2026 02:33:15.531] [Netty Epoll Server IO #3/DEBUG] [net.minecraftforge.network.NetworkRegistry/NETREGISTRY]: Channel 'journeymap:waypoint' : Version test of '1' from client : ACCEPTED
[28Aug2026 02:33:15.531] [Netty Epoll Server IO #3/DEBUG] [net.minecraftforge.network.NetworkRegistry/NETREGISTRY]: Channel 'lionfishapi:main_channel' : Version test of '1' from client : ACCEPTED
[28Aug2026 02:33:15.531] [Netty Epoll Server IO #3/DEBUG] [net.minecraftforge.network.NetworkRegistry/NETREGISTRY]: Channel 'journeymap:waypoint_settings_resp' : Version test of '1' from client : ACCEPTED
[28Aug2026 02:33:15.531] [Netty Epoll Server IO #3/DEBUG] [net.minecraftforge.network.NetworkRegistry/NETREGISTRY]: Channel 'forge:tier_sorting' : Version test of '1.0' from client : ACCEPTED
[28Aug2026 02:33:15.531] [Netty Epoll Server IO #3/DEBUG] [net.minecraftforge.network.NetworkRegistry/NETREGISTRY]: Channel 'alexsmobs:main_channel' : Version test of '1' from client : ACCEPTED
[28Aug2026 02:33:15.531] [Netty Epoll Server IO #3/DEBUG] [net.minecraftforge.network.NetworkRegistry/NETREGISTRY]: Channel 'journeymap:waypoint_settings_update' : Version test of '1' from client : ACCEPTED
[28Aug2026 02:33:15.531] [Netty Epoll Server IO #3/DEBUG] [net.minecraftforge.network.NetworkRegistry/NETREGISTRY]: Channel 'fml:play' : Version test of 'FML3' from client : ACCEPTED
[28Aug2026 02:33:15.531] [Netty Epoll Server IO #3/DEBUG] [net.minecraftforge.network.NetworkRegistry/NETREGISTRY]: Channel 'creativecore:main' : Version test of '1' from client : ACCEPTED
[28Aug2026 02:33:15.531] [Netty Epoll Server IO #3/DEBUG] [net.minecraftforge.network.NetworkRegistry/NETREGISTRY]: Channel 'journeymap:waypoint_scope_req' : Version test of '1' from client : ACCEPTED
[28Aug2026 02:33:15.531] [Netty Epoll Server IO #3/DEBUG] [net.minecraftforge.network.NetworkRegistry/NETREGISTRY]: Channel 'journeymap:teleport_req' : Version test of '1' from client : ACCEPTED
[28Aug2026 02:33:15.531] [Netty Epoll Server IO #3/DEBUG] [net.minecraftforge.network.NetworkRegistry/NETREGISTRY]: Channel 'journeymap:overlay_show' : Version test of '1' from client : ACCEPTED
[28Aug2026 02:33:15.532] [Netty Epoll Server IO #3/DEBUG] [net.minecraftforge.network.NetworkRegistry/NETREGISTRY]: Channel 'modernfix:ingredient_sync' : Version test of '1' from client : ACCEPTED
[28Aug2026 02:33:15.532] [Netty Epoll Server IO #3/DEBUG] [net.minecraftforge.network.NetworkRegistry/NETREGISTRY]: Channel 'journeymap:common' : Version test of '1' from client : ACCEPTED
[28Aug2026 02:33:15.532] [Netty Epoll Server IO #3/DEBUG] [net.minecraftforge.network.NetworkRegistry/NETREGISTRY]: Channel 'minecraft:register' : Version test of 'FML3' from client : ACCEPTED
[28Aug2026 02:33:15.532] [Netty Epoll Server IO #3/DEBUG] [net.minecraftforge.network.NetworkRegistry/NETREGISTRY]: Channel 'geckolib:main' : Version test of '1' from client : ACCEPTED
[28Aug2026 02:33:15.532] [Netty Epoll Server IO #3/DEBUG] [net.minecraftforge.network.NetworkRegistry/NETREGISTRY]: Channel 'journeymap:waypoint_crud_req' : Version test of '1' from client : ACCEPTED
[28Aug2026 02:33:15.532] [Netty Epoll Server IO #3/DEBUG] [net.minecraftforge.network.NetworkRegistry/NETREGISTRY]: Channel 'citadel:main_channel' : Version test of '1' from client : ACCEPTED
[28Aug2026 02:33:15.532] [Netty Epoll Server IO #3/DEBUG] [net.minecraftforge.network.NetworkRegistry/NETREGISTRY]: Channel 'iceandfire:main_channel' : Version test of '1' from client : ACCEPTED
[28Aug2026 02:33:15.532] [Netty Epoll Server IO #3/DEBUG] [net.minecraftforge.network.NetworkRegistry/NETREGISTRY]: Channel 'modernfix:main' : Version test of '1' from client : ACCEPTED
[28Aug2026 02:33:15.532] [Netty Epoll Server IO #3/DEBUG] [net.minecraftforge.network.NetworkRegistry/NETREGISTRY]: Channel 'journeymap:waypoint_crud_resp' : Version test of '1' from client : ACCEPTED
[28Aug2026 02:33:15.532] [Netty Epoll Server IO #3/DEBUG] [net.minecraftforge.network.NetworkRegistry/NETREGISTRY]: Channel 'curios:main' : Version test of '1' from client : ACCEPTED
[28Aug2026 02:33:15.532] [Netty Epoll Server IO #3/DEBUG] [net.minecraftforge.network.NetworkRegistry/NETREGISTRY]: Channel 'worldinfo:world_id' : Version test of '1' from client : ACCEPTED
[28Aug2026 02:33:15.532] [Netty Epoll Server IO #3/DEBUG] [net.minecraftforge.network.NetworkRegistry/NETREGISTRY]: Channel 'journeymap:waypoint_share_op' : Version test of '1' from client : ACCEPTED
[28Aug2026 02:33:15.532] [Netty Epoll Server IO #3/DEBUG] [net.minecraftforge.network.NetworkRegistry/NETREGISTRY]: Channel 'journeymap:global_wp_visibility' : Version test of '1' from client : ACCEPTED
[28Aug2026 02:33:15.532] [Netty Epoll Server IO #3/DEBUG] [net.minecraftforge.network.NetworkRegistry/NETREGISTRY]: Channel 'journeymap:mp_options_req' : Version test of '1' from client : ACCEPTED
[28Aug2026 02:33:15.532] [Netty Epoll Server IO #3/DEBUG] [net.minecraftforge.network.NetworkRegistry/NETREGISTRY]: Channel 'framework:handshake' : Version test of '1' from client : ACCEPTED
[28Aug2026 02:33:15.532] [Netty Epoll Server IO #3/DEBUG] [net.minecraftforge.network.NetworkRegistry/NETREGISTRY]: Channel 'horror_element_mod:horror_element_mod' : Version test of '1' from client : ACCEPTED
[28Aug2026 02:33:15.532] [Netty Epoll Server IO #3/DEBUG] [net.minecraftforge.network.NetworkRegistry/NETREGISTRY]: Channel 'fml:loginwrapper' : Version test of 'FML3' from client : ACCEPTED
[28Aug2026 02:33:15.532] [Netty Epoll Server IO #3/DEBUG] [net.minecraftforge.network.NetworkRegistry/NETREGISTRY]: Channel 'journeymap:waypoint_share_targets_resp' : Version test of '1' from client : ACCEPTED
[28Aug2026 02:33:15.532] [Netty Epoll Server IO #3/DEBUG] [net.minecraftforge.network.NetworkRegistry/NETREGISTRY]: Channel 'journeymap:waypoint_query' : Version test of '1' from client : ACCEPTED
[28Aug2026 02:33:15.532] [Netty Epoll Server IO #3/DEBUG] [net.minecraftforge.network.NetworkRegistry/NETREGISTRY]: Channel 'journeymap:admin_save' : Version test of '1' from client : ACCEPTED
[28Aug2026 02:33:15.532] [Netty Epoll Server IO #3/DEBUG] [net.minecraftforge.network.NetworkRegistry/NETREGISTRY]: Channel 'journeymap:player_loc' : Version test of '1' from client : ACCEPTED
[28Aug2026 02:33:15.532] [Netty Epoll Server IO #3/DEBUG] [net.minecraftforge.network.NetworkRegistry/NETREGISTRY]: Channel 'fml:handshake' : Version test of 'FML3' from client : ACCEPTED
[28Aug2026 02:33:15.532] [Netty Epoll Server IO #3/DEBUG] [net.minecraftforge.network.NetworkRegistry/NETREGISTRY]: Channel 'journeymap:waypoint_scopes' : Version test of '1' from client : ACCEPTED
[28Aug2026 02:33:15.532] [Netty Epoll Server IO #3/DEBUG] [net.minecraftforge.network.NetworkRegistry/NETREGISTRY]: Channel 'journeymap:perm_req' : Version test of '1' from client : ACCEPTED
[28Aug2026 02:33:15.532] [Netty Epoll Server IO #3/DEBUG] [net.minecraftforge.network.NetworkRegistry/NETREGISTRY]: Channel 'forge:split' : Version test of '1.1' from client : ACCEPTED
[28Aug2026 02:33:15.532] [Netty Epoll Server IO #3/DEBUG] [net.minecraftforge.network.NetworkRegistry/NETREGISTRY]: Channel 'journeymap:overlay_remove' : Version test of '1' from client : ACCEPTED
[28Aug2026 02:33:15.532] [Netty Epoll Server IO #3/DEBUG] [net.minecraftforge.network.NetworkRegistry/NETREGISTRY]: Channel 'jade:networking' : Version test of '2' from client : ACCEPTED
[28Aug2026 02:33:15.532] [Netty Epoll Server IO #3/DEBUG] [net.minecraftforge.network.NetworkRegistry/NETREGISTRY]: Channel 'journeymap:waypoint_push' : Version test of '1' from client : ACCEPTED
[28Aug2026 02:33:15.532] [Netty Epoll Server IO #3/DEBUG] [net.minecraftforge.network.NetworkRegistry/NETREGISTRY]: Accepting channel list from client
[28Aug2026 02:33:15.533] [Netty Epoll Server IO #3/DEBUG] [net.minecraftforge.network.HandshakeHandler/FMLHANDSHAKE]: Accepted client connection mod list
[28Aug2026 02:33:15.533] [Netty Epoll Server IO #3/DEBUG] [net.minecraftforge.network.LoginWrapper/FMLHANDSHAKE]: Recieved login wrapper packet event for channel fml:handshake with index 2
[28Aug2026 02:33:15.534] [Netty Epoll Server IO #3/DEBUG] [net.minecraftforge.network.HandshakeHandler/FMLHANDSHAKE]: Received client indexed reply 2 of type net.minecraftforge.network.HandshakeMessages$C2SAcknowledge
[28Aug2026 02:33:15.534] [Netty Epoll Server IO #3/DEBUG] [net.minecraftforge.network.HandshakeHandler/FMLHANDSHAKE]: Received acknowledgement from client
[28Aug2026 02:33:15.534] [Netty Epoll Server IO #3/DEBUG] [net.minecraftforge.network.LoginWrapper/FMLHANDSHAKE]: Recieved login wrapper packet event for channel fml:handshake with index 3
[28Aug2026 02:33:15.534] [Netty Epoll Server IO #3/DEBUG] [net.minecraftforge.network.HandshakeHandler/FMLHANDSHAKE]: Received client indexed reply 3 of type net.minecraftforge.network.HandshakeMessages$C2SAcknowledge
[28Aug2026 02:33:15.534] [Netty Epoll Server IO #3/DEBUG] [net.minecraftforge.network.HandshakeHandler/FMLHANDSHAKE]: Received acknowledgement from client
[28Aug2026 02:33:15.780] [Netty Epoll Server IO #3/DEBUG] [net.minecraftforge.network.LoginWrapper/FMLHANDSHAKE]: Recieved login wrapper packet event for channel fml:handshake with index 4
[28Aug2026 02:33:15.780] [Netty Epoll Server IO #3/DEBUG] [net.minecraftforge.network.HandshakeHandler/FMLHANDSHAKE]: Received client indexed reply 4 of type net.minecraftforge.network.HandshakeMessages$C2SAcknowledge
[28Aug2026 02:33:15.780] [Netty Epoll Server IO #3/DEBUG] [net.minecraftforge.network.HandshakeHandler/FMLHANDSHAKE]: Received acknowledgement from client
[28Aug2026 02:33:15.780] [Netty Epoll Server IO #3/DEBUG] [net.minecraftforge.network.LoginWrapper/FMLHANDSHAKE]: Recieved login wrapper packet event for channel fml:handshake with index 5
[28Aug2026 02:33:15.780] [Netty Epoll Server IO #3/DEBUG] [net.minecraftforge.network.HandshakeHandler/FMLHANDSHAKE]: Received client indexed reply 5 of type net.minecraftforge.network.HandshakeMessages$C2SAcknowledge
[28Aug2026 02:33:15.780] [Netty Epoll Server IO #3/DEBUG] [net.minecraftforge.network.HandshakeHandler/FMLHANDSHAKE]: Received acknowledgement from client
[28Aug2026 02:33:15.781] [Netty Epoll Server IO #3/DEBUG] [net.minecraftforge.network.LoginWrapper/FMLHANDSHAKE]: Recieved login wrapper packet event for channel fml:handshake with index 6
[28Aug2026 02:33:15.781] [Netty Epoll Server IO #3/DEBUG] [net.minecraftforge.network.HandshakeHandler/FMLHANDSHAKE]: Received client indexed reply 6 of type net.minecraftforge.network.HandshakeMessages$C2SAcknowledge
[28Aug2026 02:33:15.781] [Netty Epoll Server IO #3/DEBUG] [net.minecraftforge.network.HandshakeHandler/FMLHANDSHAKE]: Received acknowledgement from client
[28Aug2026 02:33:15.942] [Netty Epoll Server IO #3/DEBUG] [net.minecraftforge.network.LoginWrapper/FMLHANDSHAKE]: Recieved login wrapper packet event for channel fml:handshake with index 7
[28Aug2026 02:33:15.943] [Netty Epoll Server IO #3/DEBUG] [net.minecraftforge.network.HandshakeHandler/FMLHANDSHAKE]: Received client indexed reply 7 of type net.minecraftforge.network.HandshakeMessages$C2SAcknowledge
[28Aug2026 02:33:15.943] [Netty Epoll Server IO #3/DEBUG] [net.minecraftforge.network.HandshakeHandler/FMLHANDSHAKE]: Received acknowledgement from client
[28Aug2026 02:33:15.943] [Netty Epoll Server IO #3/DEBUG] [net.minecraftforge.network.LoginWrapper/FMLHANDSHAKE]: Recieved login wrapper packet event for channel fml:handshake with index 8
[28Aug2026 02:33:15.943] [Netty Epoll Server IO #3/DEBUG] [net.minecraftforge.network.HandshakeHandler/FMLHANDSHAKE]: Received client indexed reply 8 of type net.minecraftforge.network.HandshakeMessages$C2SAcknowledge
[28Aug2026 02:33:15.943] [Netty Epoll Server IO #3/DEBUG] [net.minecraftforge.network.HandshakeHandler/FMLHANDSHAKE]: Received acknowledgement from client
[28Aug2026 02:33:15.943] [Netty Epoll Server IO #3/DEBUG] [net.minecraftforge.network.LoginWrapper/FMLHANDSHAKE]: Recieved login wrapper packet event for channel fml:handshake with index 9
[28Aug2026 02:33:15.944] [Netty Epoll Server IO #3/DEBUG] [net.minecraftforge.network.HandshakeHandler/FMLHANDSHAKE]: Received client indexed reply 9 of type net.minecraftforge.network.HandshakeMessages$C2SAcknowledge
[28Aug2026 02:33:15.944] [Netty Epoll Server IO #3/DEBUG] [net.minecraftforge.network.HandshakeHandler/FMLHANDSHAKE]: Received acknowledgement from client
[28Aug2026 02:33:15.944] [Netty Epoll Server IO #3/DEBUG] [net.minecraftforge.network.LoginWrapper/FMLHANDSHAKE]: Recieved login wrapper packet event for channel fml:handshake with index 10
[28Aug2026 02:33:15.944] [Netty Epoll Server IO #3/DEBUG] [net.minecraftforge.network.HandshakeHandler/FMLHANDSHAKE]: Received client indexed reply 10 of type net.minecraftforge.network.HandshakeMessages$C2SAcknowledge
[28Aug2026 02:33:15.944] [Netty Epoll Server IO #3/DEBUG] [net.minecraftforge.network.HandshakeHandler/FMLHANDSHAKE]: Received acknowledgement from client
[28Aug2026 02:33:15.944] [Netty Epoll Server IO #3/DEBUG] [net.minecraftforge.network.LoginWrapper/FMLHANDSHAKE]: Recieved login wrapper packet event for channel fml:handshake with index 11
[28Aug2026 02:33:15.945] [Netty Epoll Server IO #3/DEBUG] [net.minecraftforge.network.HandshakeHandler/FMLHANDSHAKE]: Received client indexed reply 11 of type net.minecraftforge.network.HandshakeMessages$C2SAcknowledge
[28Aug2026 02:33:15.945] [Netty Epoll Server IO #3/DEBUG] [net.minecraftforge.network.HandshakeHandler/FMLHANDSHAKE]: Received acknowledgement from client
[28Aug2026 02:33:15.945] [Netty Epoll Server IO #3/DEBUG] [net.minecraftforge.network.LoginWrapper/FMLHANDSHAKE]: Recieved login wrapper packet event for channel fml:handshake with index 12
[28Aug2026 02:33:15.946] [Netty Epoll Server IO #3/DEBUG] [net.minecraftforge.network.HandshakeHandler/FMLHANDSHAKE]: Received client indexed reply 12 of type net.minecraftforge.network.HandshakeMessages$C2SAcknowledge
[28Aug2026 02:33:15.946] [Netty Epoll Server IO #3/DEBUG] [net.minecraftforge.network.HandshakeHandler/FMLHANDSHAKE]: Received acknowledgement from client
[28Aug2026 02:33:15.994] [Netty Epoll Server IO #3/DEBUG] [net.minecraftforge.network.LoginWrapper/FMLHANDSHAKE]: Recieved login wrapper packet event for channel fml:handshake with index 13
[28Aug2026 02:33:15.994] [Netty Epoll Server IO #3/DEBUG] [net.minecraftforge.network.HandshakeHandler/FMLHANDSHAKE]: Received client indexed reply 13 of type net.minecraftforge.network.HandshakeMessages$C2SAcknowledge
[28Aug2026 02:33:15.994] [Netty Epoll Server IO #3/DEBUG] [net.minecraftforge.network.HandshakeHandler/FMLHANDSHAKE]: Received acknowledgement from client
[28Aug2026 02:33:15.994] [Netty Epoll Server IO #3/DEBUG] [net.minecraftforge.network.LoginWrapper/FMLHANDSHAKE]: Recieved login wrapper packet event for channel fml:handshake with index 14
[28Aug2026 02:33:15.994] [Netty Epoll Server IO #3/DEBUG] [net.minecraftforge.network.HandshakeHandler/FMLHANDSHAKE]: Received client indexed reply 14 of type net.minecraftforge.network.HandshakeMessages$C2SAcknowledge
[28Aug2026 02:33:15.994] [Netty Epoll Server IO #3/DEBUG] [net.minecraftforge.network.HandshakeHandler/FMLHANDSHAKE]: Received acknowledgement from client
[28Aug2026 02:33:15.995] [Netty Epoll Server IO #3/DEBUG] [net.minecraftforge.network.LoginWrapper/FMLHANDSHAKE]: Recieved login wrapper packet event for channel fml:handshake with index 15
[28Aug2026 02:33:15.995] [Netty Epoll Server IO #3/DEBUG] [net.minecraftforge.network.HandshakeHandler/FMLHANDSHAKE]: Received client indexed reply 15 of type net.minecraftforge.network.HandshakeMessages$C2SAcknowledge
[28Aug2026 02:33:15.995] [Netty Epoll Server IO #3/DEBUG] [net.minecraftforge.network.HandshakeHandler/FMLHANDSHAKE]: Received acknowledgement from client
[28Aug2026 02:33:15.995] [Netty Epoll Server IO #3/DEBUG] [net.minecraftforge.network.LoginWrapper/FMLHANDSHAKE]: Recieved login wrapper packet event for channel fml:handshake with index 16
[28Aug2026 02:33:15.995] [Netty Epoll Server IO #3/DEBUG] [net.minecraftforge.network.HandshakeHandler/FMLHANDSHAKE]: Received client indexed reply 16 of type net.minecraftforge.network.HandshakeMessages$C2SAcknowledge
[28Aug2026 02:33:15.995] [Netty Epoll Server IO #3/DEBUG] [net.minecraftforge.network.HandshakeHandler/FMLHANDSHAKE]: Received acknowledgement from client
[28Aug2026 02:33:15.995] [Netty Epoll Server IO #3/DEBUG] [net.minecraftforge.network.LoginWrapper/FMLHANDSHAKE]: Recieved login wrapper packet event for channel fml:handshake with index 17
[28Aug2026 02:33:15.995] [Netty Epoll Server IO #3/DEBUG] [net.minecraftforge.network.HandshakeHandler/FMLHANDSHAKE]: Received client indexed reply 17 of type net.minecraftforge.network.HandshakeMessages$C2SAcknowledge
[28Aug2026 02:33:15.995] [Netty Epoll Server IO #3/DEBUG] [net.minecraftforge.network.HandshakeHandler/FMLHANDSHAKE]: Received acknowledgement from client
[28Aug2026 02:33:15.996] [Netty Epoll Server IO #3/DEBUG] [net.minecraftforge.network.LoginWrapper/FMLHANDSHAKE]: Recieved login wrapper packet event for channel fml:handshake with index 18
[28Aug2026 02:33:15.996] [Netty Epoll Server IO #3/DEBUG] [net.minecraftforge.network.HandshakeHandler/FMLHANDSHAKE]: Received client indexed reply 18 of type net.minecraftforge.network.HandshakeMessages$C2SAcknowledge
[28Aug2026 02:33:15.996] [Netty Epoll Server IO #3/DEBUG] [net.minecraftforge.network.HandshakeHandler/FMLHANDSHAKE]: Received acknowledgement from client
[28Aug2026 02:33:15.996] [Netty Epoll Server IO #3/DEBUG] [net.minecraftforge.network.LoginWrapper/FMLHANDSHAKE]: Recieved login wrapper packet event for channel fml:handshake with index 19
[28Aug2026 02:33:15.996] [Netty Epoll Server IO #3/DEBUG] [net.minecraftforge.network.HandshakeHandler/FMLHANDSHAKE]: Received client indexed reply 19 of type net.minecraftforge.network.HandshakeMessages$C2SAcknowledge
[28Aug2026 02:33:15.996] [Netty Epoll Server IO #3/DEBUG] [net.minecraftforge.network.HandshakeHandler/FMLHANDSHAKE]: Received acknowledgement from client
[28Aug2026 02:33:16.305] [Netty Epoll Server IO #3/DEBUG] [net.minecraftforge.network.LoginWrapper/FMLHANDSHAKE]: Recieved login wrapper packet event for channel fml:handshake with index 20
[28Aug2026 02:33:16.305] [Netty Epoll Server IO #3/DEBUG] [net.minecraftforge.network.HandshakeHandler/FMLHANDSHAKE]: Received client indexed reply 20 of type net.minecraftforge.network.HandshakeMessages$C2SAcknowledge
[28Aug2026 02:33:16.305] [Netty Epoll Server IO #3/DEBUG] [net.minecraftforge.network.HandshakeHandler/FMLHANDSHAKE]: Received acknowledgement from client
[28Aug2026 02:33:16.305] [Netty Epoll Server IO #3/DEBUG] [net.minecraftforge.network.LoginWrapper/FMLHANDSHAKE]: Recieved login wrapper packet event for channel fml:handshake with index 21
[28Aug2026 02:33:16.305] [Netty Epoll Server IO #3/DEBUG] [net.minecraftforge.network.HandshakeHandler/FMLHANDSHAKE]: Received client indexed reply 21 of type net.minecraftforge.network.HandshakeMessages$C2SAcknowledge
[28Aug2026 02:33:16.305] [Netty Epoll Server IO #3/DEBUG] [net.minecraftforge.network.HandshakeHandler/FMLHANDSHAKE]: Received acknowledgement from client
[28Aug2026 02:33:16.306] [Netty Epoll Server IO #3/DEBUG] [net.minecraftforge.network.LoginWrapper/FMLHANDSHAKE]: Recieved login wrapper packet event for channel fml:handshake with index 22
[28Aug2026 02:33:16.306] [Netty Epoll Server IO #3/DEBUG] [net.minecraftforge.network.HandshakeHandler/FMLHANDSHAKE]: Received client indexed reply 22 of type net.minecraftforge.network.HandshakeMessages$C2SAcknowledge
[28Aug2026 02:33:16.306] [Netty Epoll Server IO #3/DEBUG] [net.minecraftforge.network.HandshakeHandler/FMLHANDSHAKE]: Received acknowledgement from client
[28Aug2026 02:33:16.306] [Netty Epoll Server IO #3/DEBUG] [net.minecraftforge.network.LoginWrapper/FMLHANDSHAKE]: Recieved login wrapper packet event for channel fml:handshake with index 23
[28Aug2026 02:33:16.306] [Netty Epoll Server IO #3/DEBUG] [net.minecraftforge.network.HandshakeHandler/FMLHANDSHAKE]: Received client indexed reply 23 of type net.minecraftforge.network.HandshakeMessages$C2SAcknowledge
[28Aug2026 02:33:16.306] [Netty Epoll Server IO #3/DEBUG] [net.minecraftforge.network.HandshakeHandler/FMLHANDSHAKE]: Received acknowledgement from client
[28Aug2026 02:33:16.306] [Netty Epoll Server IO #3/DEBUG] [net.minecraftforge.network.LoginWrapper/FMLHANDSHAKE]: Recieved login wrapper packet event for channel fml:handshake with index 24
[28Aug2026 02:33:16.306] [Netty Epoll Server IO #3/DEBUG] [net.minecraftforge.network.HandshakeHandler/FMLHANDSHAKE]: Received client indexed reply 24 of type net.minecraftforge.network.HandshakeMessages$C2SAcknowledge
[28Aug2026 02:33:16.307] [Netty Epoll Server IO #3/DEBUG] [net.minecraftforge.network.HandshakeHandler/FMLHANDSHAKE]: Received acknowledgement from client
[28Aug2026 02:33:16.342] [Server thread/DEBUG] [net.minecraftforge.network.HandshakeHandler/FMLHANDSHAKE]: Handshake complete!
[28Aug2026 02:33:16.485] [Server thread/DEBUG] [mixin/]: Mixing FoodDataMixin from cataclysm.mixins.json into net.minecraft.world.food.FoodData
[28Aug2026 02:33:16.486] [Server thread/DEBUG] [mixin/]: Mixing FoodDataMixin from alexscaves.mixins.json into net.minecraft.world.food.FoodData
[28Aug2026 02:33:16.571] [Server thread/DEBUG] [ModernFix/]: Generating capability dispatcher #2 for types: [top.theillusivec4.curios.common.capability.CurioItemCapability$Provider -> indeterminate (bytecode analysis disabled)]
[28Aug2026 02:33:16.577] [Server thread/INFO] [net.minecraft.server.players.PlayerList/]: Uzielcrak77[/10.13.238.52:56973] logged in with entity id 140 at (-7009.6368159066305, -10.409524865272548, -5093.4927982124445)
[28Aug2026 02:33:16.586] [Server thread/DEBUG] [net.minecraftforge.network.filters.NetworkFilters/]: Injected net.minecraftforge.network.filters.ForgeConnectionNetworkFilter@1562c16c into net.minecraft.network.Connection@40c93f19
[28Aug2026 02:33:16.606] [Server thread/INFO] [ModernFix/]: Using enhanced recipe sync for player Uzielcrak77
[28Aug2026 02:33:16.649] [Server thread/INFO] [net.minecraft.server.MinecraftServer/]: Uzielcrak77 joined the game
[28Aug2026 02:33:16.771] [Server thread/INFO] [Jade/]: Syncing config to Uzielcrak77 (21975d2d-8fb0-3c48-b8e7-30fe49620982)
[28Aug2026 02:33:21.058] [Server thread/DEBUG] [ModernFix/]: Using cached upgraded version of horror_element_mod:graveyard
[28Aug2026 02:33:23.124] [Server thread/DEBUG] [ModernFix/]: Using cached upgraded version of alexscaves:underground_cabin_2
[28Aug2026 02:33:25.591] [Server thread/WARN] [net.minecraft.server.network.ServerGamePacketListenerImpl/]: Uzielcrak77 moved too quickly! 0.0,-11.064980402202279,0.0
[28Aug2026 02:34:18.596] [Server thread/DEBUG] [ModernFix/]: Using cached upgraded version of iceandfire:graveyard/graveyard_top
[28Aug2026 02:34:18.792] [Server thread/DEBUG] [ModernFix/]: Using cached upgraded version of iceandfire:graveyard/graveyard_bottom
[28Aug2026 02:34:18.793] [Worker-Main-2/DEBUG] [mixin/]: Mixing perf.worldgen_allocation.NoiseChunkMixin from modernfix-modernfix.mixins.json into net.minecraft.world.level.levelgen.NoiseChunk
[28Aug2026 02:34:18.850] [Worker-Main-2/DEBUG] [mixin/]: Mixing perf.worldgen_allocation.MaterialRuleListMixin from modernfix-modernfix.mixins.json into net.minecraft.world.level.levelgen.material.MaterialRuleList
[28Aug2026 02:34:19.044] [Worker-Main-1/DEBUG] [mixin/]: Mixing accessor.WorldGenRegionAccessor from betterdungeons.mixins.json into net.minecraft.server.level.WorldGenRegion
[28Aug2026 02:34:19.045] [Worker-Main-1/DEBUG] [mixin/]: Mixing accessor.WorldGenRegionAccessor from cataclysm.mixins.json into net.minecraft.server.level.WorldGenRegion
[28Aug2026 02:34:19.046] [Worker-Main-1/DEBUG] [mixin/]: Mixing gen.WorldGenRegionMixin from iceandfire.mixins.json into net.minecraft.server.level.WorldGenRegion
[28Aug2026 02:34:19.047] [Worker-Main-1/DEBUG] [mixin/]: Unexpected: Registered method getStructureManager()Lnet/minecraft/world/level/StructureManager; in net.minecraft.server.level.WorldGenRegion was not merged
[28Aug2026 02:34:19.473] [Worker-Main-3/DEBUG] [mixin/]: Mixing accessor.BeardifierAccessor from cataclysm.mixins.json into net.minecraft.world.level.levelgen.Beardifier
[28Aug2026 02:34:19.474] [Worker-Main-3/DEBUG] [mixin/]: Mixing BeardifierMixin from yungsapi.mixins.json into net.minecraft.world.level.levelgen.Beardifier
[28Aug2026 02:34:19.475] [Worker-Main-3/DEBUG] [mixin/]: Mixing accessor.BeardifierAccessor from yungsapi.mixins.json into net.minecraft.world.level.levelgen.Beardifier
[28Aug2026 02:34:19.477] [Worker-Main-3/DEBUG] [mixin/]: Unexpected: Registered method getPieceIterator()Lit/unimi/dsi/fastutil/objects/ObjectListIterator; in net.minecraft.world.level.levelgen.Beardifier was not merged
[28Aug2026 02:34:19.478] [Worker-Main-3/DEBUG] [mixin/]: Unexpected: Registered method getJunctionIterator()Lit/unimi/dsi/fastutil/objects/ObjectListIterator; in net.minecraft.world.level.levelgen.Beardifier was not merged
[28Aug2026 02:34:20.148] [Worker-Main-1/DEBUG] [mixin/]: Mixing perf.worldgen_allocation.SurfaceRulesContextMixin from modernfix-modernfix.mixins.json into net.minecraft.world.level.levelgen.SurfaceRules$Context
[28Aug2026 02:34:20.151] [Worker-Main-1/DEBUG] [mixin/]: Mixing perf.optimize_surface_rules.SurfaceRulesContextMixin from modernfix-modernfix.mixins.json into net.minecraft.world.level.levelgen.SurfaceRules$Context
[28Aug2026 02:34:20.164] [Worker-Main-1/DEBUG] [mixin/]: Mixing perf.worldgen_allocation.SurfaceRulesMixin from modernfix-modernfix.mixins.json into net.minecraft.world.level.levelgen.SurfaceRules$VerticalGradientConditionSource$1VerticalGradientCondition
[28Aug2026 02:34:20.167] [Worker-Main-1/DEBUG] [mixin/]: Mixing perf.worldgen_allocation.SurfaceRulesMixin from modernfix-modernfix.mixins.json into net.minecraft.world.level.levelgen.SurfaceRules$StoneDepthCheck$1StoneDepthCondition
[28Aug2026 02:34:20.171] [Worker-Main-1/DEBUG] [mixin/]: Mixing perf.worldgen_allocation.SurfaceRulesMixin from modernfix-modernfix.mixins.json into net.minecraft.world.level.levelgen.SurfaceRules$YConditionSource$1YCondition
[28Aug2026 02:34:20.176] [Worker-Main-1/DEBUG] [mixin/]: Mixing perf.worldgen_allocation.SurfaceRulesMixin from modernfix-modernfix.mixins.json into net.minecraft.world.level.levelgen.SurfaceRules$WaterConditionSource$1WaterCondition
[28Aug2026 02:34:20.177] [Worker-Main-1/DEBUG] [mixin/]: Mixing perf.worldgen_allocation.SequenceRuleMixin from modernfix-modernfix.mixins.json into net.minecraft.world.level.levelgen.SurfaceRules$SequenceRule
[28Aug2026 02:34:20.187] [Worker-Main-1/DEBUG] [mixin/]: Mixing perf.worldgen_allocation.SurfaceRulesMixin from modernfix-modernfix.mixins.json into net.minecraft.world.level.levelgen.SurfaceRules$BiomeConditionSource$1BiomeCondition
[28Aug2026 02:34:22.829] [Server thread/DEBUG] [ModernFix/]: Using cached upgraded version of alexscaves:underground_cabin_0
[28Aug2026 02:34:37.152] [Worker-Main-1/DEBUG] [ModernFix/]: Using cached upgraded version of horror_element_mod:small_labyrinth
[28Aug2026 02:36:50.113] [Netty Epoll Server IO #6/DEBUG] [net.minecraftforge.network.HandshakeHandler/FMLHANDSHAKE]: Starting new modded impl connection. Found 25 messages to dispatch.
[28Aug2026 02:36:50.166] [Server thread/DEBUG] [net.minecraftforge.network.HandshakeHandler/FMLHANDSHAKE]: Sending ticking packet info 'net.minecraftforge.network.HandshakeMessages$S2CModData' to 'fml:handshake' sequence 0
[28Aug2026 02:36:50.166] [Server thread/DEBUG] [net.minecraftforge.network.HandshakeHandler/FMLHANDSHAKE]: Sending ticking packet info 'net.minecraftforge.network.HandshakeMessages$S2CModList' to 'fml:handshake' sequence 1
[28Aug2026 02:36:50.166] [Server thread/DEBUG] [net.minecraftforge.network.HandshakeHandler/FMLHANDSHAKE]: Sending ticking packet info 'Registry minecraft:command_argument_type' to 'fml:handshake' sequence 2
[28Aug2026 02:36:50.166] [Server thread/DEBUG] [net.minecraftforge.network.HandshakeHandler/FMLHANDSHAKE]: Sending ticking packet info 'Registry minecraft:recipe_serializer' to 'fml:handshake' sequence 3
[28Aug2026 02:36:50.166] [Server thread/DEBUG] [net.minecraftforge.network.HandshakeHandler/FMLHANDSHAKE]: Sending ticking packet info 'Registry minecraft:sound_event' to 'fml:handshake' sequence 4
[28Aug2026 02:36:50.166] [Server thread/DEBUG] [net.minecraftforge.network.HandshakeHandler/FMLHANDSHAKE]: Sending ticking packet info 'Registry minecraft:particle_type' to 'fml:handshake' sequence 5
[28Aug2026 02:36:50.166] [Server thread/DEBUG] [net.minecraftforge.network.HandshakeHandler/FMLHANDSHAKE]: Sending ticking packet info 'Registry minecraft:villager_profession' to 'fml:handshake' sequence 6
[28Aug2026 02:36:50.166] [Server thread/DEBUG] [net.minecraftforge.network.HandshakeHandler/FMLHANDSHAKE]: Sending ticking packet info 'Registry minecraft:item' to 'fml:handshake' sequence 7
[28Aug2026 02:36:50.166] [Server thread/DEBUG] [net.minecraftforge.network.HandshakeHandler/FMLHANDSHAKE]: Sending ticking packet info 'Registry minecraft:potion' to 'fml:handshake' sequence 8
[28Aug2026 02:36:50.167] [Server thread/DEBUG] [net.minecraftforge.network.HandshakeHandler/FMLHANDSHAKE]: Sending ticking packet info 'Registry minecraft:painting_variant' to 'fml:handshake' sequence 9
[28Aug2026 02:36:50.167] [Server thread/DEBUG] [net.minecraftforge.network.HandshakeHandler/FMLHANDSHAKE]: Sending ticking packet info 'Registry forge:fluid_type' to 'fml:handshake' sequence 10
[28Aug2026 02:36:50.167] [Server thread/DEBUG] [net.minecraftforge.network.HandshakeHandler/FMLHANDSHAKE]: Sending ticking packet info 'Registry minecraft:block_entity_type' to 'fml:handshake' sequence 11
[28Aug2026 02:36:50.167] [Server thread/DEBUG] [net.minecraftforge.network.HandshakeHandler/FMLHANDSHAKE]: Sending ticking packet info 'Registry forge:display_contexts' to 'fml:handshake' sequence 12
[28Aug2026 02:36:50.167] [Server thread/DEBUG] [net.minecraftforge.network.HandshakeHandler/FMLHANDSHAKE]: Sending ticking packet info 'Registry minecraft:block' to 'fml:handshake' sequence 13
[28Aug2026 02:36:50.167] [Server thread/DEBUG] [net.minecraftforge.network.HandshakeHandler/FMLHANDSHAKE]: Sending ticking packet info 'Registry forge:entity_data_serializers' to 'fml:handshake' sequence 14
[28Aug2026 02:36:50.167] [Server thread/DEBUG] [net.minecraftforge.network.HandshakeHandler/FMLHANDSHAKE]: Sending ticking packet info 'Registry minecraft:mob_effect' to 'fml:handshake' sequence 15
[28Aug2026 02:36:50.168] [Server thread/DEBUG] [net.minecraftforge.network.HandshakeHandler/FMLHANDSHAKE]: Sending ticking packet info 'Registry minecraft:stat_type' to 'fml:handshake' sequence 16
[28Aug2026 02:36:50.168] [Server thread/DEBUG] [net.minecraftforge.network.HandshakeHandler/FMLHANDSHAKE]: Sending ticking packet info 'Registry minecraft:menu' to 'fml:handshake' sequence 17
[28Aug2026 02:36:50.168] [Server thread/DEBUG] [net.minecraftforge.network.HandshakeHandler/FMLHANDSHAKE]: Sending ticking packet info 'Registry minecraft:enchantment' to 'fml:handshake' sequence 18
[28Aug2026 02:36:50.168] [Server thread/DEBUG] [net.minecraftforge.network.HandshakeHandler/FMLHANDSHAKE]: Sending ticking packet info 'Registry minecraft:fluid' to 'fml:handshake' sequence 19
[28Aug2026 02:36:50.168] [Server thread/DEBUG] [net.minecraftforge.network.HandshakeHandler/FMLHANDSHAKE]: Sending ticking packet info 'Registry minecraft:entity_type' to 'fml:handshake' sequence 20
[28Aug2026 02:36:50.168] [Server thread/DEBUG] [net.minecraftforge.network.HandshakeHandler/FMLHANDSHAKE]: Sending ticking packet info 'Config curios-server.toml' to 'fml:handshake' sequence 21
[28Aug2026 02:36:50.168] [Server thread/DEBUG] [net.minecraftforge.network.HandshakeHandler/FMLHANDSHAKE]: Sending ticking packet info 'Config journeymap-server.toml' to 'fml:handshake' sequence 22
[28Aug2026 02:36:50.168] [Server thread/DEBUG] [net.minecraftforge.network.HandshakeHandler/FMLHANDSHAKE]: Sending ticking packet info 'Config jei-server.toml' to 'fml:handshake' sequence 23
[28Aug2026 02:36:50.168] [Server thread/DEBUG] [net.minecraftforge.network.HandshakeHandler/FMLHANDSHAKE]: Sending ticking packet info 'Config forge-server.toml' to 'fml:handshake' sequence 24
[28Aug2026 02:36:50.313] [Netty Epoll Server IO #6/DEBUG] [net.minecraftforge.network.LoginWrapper/FMLHANDSHAKE]: Recieved login wrapper packet event for channel fml:handshake with index 1
[28Aug2026 02:36:50.314] [Netty Epoll Server IO #6/DEBUG] [net.minecraftforge.network.HandshakeHandler/FMLHANDSHAKE]: Received client indexed reply 1 of type net.minecraftforge.network.HandshakeMessages$C2SModListReply
[28Aug2026 02:36:50.315] [Netty Epoll Server IO #6/DEBUG] [net.minecraftforge.network.HandshakeHandler/FMLHANDSHAKE]: Received client connection with modlist [minecraft, betterdungeons, terrablender, ambientsounds, jade, geckolib, creativecore, jei, commonnetworking, lionfishapi, trender, cataclysm, curios, journeymap, trulydark, modernfix, citadel, alexscaves, alexsmobs, horror_element_mod, yungsapi, entityculling, glitchcore, biomesoplenty, immediatelyfast, starlight, cfm, ferritecore, embeddium_extra, iceandfire, transition, framework, cloth_config, sound_physics_remastered, forge, tlskincape, journeymap_api, embeddium, rubidium, presencefootsteps]
[28Aug2026 02:36:50.315] [Netty Epoll Server IO #6/DEBUG] [net.minecraftforge.network.NetworkRegistry/NETREGISTRY]: Channel 'alexscaves:main_channel' : Version test of '1' from client : ACCEPTED
[28Aug2026 02:36:50.315] [Netty Epoll Server IO #6/DEBUG] [net.minecraftforge.network.NetworkRegistry/NETREGISTRY]: Channel 'jei:channel' : Version test of '1.0.0' from client : ACCEPTED
[28Aug2026 02:36:50.315] [Netty Epoll Server IO #6/DEBUG] [net.minecraftforge.network.NetworkRegistry/NETREGISTRY]: Channel 'minecraft:unregister' : Version test of 'FML3' from client : ACCEPTED
[28Aug2026 02:36:50.316] [Netty Epoll Server IO #6/DEBUG] [net.minecraftforge.network.NetworkRegistry/NETREGISTRY]: Channel 'cfm:network' : Version test of '1' from client : ACCEPTED
[28Aug2026 02:36:50.316] [Netty Epoll Server IO #6/DEBUG] [net.minecraftforge.network.NetworkRegistry/NETREGISTRY]: Channel 'journeymap:waypoint_notification' : Version test of '1' from client : ACCEPTED
[28Aug2026 02:36:50.316] [Netty Epoll Server IO #6/DEBUG] [net.minecraftforge.network.NetworkRegistry/NETREGISTRY]: Channel 'journeymap:remove_player' : Version test of '1' from client : ACCEPTED
[28Aug2026 02:36:50.316] [Netty Epoll Server IO #6/DEBUG] [net.minecraftforge.network.NetworkRegistry/NETREGISTRY]: Channel 'journeymap:version' : Version test of '1' from client : ACCEPTED
[28Aug2026 02:36:50.316] [Netty Epoll Server IO #6/DEBUG] [net.minecraftforge.network.NetworkRegistry/NETREGISTRY]: Channel 'framework:play' : Version test of '1' from client : ACCEPTED
[28Aug2026 02:36:50.316] [Netty Epoll Server IO #6/DEBUG] [net.minecraftforge.network.NetworkRegistry/NETREGISTRY]: Channel 'journeymap:waypoint_scope_resp' : Version test of '1' from client : ACCEPTED
[28Aug2026 02:36:50.316] [Netty Epoll Server IO #6/DEBUG] [net.minecraftforge.network.NetworkRegistry/NETREGISTRY]: Channel 'journeymap:overlay_clear' : Version test of '1' from client : ACCEPTED
[28Aug2026 02:36:50.316] [Netty Epoll Server IO #6/DEBUG] [net.minecraftforge.network.NetworkRegistry/NETREGISTRY]: Channel 'journeymap:admin_req' : Version test of '1' from client : ACCEPTED
[28Aug2026 02:36:50.317] [Netty Epoll Server IO #6/DEBUG] [net.minecraftforge.network.NetworkRegistry/NETREGISTRY]: Channel 'cataclysm:main_channel' : Version test of '1' from client : ACCEPTED
[28Aug2026 02:36:50.317] [Netty Epoll Server IO #6/DEBUG] [net.minecraftforge.network.NetworkRegistry/NETREGISTRY]: Channel 'journeymap:waypoint' : Version test of '1' from client : ACCEPTED
[28Aug2026 02:36:50.317] [Netty Epoll Server IO #6/DEBUG] [net.minecraftforge.network.NetworkRegistry/NETREGISTRY]: Channel 'lionfishapi:main_channel' : Version test of '1' from client : ACCEPTED
[28Aug2026 02:36:50.317] [Netty Epoll Server IO #6/DEBUG] [net.minecraftforge.network.NetworkRegistry/NETREGISTRY]: Channel 'journeymap:waypoint_settings_resp' : Version test of '1' from client : ACCEPTED
[28Aug2026 02:36:50.317] [Netty Epoll Server IO #6/DEBUG] [net.minecraftforge.network.NetworkRegistry/NETREGISTRY]: Channel 'forge:tier_sorting' : Version test of '1.0' from client : ACCEPTED
[28Aug2026 02:36:50.317] [Netty Epoll Server IO #6/DEBUG] [net.minecraftforge.network.NetworkRegistry/NETREGISTRY]: Channel 'alexsmobs:main_channel' : Version test of '1' from client : ACCEPTED
[28Aug2026 02:36:50.317] [Netty Epoll Server IO #6/DEBUG] [net.minecraftforge.network.NetworkRegistry/NETREGISTRY]: Channel 'journeymap:waypoint_settings_update' : Version test of '1' from client : ACCEPTED
[28Aug2026 02:36:50.317] [Netty Epoll Server IO #6/DEBUG] [net.minecraftforge.network.NetworkRegistry/NETREGISTRY]: Channel 'fml:play' : Version test of 'FML3' from client : ACCEPTED
[28Aug2026 02:36:50.318] [Netty Epoll Server IO #6/DEBUG] [net.minecraftforge.network.NetworkRegistry/NETREGISTRY]: Channel 'creativecore:main' : Version test of '1' from client : ACCEPTED
[28Aug2026 02:36:50.318] [Netty Epoll Server IO #6/DEBUG] [net.minecraftforge.network.NetworkRegistry/NETREGISTRY]: Channel 'journeymap:waypoint_scope_req' : Version test of '1' from client : ACCEPTED
[28Aug2026 02:36:50.318] [Netty Epoll Server IO #6/DEBUG] [net.minecraftforge.network.NetworkRegistry/NETREGISTRY]: Channel 'journeymap:teleport_req' : Version test of '1' from client : ACCEPTED
[28Aug2026 02:36:50.318] [Netty Epoll Server IO #6/DEBUG] [net.minecraftforge.network.NetworkRegistry/NETREGISTRY]: Channel 'journeymap:overlay_show' : Version test of '1' from client : ACCEPTED
[28Aug2026 02:36:50.318] [Netty Epoll Server IO #6/DEBUG] [net.minecraftforge.network.NetworkRegistry/NETREGISTRY]: Channel 'modernfix:ingredient_sync' : Version test of '1' from client : ACCEPTED
[28Aug2026 02:36:50.318] [Netty Epoll Server IO #6/DEBUG] [net.minecraftforge.network.NetworkRegistry/NETREGISTRY]: Channel 'journeymap:common' : Version test of '1' from client : ACCEPTED
[28Aug2026 02:36:50.318] [Netty Epoll Server IO #6/DEBUG] [net.minecraftforge.network.NetworkRegistry/NETREGISTRY]: Channel 'minecraft:register' : Version test of 'FML3' from client : ACCEPTED
[28Aug2026 02:36:50.318] [Netty Epoll Server IO #6/DEBUG] [net.minecraftforge.network.NetworkRegistry/NETREGISTRY]: Channel 'geckolib:main' : Version test of '1' from client : ACCEPTED
[28Aug2026 02:36:50.318] [Netty Epoll Server IO #6/DEBUG] [net.minecraftforge.network.NetworkRegistry/NETREGISTRY]: Channel 'journeymap:waypoint_crud_req' : Version test of '1' from client : ACCEPTED
[28Aug2026 02:36:50.318] [Netty Epoll Server IO #6/DEBUG] [net.minecraftforge.network.NetworkRegistry/NETREGISTRY]: Channel 'citadel:main_channel' : Version test of '1' from client : ACCEPTED
[28Aug2026 02:36:50.319] [Netty Epoll Server IO #6/DEBUG] [net.minecraftforge.network.NetworkRegistry/NETREGISTRY]: Channel 'iceandfire:main_channel' : Version test of '1' from client : ACCEPTED
[28Aug2026 02:36:50.319] [Netty Epoll Server IO #6/DEBUG] [net.minecraftforge.network.NetworkRegistry/NETREGISTRY]: Channel 'modernfix:main' : Version test of '1' from client : ACCEPTED
[28Aug2026 02:36:50.319] [Netty Epoll Server IO #6/DEBUG] [net.minecraftforge.network.NetworkRegistry/NETREGISTRY]: Channel 'journeymap:waypoint_crud_resp' : Version test of '1' from client : ACCEPTED
[28Aug2026 02:36:50.319] [Netty Epoll Server IO #6/DEBUG] [net.minecraftforge.network.NetworkRegistry/NETREGISTRY]: Channel 'curios:main' : Version test of '1' from client : ACCEPTED
[28Aug2026 02:36:50.319] [Netty Epoll Server IO #6/DEBUG] [net.minecraftforge.network.NetworkRegistry/NETREGISTRY]: Channel 'worldinfo:world_id' : Version test of '1' from client : ACCEPTED
[28Aug2026 02:36:50.319] [Netty Epoll Server IO #6/DEBUG] [net.minecraftforge.network.NetworkRegistry/NETREGISTRY]: Channel 'journeymap:waypoint_share_op' : Version test of '1' from client : ACCEPTED
[28Aug2026 02:36:50.319] [Netty Epoll Server IO #6/DEBUG] [net.minecraftforge.network.NetworkRegistry/NETREGISTRY]: Channel 'journeymap:global_wp_visibility' : Version test of '1' from client : ACCEPTED
[28Aug2026 02:36:50.319] [Netty Epoll Server IO #6/DEBUG] [net.minecraftforge.network.NetworkRegistry/NETREGISTRY]: Channel 'journeymap:mp_options_req' : Version test of '1' from client : ACCEPTED
[28Aug2026 02:36:50.319] [Netty Epoll Server IO #6/DEBUG] [net.minecraftforge.network.NetworkRegistry/NETREGISTRY]: Channel 'framework:handshake' : Version test of '1' from client : ACCEPTED
[28Aug2026 02:36:50.319] [Netty Epoll Server IO #6/DEBUG] [net.minecraftforge.network.NetworkRegistry/NETREGISTRY]: Channel 'horror_element_mod:horror_element_mod' : Version test of '1' from client : ACCEPTED
[28Aug2026 02:36:50.319] [Netty Epoll Server IO #6/DEBUG] [net.minecraftforge.network.NetworkRegistry/NETREGISTRY]: Channel 'fml:loginwrapper' : Version test of 'FML3' from client : ACCEPTED
[28Aug2026 02:36:50.320] [Netty Epoll Server IO #6/DEBUG] [net.minecraftforge.network.NetworkRegistry/NETREGISTRY]: Channel 'journeymap:waypoint_share_targets_resp' : Version test of '1' from client : ACCEPTED
[28Aug2026 02:36:50.320] [Netty Epoll Server IO #6/DEBUG] [net.minecraftforge.network.NetworkRegistry/NETREGISTRY]: Channel 'journeymap:waypoint_query' : Version test of '1' from client : ACCEPTED
[28Aug2026 02:36:50.320] [Netty Epoll Server IO #6/DEBUG] [net.minecraftforge.network.NetworkRegistry/NETREGISTRY]: Channel 'journeymap:admin_save' : Version test of '1' from client : ACCEPTED
[28Aug2026 02:36:50.320] [Netty Epoll Server IO #6/DEBUG] [net.minecraftforge.network.NetworkRegistry/NETREGISTRY]: Channel 'journeymap:player_loc' : Version test of '1' from client : ACCEPTED
[28Aug2026 02:36:50.320] [Netty Epoll Server IO #6/DEBUG] [net.minecraftforge.network.NetworkRegistry/NETREGISTRY]: Channel 'fml:handshake' : Version test of 'FML3' from client : ACCEPTED
[28Aug2026 02:36:50.320] [Netty Epoll Server IO #6/DEBUG] [net.minecraftforge.network.NetworkRegistry/NETREGISTRY]: Channel 'journeymap:waypoint_scopes' : Version test of '1' from client : ACCEPTED
[28Aug2026 02:36:50.320] [Netty Epoll Server IO #6/DEBUG] [net.minecraftforge.network.NetworkRegistry/NETREGISTRY]: Channel 'journeymap:perm_req' : Version test of '1' from client : ACCEPTED
[28Aug2026 02:36:50.320] [Netty Epoll Server IO #6/DEBUG] [net.minecraftforge.network.NetworkRegistry/NETREGISTRY]: Channel 'forge:split' : Version test of '1.1' from client : ACCEPTED
[28Aug2026 02:36:50.320] [Netty Epoll Server IO #6/DEBUG] [net.minecraftforge.network.NetworkRegistry/NETREGISTRY]: Channel 'journeymap:overlay_remove' : Version test of '1' from client : ACCEPTED
[28Aug2026 02:36:50.321] [Netty Epoll Server IO #6/DEBUG] [net.minecraftforge.network.NetworkRegistry/NETREGISTRY]: Channel 'jade:networking' : Version test of '2' from client : ACCEPTED
[28Aug2026 02:36:50.321] [Netty Epoll Server IO #6/DEBUG] [net.minecraftforge.network.NetworkRegistry/NETREGISTRY]: Channel 'journeymap:waypoint_push' : Version test of '1' from client : ACCEPTED
[28Aug2026 02:36:50.321] [Netty Epoll Server IO #6/DEBUG] [net.minecraftforge.network.NetworkRegistry/NETREGISTRY]: Accepting channel list from client
[28Aug2026 02:36:50.321] [Netty Epoll Server IO #6/DEBUG] [net.minecraftforge.network.HandshakeHandler/FMLHANDSHAKE]: Accepted client connection mod list
[28Aug2026 02:36:50.321] [Netty Epoll Server IO #6/DEBUG] [net.minecraftforge.network.LoginWrapper/FMLHANDSHAKE]: Recieved login wrapper packet event for channel fml:handshake with index 2
[28Aug2026 02:36:50.321] [Netty Epoll Server IO #6/DEBUG] [net.minecraftforge.network.HandshakeHandler/FMLHANDSHAKE]: Received client indexed reply 2 of type net.minecraftforge.network.HandshakeMessages$C2SAcknowledge
[28Aug2026 02:36:50.322] [Netty Epoll Server IO #6/DEBUG] [net.minecraftforge.network.HandshakeHandler/FMLHANDSHAKE]: Received acknowledgement from client
[28Aug2026 02:36:50.322] [Netty Epoll Server IO #6/DEBUG] [net.minecraftforge.network.LoginWrapper/FMLHANDSHAKE]: Recieved login wrapper packet event for channel fml:handshake with index 3
[28Aug2026 02:36:50.322] [Netty Epoll Server IO #6/DEBUG] [net.minecraftforge.network.HandshakeHandler/FMLHANDSHAKE]: Received client indexed reply 3 of type net.minecraftforge.network.HandshakeMessages$C2SAcknowledge
[28Aug2026 02:36:50.322] [Netty Epoll Server IO #6/DEBUG] [net.minecraftforge.network.HandshakeHandler/FMLHANDSHAKE]: Received acknowledgement from client
[28Aug2026 02:36:50.621] [Netty Epoll Server IO #6/DEBUG] [net.minecraftforge.network.LoginWrapper/FMLHANDSHAKE]: Recieved login wrapper packet event for channel fml:handshake with index 4
[28Aug2026 02:36:50.622] [Netty Epoll Server IO #6/DEBUG] [net.minecraftforge.network.HandshakeHandler/FMLHANDSHAKE]: Received client indexed reply 4 of type net.minecraftforge.network.HandshakeMessages$C2SAcknowledge
[28Aug2026 02:36:50.622] [Netty Epoll Server IO #6/DEBUG] [net.minecraftforge.network.HandshakeHandler/FMLHANDSHAKE]: Received acknowledgement from client
[28Aug2026 02:36:50.623] [Netty Epoll Server IO #6/DEBUG] [net.minecraftforge.network.LoginWrapper/FMLHANDSHAKE]: Recieved login wrapper packet event for channel fml:handshake with index 5
[28Aug2026 02:36:50.625] [Netty Epoll Server IO #6/DEBUG] [net.minecraftforge.network.HandshakeHandler/FMLHANDSHAKE]: Received client indexed reply 5 of type net.minecraftforge.network.HandshakeMessages$C2SAcknowledge
[28Aug2026 02:36:50.625] [Netty Epoll Server IO #6/DEBUG] [net.minecraftforge.network.HandshakeHandler/FMLHANDSHAKE]: Received acknowledgement from client
[28Aug2026 02:36:50.625] [Netty Epoll Server IO #6/DEBUG] [net.minecraftforge.network.LoginWrapper/FMLHANDSHAKE]: Recieved login wrapper packet event for channel fml:handshake with index 6
[28Aug2026 02:36:50.626] [Netty Epoll Server IO #6/DEBUG] [net.minecraftforge.network.HandshakeHandler/FMLHANDSHAKE]: Received client indexed reply 6 of type net.minecraftforge.network.HandshakeMessages$C2SAcknowledge
[28Aug2026 02:36:50.626] [Netty Epoll Server IO #6/DEBUG] [net.minecraftforge.network.HandshakeHandler/FMLHANDSHAKE]: Received acknowledgement from client
[28Aug2026 02:36:50.929] [Netty Epoll Server IO #6/DEBUG] [net.minecraftforge.network.LoginWrapper/FMLHANDSHAKE]: Recieved login wrapper packet event for channel fml:handshake with index 7
[28Aug2026 02:36:50.929] [Netty Epoll Server IO #6/DEBUG] [net.minecraftforge.network.HandshakeHandler/FMLHANDSHAKE]: Received client indexed reply 7 of type net.minecraftforge.network.HandshakeMessages$C2SAcknowledge
[28Aug2026 02:36:50.930] [Netty Epoll Server IO #6/DEBUG] [net.minecraftforge.network.HandshakeHandler/FMLHANDSHAKE]: Received acknowledgement from client
[28Aug2026 02:36:50.930] [Netty Epoll Server IO #6/DEBUG] [net.minecraftforge.network.LoginWrapper/FMLHANDSHAKE]: Recieved login wrapper packet event for channel fml:handshake with index 8
[28Aug2026 02:36:50.930] [Netty Epoll Server IO #6/DEBUG] [net.minecraftforge.network.HandshakeHandler/FMLHANDSHAKE]: Received client indexed reply 8 of type net.minecraftforge.network.HandshakeMessages$C2SAcknowledge
[28Aug2026 02:36:50.930] [Netty Epoll Server IO #6/DEBUG] [net.minecraftforge.network.HandshakeHandler/FMLHANDSHAKE]: Received acknowledgement from client
[28Aug2026 02:36:50.931] [Netty Epoll Server IO #6/DEBUG] [net.minecraftforge.network.LoginWrapper/FMLHANDSHAKE]: Recieved login wrapper packet event for channel fml:handshake with index 9
[28Aug2026 02:36:50.931] [Netty Epoll Server IO #6/DEBUG] [net.minecraftforge.network.HandshakeHandler/FMLHANDSHAKE]: Received client indexed reply 9 of type net.minecraftforge.network.HandshakeMessages$C2SAcknowledge
[28Aug2026 02:36:50.931] [Netty Epoll Server IO #6/DEBUG] [net.minecraftforge.network.HandshakeHandler/FMLHANDSHAKE]: Received acknowledgement from client
[28Aug2026 02:36:50.931] [Netty Epoll Server IO #6/DEBUG] [net.minecraftforge.network.LoginWrapper/FMLHANDSHAKE]: Recieved login wrapper packet event for channel fml:handshake with index 10
[28Aug2026 02:36:50.932] [Netty Epoll Server IO #6/DEBUG] [net.minecraftforge.network.HandshakeHandler/FMLHANDSHAKE]: Received client indexed reply 10 of type net.minecraftforge.network.HandshakeMessages$C2SAcknowledge
[28Aug2026 02:36:50.932] [Netty Epoll Server IO #6/DEBUG] [net.minecraftforge.network.HandshakeHandler/FMLHANDSHAKE]: Received acknowledgement from client
[28Aug2026 02:36:50.932] [Netty Epoll Server IO #6/DEBUG] [net.minecraftforge.network.LoginWrapper/FMLHANDSHAKE]: Recieved login wrapper packet event for channel fml:handshake with index 11
[28Aug2026 02:36:50.932] [Netty Epoll Server IO #6/DEBUG] [net.minecraftforge.network.HandshakeHandler/FMLHANDSHAKE]: Received client indexed reply 11 of type net.minecraftforge.network.HandshakeMessages$C2SAcknowledge
[28Aug2026 02:36:50.933] [Netty Epoll Server IO #6/DEBUG] [net.minecraftforge.network.HandshakeHandler/FMLHANDSHAKE]: Received acknowledgement from client
[28Aug2026 02:36:50.933] [Netty Epoll Server IO #6/DEBUG] [net.minecraftforge.network.LoginWrapper/FMLHANDSHAKE]: Recieved login wrapper packet event for channel fml:handshake with index 12
[28Aug2026 02:36:50.933] [Netty Epoll Server IO #6/DEBUG] [net.minecraftforge.network.HandshakeHandler/FMLHANDSHAKE]: Received client indexed reply 12 of type net.minecraftforge.network.HandshakeMessages$C2SAcknowledge
[28Aug2026 02:36:50.933] [Netty Epoll Server IO #6/DEBUG] [net.minecraftforge.network.HandshakeHandler/FMLHANDSHAKE]: Received acknowledgement from client
[28Aug2026 02:36:50.943] [Netty Epoll Server IO #6/DEBUG] [net.minecraftforge.network.LoginWrapper/FMLHANDSHAKE]: Recieved login wrapper packet event for channel fml:handshake with index 13
[28Aug2026 02:36:50.943] [Netty Epoll Server IO #6/DEBUG] [net.minecraftforge.network.HandshakeHandler/FMLHANDSHAKE]: Received client indexed reply 13 of type net.minecraftforge.network.HandshakeMessages$C2SAcknowledge
[28Aug2026 02:36:50.943] [Netty Epoll Server IO #6/DEBUG] [net.minecraftforge.network.HandshakeHandler/FMLHANDSHAKE]: Received acknowledgement from client
[28Aug2026 02:36:50.946] [Netty Epoll Server IO #6/DEBUG] [net.minecraftforge.network.LoginWrapper/FMLHANDSHAKE]: Recieved login wrapper packet event for channel fml:handshake with index 14
[28Aug2026 02:36:50.946] [Netty Epoll Server IO #6/DEBUG] [net.minecraftforge.network.HandshakeHandler/FMLHANDSHAKE]: Received client indexed reply 14 of type net.minecraftforge.network.HandshakeMessages$C2SAcknowledge
[28Aug2026 02:36:50.946] [Netty Epoll Server IO #6/DEBUG] [net.minecraftforge.network.HandshakeHandler/FMLHANDSHAKE]: Received acknowledgement from client
[28Aug2026 02:36:50.946] [Netty Epoll Server IO #6/DEBUG] [net.minecraftforge.network.LoginWrapper/FMLHANDSHAKE]: Recieved login wrapper packet event for channel fml:handshake with index 15
[28Aug2026 02:36:50.946] [Netty Epoll Server IO #6/DEBUG] [net.minecraftforge.network.HandshakeHandler/FMLHANDSHAKE]: Received client indexed reply 15 of type net.minecraftforge.network.HandshakeMessages$C2SAcknowledge
[28Aug2026 02:36:50.946] [Netty Epoll Server IO #6/DEBUG] [net.minecraftforge.network.HandshakeHandler/FMLHANDSHAKE]: Received acknowledgement from client
[28Aug2026 02:36:50.946] [Netty Epoll Server IO #6/DEBUG] [net.minecraftforge.network.LoginWrapper/FMLHANDSHAKE]: Recieved login wrapper packet event for channel fml:handshake with index 16
[28Aug2026 02:36:50.946] [Netty Epoll Server IO #6/DEBUG] [net.minecraftforge.network.HandshakeHandler/FMLHANDSHAKE]: Received client indexed reply 16 of type net.minecraftforge.network.HandshakeMessages$C2SAcknowledge
[28Aug2026 02:36:50.946] [Netty Epoll Server IO #6/DEBUG] [net.minecraftforge.network.HandshakeHandler/FMLHANDSHAKE]: Received acknowledgement from client
[28Aug2026 02:36:50.946] [Netty Epoll Server IO #6/DEBUG] [net.minecraftforge.network.LoginWrapper/FMLHANDSHAKE]: Recieved login wrapper packet event for channel fml:handshake with index 17
[28Aug2026 02:36:50.946] [Netty Epoll Server IO #6/DEBUG] [net.minecraftforge.network.HandshakeHandler/FMLHANDSHAKE]: Received client indexed reply 17 of type net.minecraftforge.network.HandshakeMessages$C2SAcknowledge
[28Aug2026 02:36:50.947] [Netty Epoll Server IO #6/DEBUG] [net.minecraftforge.network.HandshakeHandler/FMLHANDSHAKE]: Received acknowledgement from client
[28Aug2026 02:36:50.947] [Netty Epoll Server IO #6/DEBUG] [net.minecraftforge.network.LoginWrapper/FMLHANDSHAKE]: Recieved login wrapper packet event for channel fml:handshake with index 18
[28Aug2026 02:36:50.947] [Netty Epoll Server IO #6/DEBUG] [net.minecraftforge.network.HandshakeHandler/FMLHANDSHAKE]: Received client indexed reply 18 of type net.minecraftforge.network.HandshakeMessages$C2SAcknowledge
[28Aug2026 02:36:50.948] [Netty Epoll Server IO #6/DEBUG] [net.minecraftforge.network.HandshakeHandler/FMLHANDSHAKE]: Received acknowledgement from client
[28Aug2026 02:36:50.948] [Netty Epoll Server IO #6/DEBUG] [net.minecraftforge.network.LoginWrapper/FMLHANDSHAKE]: Recieved login wrapper packet event for channel fml:handshake with index 19
[28Aug2026 02:36:50.948] [Netty Epoll Server IO #6/DEBUG] [net.minecraftforge.network.HandshakeHandler/FMLHANDSHAKE]: Received client indexed reply 19 of type net.minecraftforge.network.HandshakeMessages$C2SAcknowledge
[28Aug2026 02:36:50.948] [Netty Epoll Server IO #6/DEBUG] [net.minecraftforge.network.HandshakeHandler/FMLHANDSHAKE]: Received acknowledgement from client
[28Aug2026 02:36:51.250] [Netty Epoll Server IO #6/DEBUG] [net.minecraftforge.network.LoginWrapper/FMLHANDSHAKE]: Recieved login wrapper packet event for channel fml:handshake with index 20
[28Aug2026 02:36:51.251] [Netty Epoll Server IO #6/DEBUG] [net.minecraftforge.network.HandshakeHandler/FMLHANDSHAKE]: Received client indexed reply 20 of type net.minecraftforge.network.HandshakeMessages$C2SAcknowledge
[28Aug2026 02:36:51.251] [Netty Epoll Server IO #6/DEBUG] [net.minecraftforge.network.HandshakeHandler/FMLHANDSHAKE]: Received acknowledgement from client
[28Aug2026 02:36:51.251] [Netty Epoll Server IO #6/DEBUG] [net.minecraftforge.network.LoginWrapper/FMLHANDSHAKE]: Recieved login wrapper packet event for channel fml:handshake with index 21
[28Aug2026 02:36:51.251] [Netty Epoll Server IO #6/DEBUG] [net.minecraftforge.network.HandshakeHandler/FMLHANDSHAKE]: Received client indexed reply 21 of type net.minecraftforge.network.HandshakeMessages$C2SAcknowledge
[28Aug2026 02:36:51.251] [Netty Epoll Server IO #6/DEBUG] [net.minecraftforge.network.HandshakeHandler/FMLHANDSHAKE]: Received acknowledgement from client
[28Aug2026 02:36:51.251] [Netty Epoll Server IO #6/DEBUG] [net.minecraftforge.network.LoginWrapper/FMLHANDSHAKE]: Recieved login wrapper packet event for channel fml:handshake with index 22
[28Aug2026 02:36:51.251] [Netty Epoll Server IO #6/DEBUG] [net.minecraftforge.network.HandshakeHandler/FMLHANDSHAKE]: Received client indexed reply 22 of type net.minecraftforge.network.HandshakeMessages$C2SAcknowledge
[28Aug2026 02:36:51.251] [Netty Epoll Server IO #6/DEBUG] [net.minecraftforge.network.HandshakeHandler/FMLHANDSHAKE]: Received acknowledgement from client
[28Aug2026 02:36:51.251] [Netty Epoll Server IO #6/DEBUG] [net.minecraftforge.network.LoginWrapper/FMLHANDSHAKE]: Recieved login wrapper packet event for channel fml:handshake with index 23
[28Aug2026 02:36:51.251] [Netty Epoll Server IO #6/DEBUG] [net.minecraftforge.network.HandshakeHandler/FMLHANDSHAKE]: Received client indexed reply 23 of type net.minecraftforge.network.HandshakeMessages$C2SAcknowledge
[28Aug2026 02:36:51.252] [Netty Epoll Server IO #6/DEBUG] [net.minecraftforge.network.HandshakeHandler/FMLHANDSHAKE]: Received acknowledgement from client
[28Aug2026 02:36:51.252] [Netty Epoll Server IO #6/DEBUG] [net.minecraftforge.network.LoginWrapper/FMLHANDSHAKE]: Recieved login wrapper packet event for channel fml:handshake with index 24
[28Aug2026 02:36:51.252] [Netty Epoll Server IO #6/DEBUG] [net.minecraftforge.network.HandshakeHandler/FMLHANDSHAKE]: Received client indexed reply 24 of type net.minecraftforge.network.HandshakeMessages$C2SAcknowledge
[28Aug2026 02:36:51.252] [Netty Epoll Server IO #6/DEBUG] [net.minecraftforge.network.HandshakeHandler/FMLHANDSHAKE]: Received acknowledgement from client
[28Aug2026 02:36:51.278] [Server thread/DEBUG] [net.minecraftforge.network.HandshakeHandler/FMLHANDSHAKE]: Handshake complete!
[28Aug2026 02:36:51.342] [Server thread/INFO] [net.minecraft.server.players.PlayerList/]: Jr_dark[/10.13.238.142:59345] logged in with entity id 2360 at (-6994.699999988079, -22.0, -5026.046245788543)
[28Aug2026 02:36:51.343] [Server thread/DEBUG] [net.minecraftforge.network.filters.NetworkFilters/]: Injected net.minecraftforge.network.filters.ForgeConnectionNetworkFilter@52122c4c into net.minecraft.network.Connection@72dded65
[28Aug2026 02:36:51.352] [Server thread/INFO] [ModernFix/]: Using enhanced recipe sync for player Jr_dark
[28Aug2026 02:36:51.365] [Server thread/INFO] [net.minecraft.server.MinecraftServer/]: Jr_dark joined the game
[28Aug2026 02:36:51.400] [Server thread/INFO] [Jade/]: Syncing config to Jr_dark (e4a447b7-80d3-39bc-aee9-7217339ad2d7)
[28Aug2026 02:37:43.231] [Server thread/DEBUG] [mixin/]: Mixing MixinPiglinAi from curios.mixins.json into net.minecraft.world.entity.monster.piglin.PiglinAi
[28Aug2026 02:37:46.537] [Server thread/INFO] [net.minecraft.server.MinecraftServer/]: Jr_dark has made the advancement [The Secret Ingredient]
[28Aug2026 02:37:47.269] [Server thread/DEBUG] [net.minecraftforge.common.ForgeHooks/WP]: Gathering id map for writing to world save world
[28Aug2026 02:37:47.283] [Server thread/DEBUG] [net.minecraftforge.common.ForgeHooks/WP]: ID Map collection complete world
[28Aug2026 02:38:57.004] [Worker-Main-2/DEBUG] [ModernFix/]: Using cached upgraded version of iceandfire:village/plains_scriber_1
[28Aug2026 02:39:07.671] [Server thread/INFO] [net.minecraft.server.MinecraftServer/]: Jr_dark has made the advancement [A Day at the Fair]
[28Aug2026 02:39:13.118] [Server thread/INFO] [net.minecraft.server.MinecraftServer/]: [Uzielcrak77: Set own game mode to Survival Mode]
[28Aug2026 02:39:22.062] [Server thread/INFO] [net.minecraft.server.MinecraftServer/]: Jr_dark has made the advancement [It Belongs in a Museum]
[28Aug2026 02:39:22.496] [Server thread/INFO] [net.minecraft.server.MinecraftServer/]: [Uzielcrak77: Removed 227 item(s) from player Uzielcrak77]
[28Aug2026 02:40:14.812] [Server thread/INFO] [net.minecraft.server.MinecraftServer/]: Jr_dark has made the advancement [Biome Reactors]
[28Aug2026 02:41:07.514] [Server thread/INFO] [net.minecraft.server.MinecraftServer/]: Jr_dark was forced to bite down on a gumball by Gumbeeper
[28Aug2026 02:41:10.325] [Server thread/WARN] [net.minecraft.world.level.block.entity.BlockEntity/]: Skipping BlockEntity with id tacz:gun_smith_table
[28Aug2026 02:41:10.326] [Server thread/WARN] [net.minecraft.world.level.block.entity.BlockEntity/]: Skipping BlockEntity with id tacz:gun_smith_table
[28Aug2026 02:41:10.326] [Server thread/WARN] [net.minecraft.world.level.block.entity.BlockEntity/]: Skipping BlockEntity with id tacz:gun_smith_table
[28Aug2026 02:41:10.327] [Server thread/WARN] [net.minecraft.world.level.block.entity.BlockEntity/]: Skipping BlockEntity with id tacz:gun_smith_table
[28Aug2026 02:41:10.327] [Server thread/WARN] [net.minecraft.world.level.block.entity.BlockEntity/]: Skipping BlockEntity with id tacz:gun_smith_table
[28Aug2026 02:41:31.115] [Server thread/INFO] [net.minecraft.server.MinecraftServer/]: [Jr_dark: Teleported Jr_dark to Uzielcrak77]
[28Aug2026 02:41:41.039] [Server thread/INFO] [net.minecraft.server.MinecraftServer/]: Uzielcrak77 hit the ground too hard
[28Aug2026 02:42:47.223] [Server thread/DEBUG] [net.minecraftforge.common.ForgeHooks/WP]: Gathering id map for writing to world save world
[28Aug2026 02:42:47.240] [Server thread/DEBUG] [net.minecraftforge.common.ForgeHooks/WP]: ID Map collection complete world
[28Aug2026 02:46:51.783] [Server thread/INFO] [net.minecraft.server.MinecraftServer/]: [Uzielcrak77: Teleported Uzielcrak77 to Jr_dark]
[28Aug2026 02:46:53.309] [Server thread/INFO] [net.minecraft.server.MinecraftServer/]: Jr_dark has made the advancement [Spear Mint]
[28Aug2026 02:47:01.604] [Server thread/INFO] [net.minecraft.server.MinecraftServer/]: Uzielcrak77 has made the advancement [It Belongs in a Museum]
[28Aug2026 02:47:08.059] [Server thread/INFO] [net.minecraft.server.MinecraftServer/]: Uzielcrak77 has made the advancement [Spear Mint]
[28Aug2026 02:47:47.202] [Server thread/DEBUG] [net.minecraftforge.common.ForgeHooks/WP]: Gathering id map for writing to world save world
[28Aug2026 02:47:47.216] [Server thread/DEBUG] [net.minecraftforge.common.ForgeHooks/WP]: ID Map collection complete world
[28Aug2026 02:48:20.356] [Server thread/INFO] [net.minecraft.server.MinecraftServer/]: Jr_dark has made the advancement [Choc-o-Block]
[28Aug2026 02:48:48.205] [Server thread/INFO] [net.minecraft.server.MinecraftServer/]: [Uzielcrak77: Teleported Uzielcrak77 to Jr_dark]
[28Aug2026 02:49:08.060] [Server thread/DEBUG] [ModernFix/]: Generating capability dispatcher #3 for types: [net.minecraftforge.fluids.capability.wrappers.FluidBucketWrapper -> indeterminate (bytecode analysis disabled)]
[28Aug2026 02:52:47.200] [Server thread/DEBUG] [net.minecraftforge.common.ForgeHooks/WP]: Gathering id map for writing to world save world
[28Aug2026 02:52:47.212] [Server thread/DEBUG] [net.minecraftforge.common.ForgeHooks/WP]: ID Map collection complete world
[28Aug2026 02:53:29.650] [Server thread/INFO] [net.minecraft.server.MinecraftServer/]: [Uzielcrak77: Teleported Uzielcrak77 to Jr_dark]
[28Aug2026 02:54:23.908] [Server thread/INFO] [net.minecraft.server.MinecraftServer/]: Jr_dark fell from a high place
[28Aug2026 02:54:30.586] [Server thread/INFO] [journeymap/]: Jr_dark teleported to -7288.5 -47.0 -5167.5 minecraft:overworld
[28Aug2026 02:54:41.026] [Server thread/INFO] [net.minecraft.server.MinecraftServer/]: [Uzielcrak77: Teleported Jr_dark to Uzielcrak77]
[28Aug2026 02:54:44.024] [Server thread/INFO] [net.minecraft.server.MinecraftServer/]: [Uzielcrak77: Teleported Jr_dark to Uzielcrak77]
[28Aug2026 02:54:47.538] [Server thread/INFO] [net.minecraft.server.MinecraftServer/]: [Uzielcrak77: Teleported Jr_dark to Uzielcrak77]
[28Aug2026 02:56:05.715] [Server thread/INFO] [net.minecraft.server.MinecraftServer/]: Uzielcrak77 was doomed to fall
[28Aug2026 02:57:26.821] [Server thread/INFO] [net.minecraft.server.MinecraftServer/]: [Uzielcrak77: Set own game mode to Creative Mode]
[28Aug2026 02:57:47.208] [Server thread/DEBUG] [net.minecraftforge.common.ForgeHooks/WP]: Gathering id map for writing to world save world
[28Aug2026 02:57:47.221] [Server thread/DEBUG] [net.minecraftforge.common.ForgeHooks/WP]: ID Map collection complete world
[28Aug2026 02:57:57.161] [Server thread/INFO] [net.minecraft.server.MinecraftServer/]: [Uzielcrak77: Set own game mode to Survival Mode]
[28Aug2026 02:57:57.558] [Server thread/INFO] [net.minecraft.server.MinecraftServer/]: Uzielcrak77 has made the advancement [The Cyclops]
[28Aug2026 02:58:30.525] [Server thread/ERROR] [net.minecraft.world.level.chunk.storage.ChunkSerializer/]: Unknown structure start: watching:torch_cave
[28Aug2026 02:58:30.525] [Server thread/WARN] [net.minecraft.world.level.chunk.storage.ChunkSerializer/]: Found reference to unknown structure 'watching:torch_cave' in chunk [-274, -39], discarding
[28Aug2026 02:58:30.526] [Server thread/WARN] [net.minecraft.world.level.chunk.storage.ChunkSerializer/]: Found reference to unknown structure 'watching:torch_cave' in chunk [-275, -39], discarding
[28Aug2026 02:58:33.333] [Server thread/WARN] [net.minecraft.world.level.chunk.storage.ChunkSerializer/]: Found reference to unknown structure 'watching:torch_cave' in chunk [-259, -38], discarding
[28Aug2026 02:58:33.335] [Server thread/ERROR] [net.minecraft.world.level.chunk.storage.ChunkSerializer/]: Unknown structure start: watching:torch_cave
[28Aug2026 02:58:33.335] [Server thread/WARN] [net.minecraft.world.level.chunk.storage.ChunkSerializer/]: Found reference to unknown structure 'watching:torch_cave' in chunk [-258, -38], discarding
[28Aug2026 02:58:36.079] [Server thread/WARN] [net.minecraft.world.entity.EntityType/]: Skipping Entity with id the_one_who_watches:toww_hanging
[28Aug2026 02:58:38.628] [Server thread/WARN] [net.minecraft.world.level.chunk.storage.ChunkSerializer/]: Found reference to unknown structure 'watching:torch_cave' in chunk [-256, -36], discarding
[28Aug2026 02:58:38.630] [Server thread/WARN] [net.minecraft.world.level.chunk.storage.ChunkSerializer/]: Found reference to unknown structure 'watching:torch_cave' in chunk [-255, -36], discarding
[28Aug2026 02:58:43.780] [Server thread/WARN] [net.minecraft.world.level.chunk.storage.ChunkSerializer/]: Found reference to unknown structure 'watching:torch_cave' in chunk [-263, -35], discarding
[28Aug2026 02:58:43.782] [Server thread/WARN] [net.minecraft.world.level.chunk.storage.ChunkSerializer/]: Found reference to unknown structure 'watching:torch_cave' in chunk [-262, -35], discarding
[28Aug2026 02:58:43.788] [Server thread/WARN] [net.minecraft.world.level.chunk.storage.ChunkSerializer/]: Found reference to unknown structure 'watching:torch_cave' in chunk [-256, -35], discarding
[28Aug2026 02:58:43.789] [Server thread/ERROR] [net.minecraft.world.level.chunk.storage.ChunkSerializer/]: Unknown structure start: watching:torch_cave
[28Aug2026 02:58:43.789] [Server thread/WARN] [net.minecraft.world.level.chunk.storage.ChunkSerializer/]: Found reference to unknown structure 'watching:torch_cave' in chunk [-255, -35], discarding
[28Aug2026 02:58:59.682] [Server thread/WARN] [net.minecraft.world.level.chunk.storage.ChunkSerializer/]: Found reference to unknown structure 'watching:torch_cave' in chunk [-277, -37], discarding
[28Aug2026 02:59:02.124] [Server thread/WARN] [net.minecraft.world.level.chunk.storage.ChunkSerializer/]: Found reference to unknown structure 'watching:torch_cave' in chunk [-278, -37], discarding
[28Aug2026 02:59:07.325] [Server thread/WARN] [net.minecraft.world.level.chunk.storage.ChunkSerializer/]: Found reference to unknown structure 'watching:torch_cave' in chunk [-280, -39], discarding
[28Aug2026 02:59:07.330] [Server thread/ERROR] [net.minecraft.world.level.chunk.storage.ChunkSerializer/]: Unknown structure start: watching:torch_cave
[28Aug2026 02:59:07.330] [Server thread/WARN] [net.minecraft.world.level.chunk.storage.ChunkSerializer/]: Found reference to unknown structure 'watching:torch_cave' in chunk [-280, -38], discarding
[28Aug2026 02:59:09.940] [Server thread/WARN] [net.minecraft.world.level.chunk.storage.ChunkSerializer/]: Found reference to unknown structure 'watching:torch_cave' in chunk [-281, -39], discarding
[28Aug2026 02:59:09.979] [Server thread/WARN] [net.minecraft.world.level.chunk.storage.ChunkSerializer/]: Found reference to unknown structure 'watching:torch_cave' in chunk [-281, -38], discarding
[28Aug2026 02:59:26.644] [Server thread/WARN] [net.minecraft.world.level.chunk.storage.ChunkSerializer/]: Found reference to unknown structure 'watching:torch_cave' in chunk [-287, -57], discarding
[28Aug2026 02:59:26.645] [Server thread/WARN] [net.minecraft.world.level.chunk.storage.ChunkSerializer/]: Found reference to unknown structure 'watching:torch_cave' in chunk [-287, -55], discarding
[28Aug2026 02:59:26.646] [Server thread/WARN] [net.minecraft.world.level.chunk.storage.ChunkSerializer/]: Found reference to unknown structure 'watching:torch_tunnel/2x2_tunnel' in chunk [-287, -55], discarding
[28Aug2026 02:59:26.646] [Server thread/ERROR] [net.minecraft.world.level.chunk.storage.ChunkSerializer/]: Unknown structure start: watching:torch_cave
[28Aug2026 02:59:26.647] [Server thread/ERROR] [net.minecraft.world.level.chunk.storage.ChunkSerializer/]: Unknown structure start: watching:torch_tunnel/2x2_tunnel
[28Aug2026 02:59:26.647] [Server thread/WARN] [net.minecraft.world.level.chunk.storage.ChunkSerializer/]: Found reference to unknown structure 'watching:torch_cave' in chunk [-287, -56], discarding
[28Aug2026 02:59:26.647] [Server thread/WARN] [net.minecraft.world.level.chunk.storage.ChunkSerializer/]: Found reference to unknown structure 'watching:torch_tunnel/2x2_tunnel' in chunk [-287, -56], discarding
[28Aug2026 02:59:26.648] [Server thread/WARN] [net.minecraft.world.level.chunk.storage.ChunkSerializer/]: Found reference to unknown structure 'watching:torch_tunnel/2x2_tunnel' in chunk [-287, -54], discarding
[28Aug2026 02:59:26.697] [Server thread/WARN] [net.minecraft.world.level.chunk.storage.ChunkSerializer/]: Found reference to unknown structure 'watching:logless_tree/oak' in chunk [-287, -40], discarding
[28Aug2026 02:59:26.765] [Server thread/ERROR] [net.minecraft.world.level.chunk.storage.ChunkSerializer/]: Unknown structure start: watching:logless_tree/oak
[28Aug2026 02:59:26.765] [Server thread/WARN] [net.minecraft.world.level.chunk.storage.ChunkSerializer/]: Found reference to unknown structure 'watching:logless_tree/oak' in chunk [-287, -39], discarding
[28Aug2026 02:59:32.376] [Server thread/WARN] [net.minecraft.world.level.chunk.storage.ChunkSerializer/]: Found reference to unknown structure 'watching:torch_cave' in chunk [-288, -56], discarding
[28Aug2026 02:59:32.379] [Server thread/WARN] [net.minecraft.world.level.chunk.storage.ChunkSerializer/]: Found reference to unknown structure 'watching:torch_cave' in chunk [-288, -57], discarding
[28Aug2026 02:59:34.038] [Server thread/WARN] [net.minecraft.world.level.chunk.storage.ChunkSerializer/]: Found reference to unknown structure 'watching:torch_cave' in chunk [-286, -68], discarding
[28Aug2026 02:59:42.140] [Server thread/ERROR] [net.minecraft.world.level.chunk.storage.ChunkSerializer/]: Unknown structure start: watching:torch_cave
[28Aug2026 02:59:42.140] [Server thread/WARN] [net.minecraft.world.level.chunk.storage.ChunkSerializer/]: Found reference to unknown structure 'watching:torch_cave' in chunk [-286, -71], discarding
[28Aug2026 02:59:42.160] [Server thread/WARN] [net.minecraft.world.level.chunk.storage.ChunkSerializer/]: Found reference to unknown structure 'watching:torch_cave' in chunk [-287, -71], discarding
[28Aug2026 02:59:45.045] [Server thread/WARN] [net.minecraft.world.level.chunk.storage.ChunkSerializer/]: Found reference to unknown structure 'watching:torch_cave' in chunk [-287, -72], discarding
[28Aug2026 02:59:45.049] [Server thread/WARN] [net.minecraft.world.level.chunk.storage.ChunkSerializer/]: Found reference to unknown structure 'watching:torch_cave' in chunk [-286, -72], discarding
[28Aug2026 02:59:51.823] [Server thread/ERROR] [net.minecraft.world.level.chunk.storage.ChunkSerializer/]: Unknown structure start: watching:torch_cave
[28Aug2026 02:59:51.823] [Server thread/WARN] [net.minecraft.world.level.chunk.storage.ChunkSerializer/]: Found reference to unknown structure 'watching:torch_cave' in chunk [-288, -74], discarding
[28Aug2026 03:00:08.671] [Server thread/INFO] [net.minecraft.server.network.ServerGamePacketListenerImpl/]: Jr_dark lost connection: Timed out
[28Aug2026 03:00:08.672] [Server thread/INFO] [net.minecraft.server.MinecraftServer/]: Jr_dark left the game
[28Aug2026 03:00:30.466] [Server thread/WARN] [net.minecraft.world.entity.EntityType/]: Skipping Entity with id the_one_who_watches:toww_hanging
[28Aug2026 03:00:30.670] [Netty Epoll Server IO #0/DEBUG] [net.minecraftforge.network.HandshakeHandler/FMLHANDSHAKE]: Starting new modded impl connection. Found 25 messages to dispatch.
[28Aug2026 03:00:30.699] [Server thread/DEBUG] [net.minecraftforge.network.HandshakeHandler/FMLHANDSHAKE]: Sending ticking packet info 'net.minecraftforge.network.HandshakeMessages$S2CModData' to 'fml:handshake' sequence 0
[28Aug2026 03:00:30.699] [Server thread/DEBUG] [net.minecraftforge.network.HandshakeHandler/FMLHANDSHAKE]: Sending ticking packet info 'net.minecraftforge.network.HandshakeMessages$S2CModList' to 'fml:handshake' sequence 1
[28Aug2026 03:00:30.699] [Server thread/DEBUG] [net.minecraftforge.network.HandshakeHandler/FMLHANDSHAKE]: Sending ticking packet info 'Registry minecraft:command_argument_type' to 'fml:handshake' sequence 2
[28Aug2026 03:00:30.699] [Server thread/DEBUG] [net.minecraftforge.network.HandshakeHandler/FMLHANDSHAKE]: Sending ticking packet info 'Registry minecraft:recipe_serializer' to 'fml:handshake' sequence 3
[28Aug2026 03:00:30.699] [Server thread/DEBUG] [net.minecraftforge.network.HandshakeHandler/FMLHANDSHAKE]: Sending ticking packet info 'Registry minecraft:sound_event' to 'fml:handshake' sequence 4
[28Aug2026 03:00:30.700] [Server thread/DEBUG] [net.minecraftforge.network.HandshakeHandler/FMLHANDSHAKE]: Sending ticking packet info 'Registry minecraft:particle_type' to 'fml:handshake' sequence 5
[28Aug2026 03:00:30.700] [Server thread/DEBUG] [net.minecraftforge.network.HandshakeHandler/FMLHANDSHAKE]: Sending ticking packet info 'Registry minecraft:villager_profession' to 'fml:handshake' sequence 6
[28Aug2026 03:00:30.700] [Server thread/DEBUG] [net.minecraftforge.network.HandshakeHandler/FMLHANDSHAKE]: Sending ticking packet info 'Registry minecraft:item' to 'fml:handshake' sequence 7
[28Aug2026 03:00:30.700] [Server thread/DEBUG] [net.minecraftforge.network.HandshakeHandler/FMLHANDSHAKE]: Sending ticking packet info 'Registry minecraft:potion' to 'fml:handshake' sequence 8
[28Aug2026 03:00:30.700] [Server thread/DEBUG] [net.minecraftforge.network.HandshakeHandler/FMLHANDSHAKE]: Sending ticking packet info 'Registry minecraft:painting_variant' to 'fml:handshake' sequence 9
[28Aug2026 03:00:30.700] [Server thread/DEBUG] [net.minecraftforge.network.HandshakeHandler/FMLHANDSHAKE]: Sending ticking packet info 'Registry forge:fluid_type' to 'fml:handshake' sequence 10
[28Aug2026 03:00:30.700] [Server thread/DEBUG] [net.minecraftforge.network.HandshakeHandler/FMLHANDSHAKE]: Sending ticking packet info 'Registry minecraft:block_entity_type' to 'fml:handshake' sequence 11
[28Aug2026 03:00:30.700] [Server thread/DEBUG] [net.minecraftforge.network.HandshakeHandler/FMLHANDSHAKE]: Sending ticking packet info 'Registry forge:display_contexts' to 'fml:handshake' sequence 12
[28Aug2026 03:00:30.700] [Server thread/DEBUG] [net.minecraftforge.network.HandshakeHandler/FMLHANDSHAKE]: Sending ticking packet info 'Registry minecraft:block' to 'fml:handshake' sequence 13
[28Aug2026 03:00:30.700] [Server thread/DEBUG] [net.minecraftforge.network.HandshakeHandler/FMLHANDSHAKE]: Sending ticking packet info 'Registry forge:entity_data_serializers' to 'fml:handshake' sequence 14
[28Aug2026 03:00:30.700] [Server thread/DEBUG] [net.minecraftforge.network.HandshakeHandler/FMLHANDSHAKE]: Sending ticking packet info 'Registry minecraft:mob_effect' to 'fml:handshake' sequence 15
[28Aug2026 03:00:30.700] [Server thread/DEBUG] [net.minecraftforge.network.HandshakeHandler/FMLHANDSHAKE]: Sending ticking packet info 'Registry minecraft:stat_type' to 'fml:handshake' sequence 16
[28Aug2026 03:00:30.700] [Server thread/DEBUG] [net.minecraftforge.network.HandshakeHandler/FMLHANDSHAKE]: Sending ticking packet info 'Registry minecraft:menu' to 'fml:handshake' sequence 17
[28Aug2026 03:00:30.700] [Server thread/DEBUG] [net.minecraftforge.network.HandshakeHandler/FMLHANDSHAKE]: Sending ticking packet info 'Registry minecraft:enchantment' to 'fml:handshake' sequence 18
[28Aug2026 03:00:30.700] [Server thread/DEBUG] [net.minecraftforge.network.HandshakeHandler/FMLHANDSHAKE]: Sending ticking packet info 'Registry minecraft:fluid' to 'fml:handshake' sequence 19
[28Aug2026 03:00:30.700] [Server thread/DEBUG] [net.minecraftforge.network.HandshakeHandler/FMLHANDSHAKE]: Sending ticking packet info 'Registry minecraft:entity_type' to 'fml:handshake' sequence 20
[28Aug2026 03:00:30.700] [Server thread/DEBUG] [net.minecraftforge.network.HandshakeHandler/FMLHANDSHAKE]: Sending ticking packet info 'Config curios-server.toml' to 'fml:handshake' sequence 21
[28Aug2026 03:00:30.700] [Server thread/DEBUG] [net.minecraftforge.network.HandshakeHandler/FMLHANDSHAKE]: Sending ticking packet info 'Config journeymap-server.toml' to 'fml:handshake' sequence 22
[28Aug2026 03:00:30.700] [Server thread/DEBUG] [net.minecraftforge.network.HandshakeHandler/FMLHANDSHAKE]: Sending ticking packet info 'Config jei-server.toml' to 'fml:handshake' sequence 23
[28Aug2026 03:00:30.700] [Server thread/DEBUG] [net.minecraftforge.network.HandshakeHandler/FMLHANDSHAKE]: Sending ticking packet info 'Config forge-server.toml' to 'fml:handshake' sequence 24
[28Aug2026 03:00:30.865] [Netty Epoll Server IO #0/DEBUG] [net.minecraftforge.network.LoginWrapper/FMLHANDSHAKE]: Recieved login wrapper packet event for channel fml:handshake with index 1
[28Aug2026 03:00:30.865] [Netty Epoll Server IO #0/DEBUG] [net.minecraftforge.network.HandshakeHandler/FMLHANDSHAKE]: Received client indexed reply 1 of type net.minecraftforge.network.HandshakeMessages$C2SModListReply
[28Aug2026 03:00:30.866] [Netty Epoll Server IO #0/DEBUG] [net.minecraftforge.network.HandshakeHandler/FMLHANDSHAKE]: Received client connection with modlist [minecraft, betterdungeons, terrablender, ambientsounds, jade, geckolib, creativecore, jei, commonnetworking, lionfishapi, trender, cataclysm, curios, journeymap, trulydark, modernfix, citadel, alexscaves, alexsmobs, horror_element_mod, yungsapi, entityculling, glitchcore, biomesoplenty, immediatelyfast, starlight, cfm, ferritecore, embeddium_extra, iceandfire, transition, framework, cloth_config, sound_physics_remastered, forge, tlskincape, journeymap_api, embeddium, rubidium, presencefootsteps]
[28Aug2026 03:00:30.866] [Netty Epoll Server IO #0/DEBUG] [net.minecraftforge.network.NetworkRegistry/NETREGISTRY]: Channel 'alexscaves:main_channel' : Version test of '1' from client : ACCEPTED
[28Aug2026 03:00:30.866] [Netty Epoll Server IO #0/DEBUG] [net.minecraftforge.network.NetworkRegistry/NETREGISTRY]: Channel 'jei:channel' : Version test of '1.0.0' from client : ACCEPTED
[28Aug2026 03:00:30.866] [Netty Epoll Server IO #0/DEBUG] [net.minecraftforge.network.NetworkRegistry/NETREGISTRY]: Channel 'minecraft:unregister' : Version test of 'FML3' from client : ACCEPTED
[28Aug2026 03:00:30.866] [Netty Epoll Server IO #0/DEBUG] [net.minecraftforge.network.NetworkRegistry/NETREGISTRY]: Channel 'cfm:network' : Version test of '1' from client : ACCEPTED
[28Aug2026 03:00:30.867] [Netty Epoll Server IO #0/DEBUG] [net.minecraftforge.network.NetworkRegistry/NETREGISTRY]: Channel 'journeymap:waypoint_notification' : Version test of '1' from client : ACCEPTED
[28Aug2026 03:00:30.867] [Netty Epoll Server IO #0/DEBUG] [net.minecraftforge.network.NetworkRegistry/NETREGISTRY]: Channel 'journeymap:remove_player' : Version test of '1' from client : ACCEPTED
[28Aug2026 03:00:30.867] [Netty Epoll Server IO #0/DEBUG] [net.minecraftforge.network.NetworkRegistry/NETREGISTRY]: Channel 'journeymap:version' : Version test of '1' from client : ACCEPTED
[28Aug2026 03:00:30.867] [Netty Epoll Server IO #0/DEBUG] [net.minecraftforge.network.NetworkRegistry/NETREGISTRY]: Channel 'framework:play' : Version test of '1' from client : ACCEPTED
[28Aug2026 03:00:30.867] [Netty Epoll Server IO #0/DEBUG] [net.minecraftforge.network.NetworkRegistry/NETREGISTRY]: Channel 'journeymap:waypoint_scope_resp' : Version test of '1' from client : ACCEPTED
[28Aug2026 03:00:30.867] [Netty Epoll Server IO #0/DEBUG] [net.minecraftforge.network.NetworkRegistry/NETREGISTRY]: Channel 'journeymap:overlay_clear' : Version test of '1' from client : ACCEPTED
[28Aug2026 03:00:30.867] [Netty Epoll Server IO #0/DEBUG] [net.minecraftforge.network.NetworkRegistry/NETREGISTRY]: Channel 'journeymap:admin_req' : Version test of '1' from client : ACCEPTED
[28Aug2026 03:00:30.867] [Netty Epoll Server IO #0/DEBUG] [net.minecraftforge.network.NetworkRegistry/NETREGISTRY]: Channel 'cataclysm:main_channel' : Version test of '1' from client : ACCEPTED
[28Aug2026 03:00:30.867] [Netty Epoll Server IO #0/DEBUG] [net.minecraftforge.network.NetworkRegistry/NETREGISTRY]: Channel 'journeymap:waypoint' : Version test of '1' from client : ACCEPTED
[28Aug2026 03:00:30.867] [Netty Epoll Server IO #0/DEBUG] [net.minecraftforge.network.NetworkRegistry/NETREGISTRY]: Channel 'lionfishapi:main_channel' : Version test of '1' from client : ACCEPTED
[28Aug2026 03:00:30.867] [Netty Epoll Server IO #0/DEBUG] [net.minecraftforge.network.NetworkRegistry/NETREGISTRY]: Channel 'journeymap:waypoint_settings_resp' : Version test of '1' from client : ACCEPTED
[28Aug2026 03:00:30.867] [Netty Epoll Server IO #0/DEBUG] [net.minecraftforge.network.NetworkRegistry/NETREGISTRY]: Channel 'forge:tier_sorting' : Version test of '1.0' from client : ACCEPTED
[28Aug2026 03:00:30.867] [Netty Epoll Server IO #0/DEBUG] [net.minecraftforge.network.NetworkRegistry/NETREGISTRY]: Channel 'alexsmobs:main_channel' : Version test of '1' from client : ACCEPTED
[28Aug2026 03:00:30.867] [Netty Epoll Server IO #0/DEBUG] [net.minecraftforge.network.NetworkRegistry/NETREGISTRY]: Channel 'journeymap:waypoint_settings_update' : Version test of '1' from client : ACCEPTED
[28Aug2026 03:00:30.867] [Netty Epoll Server IO #0/DEBUG] [net.minecraftforge.network.NetworkRegistry/NETREGISTRY]: Channel 'fml:play' : Version test of 'FML3' from client : ACCEPTED
[28Aug2026 03:00:30.867] [Netty Epoll Server IO #0/DEBUG] [net.minecraftforge.network.NetworkRegistry/NETREGISTRY]: Channel 'creativecore:main' : Version test of '1' from client : ACCEPTED
[28Aug2026 03:00:30.867] [Netty Epoll Server IO #0/DEBUG] [net.minecraftforge.network.NetworkRegistry/NETREGISTRY]: Channel 'journeymap:waypoint_scope_req' : Version test of '1' from client : ACCEPTED
[28Aug2026 03:00:30.867] [Netty Epoll Server IO #0/DEBUG] [net.minecraftforge.network.NetworkRegistry/NETREGISTRY]: Channel 'journeymap:teleport_req' : Version test of '1' from client : ACCEPTED
[28Aug2026 03:00:30.867] [Netty Epoll Server IO #0/DEBUG] [net.minecraftforge.network.NetworkRegistry/NETREGISTRY]: Channel 'journeymap:overlay_show' : Version test of '1' from client : ACCEPTED
[28Aug2026 03:00:30.867] [Netty Epoll Server IO #0/DEBUG] [net.minecraftforge.network.NetworkRegistry/NETREGISTRY]: Channel 'modernfix:ingredient_sync' : Version test of '1' from client : ACCEPTED
[28Aug2026 03:00:30.867] [Netty Epoll Server IO #0/DEBUG] [net.minecraftforge.network.NetworkRegistry/NETREGISTRY]: Channel 'journeymap:common' : Version test of '1' from client : ACCEPTED
[28Aug2026 03:00:30.867] [Netty Epoll Server IO #0/DEBUG] [net.minecraftforge.network.NetworkRegistry/NETREGISTRY]: Channel 'minecraft:register' : Version test of 'FML3' from client : ACCEPTED
[28Aug2026 03:00:30.867] [Netty Epoll Server IO #0/DEBUG] [net.minecraftforge.network.NetworkRegistry/NETREGISTRY]: Channel 'geckolib:main' : Version test of '1' from client : ACCEPTED
[28Aug2026 03:00:30.867] [Netty Epoll Server IO #0/DEBUG] [net.minecraftforge.network.NetworkRegistry/NETREGISTRY]: Channel 'journeymap:waypoint_crud_req' : Version test of '1' from client : ACCEPTED
[28Aug2026 03:00:30.867] [Netty Epoll Server IO #0/DEBUG] [net.minecraftforge.network.NetworkRegistry/NETREGISTRY]: Channel 'citadel:main_channel' : Version test of '1' from client : ACCEPTED
[28Aug2026 03:00:30.868] [Netty Epoll Server IO #0/DEBUG] [net.minecraftforge.network.NetworkRegistry/NETREGISTRY]: Channel 'iceandfire:main_channel' : Version test of '1' from client : ACCEPTED
[28Aug2026 03:00:30.868] [Netty Epoll Server IO #0/DEBUG] [net.minecraftforge.network.NetworkRegistry/NETREGISTRY]: Channel 'modernfix:main' : Version test of '1' from client : ACCEPTED
[28Aug2026 03:00:30.868] [Netty Epoll Server IO #0/DEBUG] [net.minecraftforge.network.NetworkRegistry/NETREGISTRY]: Channel 'journeymap:waypoint_crud_resp' : Version test of '1' from client : ACCEPTED
[28Aug2026 03:00:30.868] [Netty Epoll Server IO #0/DEBUG] [net.minecraftforge.network.NetworkRegistry/NETREGISTRY]: Channel 'curios:main' : Version test of '1' from client : ACCEPTED
[28Aug2026 03:00:30.868] [Netty Epoll Server IO #0/DEBUG] [net.minecraftforge.network.NetworkRegistry/NETREGISTRY]: Channel 'worldinfo:world_id' : Version test of '1' from client : ACCEPTED
[28Aug2026 03:00:30.868] [Netty Epoll Server IO #0/DEBUG] [net.minecraftforge.network.NetworkRegistry/NETREGISTRY]: Channel 'journeymap:waypoint_share_op' : Version test of '1' from client : ACCEPTED
[28Aug2026 03:00:30.868] [Netty Epoll Server IO #0/DEBUG] [net.minecraftforge.network.NetworkRegistry/NETREGISTRY]: Channel 'journeymap:global_wp_visibility' : Version test of '1' from client : ACCEPTED
[28Aug2026 03:00:30.868] [Netty Epoll Server IO #0/DEBUG] [net.minecraftforge.network.NetworkRegistry/NETREGISTRY]: Channel 'journeymap:mp_options_req' : Version test of '1' from client : ACCEPTED
[28Aug2026 03:00:30.868] [Netty Epoll Server IO #0/DEBUG] [net.minecraftforge.network.NetworkRegistry/NETREGISTRY]: Channel 'framework:handshake' : Version test of '1' from client : ACCEPTED
[28Aug2026 03:00:30.868] [Netty Epoll Server IO #0/DEBUG] [net.minecraftforge.network.NetworkRegistry/NETREGISTRY]: Channel 'horror_element_mod:horror_element_mod' : Version test of '1' from client : ACCEPTED
[28Aug2026 03:00:30.868] [Netty Epoll Server IO #0/DEBUG] [net.minecraftforge.network.NetworkRegistry/NETREGISTRY]: Channel 'fml:loginwrapper' : Version test of 'FML3' from client : ACCEPTED
[28Aug2026 03:00:30.868] [Netty Epoll Server IO #0/DEBUG] [net.minecraftforge.network.NetworkRegistry/NETREGISTRY]: Channel 'journeymap:waypoint_share_targets_resp' : Version test of '1' from client : ACCEPTED
[28Aug2026 03:00:30.868] [Netty Epoll Server IO #0/DEBUG] [net.minecraftforge.network.NetworkRegistry/NETREGISTRY]: Channel 'journeymap:waypoint_query' : Version test of '1' from client : ACCEPTED
[28Aug2026 03:00:30.868] [Netty Epoll Server IO #0/DEBUG] [net.minecraftforge.network.NetworkRegistry/NETREGISTRY]: Channel 'journeymap:admin_save' : Version test of '1' from client : ACCEPTED
[28Aug2026 03:00:30.868] [Netty Epoll Server IO #0/DEBUG] [net.minecraftforge.network.NetworkRegistry/NETREGISTRY]: Channel 'journeymap:player_loc' : Version test of '1' from client : ACCEPTED
[28Aug2026 03:00:30.868] [Netty Epoll Server IO #0/DEBUG] [net.minecraftforge.network.NetworkRegistry/NETREGISTRY]: Channel 'fml:handshake' : Version test of 'FML3' from client : ACCEPTED
[28Aug2026 03:00:30.868] [Netty Epoll Server IO #0/DEBUG] [net.minecraftforge.network.NetworkRegistry/NETREGISTRY]: Channel 'journeymap:waypoint_scopes' : Version test of '1' from client : ACCEPTED
[28Aug2026 03:00:30.868] [Netty Epoll Server IO #0/DEBUG] [net.minecraftforge.network.NetworkRegistry/NETREGISTRY]: Channel 'journeymap:perm_req' : Version test of '1' from client : ACCEPTED
[28Aug2026 03:00:30.868] [Netty Epoll Server IO #0/DEBUG] [net.minecraftforge.network.NetworkRegistry/NETREGISTRY]: Channel 'forge:split' : Version test of '1.1' from client : ACCEPTED
[28Aug2026 03:00:30.869] [Netty Epoll Server IO #0/DEBUG] [net.minecraftforge.network.NetworkRegistry/NETREGISTRY]: Channel 'journeymap:overlay_remove' : Version test of '1' from client : ACCEPTED
[28Aug2026 03:00:30.869] [Netty Epoll Server IO #0/DEBUG] [net.minecraftforge.network.NetworkRegistry/NETREGISTRY]: Channel 'jade:networking' : Version test of '2' from client : ACCEPTED
[28Aug2026 03:00:30.869] [Netty Epoll Server IO #0/DEBUG] [net.minecraftforge.network.NetworkRegistry/NETREGISTRY]: Channel 'journeymap:waypoint_push' : Version test of '1' from client : ACCEPTED
[28Aug2026 03:00:30.869] [Netty Epoll Server IO #0/DEBUG] [net.minecraftforge.network.NetworkRegistry/NETREGISTRY]: Accepting channel list from client
[28Aug2026 03:00:30.869] [Netty Epoll Server IO #0/DEBUG] [net.minecraftforge.network.HandshakeHandler/FMLHANDSHAKE]: Accepted client connection mod list
[28Aug2026 03:00:30.869] [Netty Epoll Server IO #0/DEBUG] [net.minecraftforge.network.LoginWrapper/FMLHANDSHAKE]: Recieved login wrapper packet event for channel fml:handshake with index 2
[28Aug2026 03:00:30.869] [Netty Epoll Server IO #0/DEBUG] [net.minecraftforge.network.HandshakeHandler/FMLHANDSHAKE]: Received client indexed reply 2 of type net.minecraftforge.network.HandshakeMessages$C2SAcknowledge
[28Aug2026 03:00:30.870] [Netty Epoll Server IO #0/DEBUG] [net.minecraftforge.network.HandshakeHandler/FMLHANDSHAKE]: Received acknowledgement from client
[28Aug2026 03:00:30.870] [Netty Epoll Server IO #0/DEBUG] [net.minecraftforge.network.LoginWrapper/FMLHANDSHAKE]: Recieved login wrapper packet event for channel fml:handshake with index 3
[28Aug2026 03:00:30.870] [Netty Epoll Server IO #0/DEBUG] [net.minecraftforge.network.HandshakeHandler/FMLHANDSHAKE]: Received client indexed reply 3 of type net.minecraftforge.network.HandshakeMessages$C2SAcknowledge
[28Aug2026 03:00:30.870] [Netty Epoll Server IO #0/DEBUG] [net.minecraftforge.network.HandshakeHandler/FMLHANDSHAKE]: Received acknowledgement from client
[28Aug2026 03:00:31.152] [Netty Epoll Server IO #0/DEBUG] [net.minecraftforge.network.LoginWrapper/FMLHANDSHAKE]: Recieved login wrapper packet event for channel fml:handshake with index 4
[28Aug2026 03:00:31.152] [Netty Epoll Server IO #0/DEBUG] [net.minecraftforge.network.HandshakeHandler/FMLHANDSHAKE]: Received client indexed reply 4 of type net.minecraftforge.network.HandshakeMessages$C2SAcknowledge
[28Aug2026 03:00:31.152] [Netty Epoll Server IO #0/DEBUG] [net.minecraftforge.network.HandshakeHandler/FMLHANDSHAKE]: Received acknowledgement from client
[28Aug2026 03:00:31.153] [Netty Epoll Server IO #0/DEBUG] [net.minecraftforge.network.LoginWrapper/FMLHANDSHAKE]: Recieved login wrapper packet event for channel fml:handshake with index 5
[28Aug2026 03:00:31.153] [Netty Epoll Server IO #0/DEBUG] [net.minecraftforge.network.HandshakeHandler/FMLHANDSHAKE]: Received client indexed reply 5 of type net.minecraftforge.network.HandshakeMessages$C2SAcknowledge
[28Aug2026 03:00:31.153] [Netty Epoll Server IO #0/DEBUG] [net.minecraftforge.network.HandshakeHandler/FMLHANDSHAKE]: Received acknowledgement from client
[28Aug2026 03:00:31.153] [Netty Epoll Server IO #0/DEBUG] [net.minecraftforge.network.LoginWrapper/FMLHANDSHAKE]: Recieved login wrapper packet event for channel fml:handshake with index 6
[28Aug2026 03:00:31.153] [Netty Epoll Server IO #0/DEBUG] [net.minecraftforge.network.HandshakeHandler/FMLHANDSHAKE]: Received client indexed reply 6 of type net.minecraftforge.network.HandshakeMessages$C2SAcknowledge
[28Aug2026 03:00:31.153] [Netty Epoll Server IO #0/DEBUG] [net.minecraftforge.network.HandshakeHandler/FMLHANDSHAKE]: Received acknowledgement from client
[28Aug2026 03:00:31.314] [Netty Epoll Server IO #0/DEBUG] [net.minecraftforge.network.LoginWrapper/FMLHANDSHAKE]: Recieved login wrapper packet event for channel fml:handshake with index 7
[28Aug2026 03:00:31.314] [Netty Epoll Server IO #0/DEBUG] [net.minecraftforge.network.HandshakeHandler/FMLHANDSHAKE]: Received client indexed reply 7 of type net.minecraftforge.network.HandshakeMessages$C2SAcknowledge
[28Aug2026 03:00:31.314] [Netty Epoll Server IO #0/DEBUG] [net.minecraftforge.network.HandshakeHandler/FMLHANDSHAKE]: Received acknowledgement from client
[28Aug2026 03:00:31.314] [Netty Epoll Server IO #0/DEBUG] [net.minecraftforge.network.LoginWrapper/FMLHANDSHAKE]: Recieved login wrapper packet event for channel fml:handshake with index 8
[28Aug2026 03:00:31.314] [Netty Epoll Server IO #0/DEBUG] [net.minecraftforge.network.HandshakeHandler/FMLHANDSHAKE]: Received client indexed reply 8 of type net.minecraftforge.network.HandshakeMessages$C2SAcknowledge
[28Aug2026 03:00:31.314] [Netty Epoll Server IO #0/DEBUG] [net.minecraftforge.network.HandshakeHandler/FMLHANDSHAKE]: Received acknowledgement from client
[28Aug2026 03:00:31.315] [Netty Epoll Server IO #0/DEBUG] [net.minecraftforge.network.LoginWrapper/FMLHANDSHAKE]: Recieved login wrapper packet event for channel fml:handshake with index 9
[28Aug2026 03:00:31.315] [Netty Epoll Server IO #0/DEBUG] [net.minecraftforge.network.HandshakeHandler/FMLHANDSHAKE]: Received client indexed reply 9 of type net.minecraftforge.network.HandshakeMessages$C2SAcknowledge
[28Aug2026 03:00:31.315] [Netty Epoll Server IO #0/DEBUG] [net.minecraftforge.network.HandshakeHandler/FMLHANDSHAKE]: Received acknowledgement from client
[28Aug2026 03:00:31.315] [Netty Epoll Server IO #0/DEBUG] [net.minecraftforge.network.LoginWrapper/FMLHANDSHAKE]: Recieved login wrapper packet event for channel fml:handshake with index 10
[28Aug2026 03:00:31.315] [Netty Epoll Server IO #0/DEBUG] [net.minecraftforge.network.HandshakeHandler/FMLHANDSHAKE]: Received client indexed reply 10 of type net.minecraftforge.network.HandshakeMessages$C2SAcknowledge
[28Aug2026 03:00:31.316] [Netty Epoll Server IO #0/DEBUG] [net.minecraftforge.network.HandshakeHandler/FMLHANDSHAKE]: Received acknowledgement from client
[28Aug2026 03:00:31.316] [Netty Epoll Server IO #0/DEBUG] [net.minecraftforge.network.LoginWrapper/FMLHANDSHAKE]: Recieved login wrapper packet event for channel fml:handshake with index 11
[28Aug2026 03:00:31.316] [Netty Epoll Server IO #0/DEBUG] [net.minecraftforge.network.HandshakeHandler/FMLHANDSHAKE]: Received client indexed reply 11 of type net.minecraftforge.network.HandshakeMessages$C2SAcknowledge
[28Aug2026 03:00:31.316] [Netty Epoll Server IO #0/DEBUG] [net.minecraftforge.network.HandshakeHandler/FMLHANDSHAKE]: Received acknowledgement from client
[28Aug2026 03:00:31.316] [Netty Epoll Server IO #0/DEBUG] [net.minecraftforge.network.LoginWrapper/FMLHANDSHAKE]: Recieved login wrapper packet event for channel fml:handshake with index 12
[28Aug2026 03:00:31.316] [Netty Epoll Server IO #0/DEBUG] [net.minecraftforge.network.HandshakeHandler/FMLHANDSHAKE]: Received client indexed reply 12 of type net.minecraftforge.network.HandshakeMessages$C2SAcknowledge
[28Aug2026 03:00:31.316] [Netty Epoll Server IO #0/DEBUG] [net.minecraftforge.network.HandshakeHandler/FMLHANDSHAKE]: Received acknowledgement from client
[28Aug2026 03:00:31.322] [Netty Epoll Server IO #0/DEBUG] [net.minecraftforge.network.LoginWrapper/FMLHANDSHAKE]: Recieved login wrapper packet event for channel fml:handshake with index 13
[28Aug2026 03:00:31.322] [Netty Epoll Server IO #0/DEBUG] [net.minecraftforge.network.HandshakeHandler/FMLHANDSHAKE]: Received client indexed reply 13 of type net.minecraftforge.network.HandshakeMessages$C2SAcknowledge
[28Aug2026 03:00:31.322] [Netty Epoll Server IO #0/DEBUG] [net.minecraftforge.network.HandshakeHandler/FMLHANDSHAKE]: Received acknowledgement from client
[28Aug2026 03:00:31.322] [Netty Epoll Server IO #0/DEBUG] [net.minecraftforge.network.LoginWrapper/FMLHANDSHAKE]: Recieved login wrapper packet event for channel fml:handshake with index 14
[28Aug2026 03:00:31.322] [Netty Epoll Server IO #0/DEBUG] [net.minecraftforge.network.HandshakeHandler/FMLHANDSHAKE]: Received client indexed reply 14 of type net.minecraftforge.network.HandshakeMessages$C2SAcknowledge
[28Aug2026 03:00:31.322] [Netty Epoll Server IO #0/DEBUG] [net.minecraftforge.network.HandshakeHandler/FMLHANDSHAKE]: Received acknowledgement from client
[28Aug2026 03:00:31.323] [Netty Epoll Server IO #0/DEBUG] [net.minecraftforge.network.LoginWrapper/FMLHANDSHAKE]: Recieved login wrapper packet event for channel fml:handshake with index 15
[28Aug2026 03:00:31.323] [Netty Epoll Server IO #0/DEBUG] [net.minecraftforge.network.HandshakeHandler/FMLHANDSHAKE]: Received client indexed reply 15 of type net.minecraftforge.network.HandshakeMessages$C2SAcknowledge
[28Aug2026 03:00:31.323] [Netty Epoll Server IO #0/DEBUG] [net.minecraftforge.network.HandshakeHandler/FMLHANDSHAKE]: Received acknowledgement from client
[28Aug2026 03:00:31.323] [Netty Epoll Server IO #0/DEBUG] [net.minecraftforge.network.LoginWrapper/FMLHANDSHAKE]: Recieved login wrapper packet event for channel fml:handshake with index 16
[28Aug2026 03:00:31.323] [Netty Epoll Server IO #0/DEBUG] [net.minecraftforge.network.HandshakeHandler/FMLHANDSHAKE]: Received client indexed reply 16 of type net.minecraftforge.network.HandshakeMessages$C2SAcknowledge
[28Aug2026 03:00:31.323] [Netty Epoll Server IO #0/DEBUG] [net.minecraftforge.network.HandshakeHandler/FMLHANDSHAKE]: Received acknowledgement from client
[28Aug2026 03:00:31.323] [Netty Epoll Server IO #0/DEBUG] [net.minecraftforge.network.LoginWrapper/FMLHANDSHAKE]: Recieved login wrapper packet event for channel fml:handshake with index 17
[28Aug2026 03:00:31.323] [Netty Epoll Server IO #0/DEBUG] [net.minecraftforge.network.HandshakeHandler/FMLHANDSHAKE]: Received client indexed reply 17 of type net.minecraftforge.network.HandshakeMessages$C2SAcknowledge
[28Aug2026 03:00:31.323] [Netty Epoll Server IO #0/DEBUG] [net.minecraftforge.network.HandshakeHandler/FMLHANDSHAKE]: Received acknowledgement from client
[28Aug2026 03:00:31.323] [Netty Epoll Server IO #0/DEBUG] [net.minecraftforge.network.LoginWrapper/FMLHANDSHAKE]: Recieved login wrapper packet event for channel fml:handshake with index 18
[28Aug2026 03:00:31.324] [Netty Epoll Server IO #0/DEBUG] [net.minecraftforge.network.HandshakeHandler/FMLHANDSHAKE]: Received client indexed reply 18 of type net.minecraftforge.network.HandshakeMessages$C2SAcknowledge
[28Aug2026 03:00:31.324] [Netty Epoll Server IO #0/DEBUG] [net.minecraftforge.network.HandshakeHandler/FMLHANDSHAKE]: Received acknowledgement from client
[28Aug2026 03:00:31.324] [Netty Epoll Server IO #0/DEBUG] [net.minecraftforge.network.LoginWrapper/FMLHANDSHAKE]: Recieved login wrapper packet event for channel fml:handshake with index 19
[28Aug2026 03:00:31.324] [Netty Epoll Server IO #0/DEBUG] [net.minecraftforge.network.HandshakeHandler/FMLHANDSHAKE]: Received client indexed reply 19 of type net.minecraftforge.network.HandshakeMessages$C2SAcknowledge
[28Aug2026 03:00:31.324] [Netty Epoll Server IO #0/DEBUG] [net.minecraftforge.network.HandshakeHandler/FMLHANDSHAKE]: Received acknowledgement from client
[28Aug2026 03:00:31.516] [Netty Epoll Server IO #0/DEBUG] [net.minecraftforge.network.LoginWrapper/FMLHANDSHAKE]: Recieved login wrapper packet event for channel fml:handshake with index 20
[28Aug2026 03:00:31.516] [Netty Epoll Server IO #0/DEBUG] [net.minecraftforge.network.HandshakeHandler/FMLHANDSHAKE]: Received client indexed reply 20 of type net.minecraftforge.network.HandshakeMessages$C2SAcknowledge
[28Aug2026 03:00:31.516] [Netty Epoll Server IO #0/DEBUG] [net.minecraftforge.network.HandshakeHandler/FMLHANDSHAKE]: Received acknowledgement from client
[28Aug2026 03:00:31.516] [Netty Epoll Server IO #0/DEBUG] [net.minecraftforge.network.LoginWrapper/FMLHANDSHAKE]: Recieved login wrapper packet event for channel fml:handshake with index 21
[28Aug2026 03:00:31.516] [Netty Epoll Server IO #0/DEBUG] [net.minecraftforge.network.HandshakeHandler/FMLHANDSHAKE]: Received client indexed reply 21 of type net.minecraftforge.network.HandshakeMessages$C2SAcknowledge
[28Aug2026 03:00:31.516] [Netty Epoll Server IO #0/DEBUG] [net.minecraftforge.network.HandshakeHandler/FMLHANDSHAKE]: Received acknowledgement from client
[28Aug2026 03:00:31.516] [Netty Epoll Server IO #0/DEBUG] [net.minecraftforge.network.LoginWrapper/FMLHANDSHAKE]: Recieved login wrapper packet event for channel fml:handshake with index 22
[28Aug2026 03:00:31.516] [Netty Epoll Server IO #0/DEBUG] [net.minecraftforge.network.HandshakeHandler/FMLHANDSHAKE]: Received client indexed reply 22 of type net.minecraftforge.network.HandshakeMessages$C2SAcknowledge
[28Aug2026 03:00:31.516] [Netty Epoll Server IO #0/DEBUG] [net.minecraftforge.network.HandshakeHandler/FMLHANDSHAKE]: Received acknowledgement from client
[28Aug2026 03:00:31.517] [Netty Epoll Server IO #0/DEBUG] [net.minecraftforge.network.LoginWrapper/FMLHANDSHAKE]: Recieved login wrapper packet event for channel fml:handshake with index 23
[28Aug2026 03:00:31.517] [Netty Epoll Server IO #0/DEBUG] [net.minecraftforge.network.HandshakeHandler/FMLHANDSHAKE]: Received client indexed reply 23 of type net.minecraftforge.network.HandshakeMessages$C2SAcknowledge
[28Aug2026 03:00:31.517] [Netty Epoll Server IO #0/DEBUG] [net.minecraftforge.network.HandshakeHandler/FMLHANDSHAKE]: Received acknowledgement from client
[28Aug2026 03:00:31.517] [Netty Epoll Server IO #0/DEBUG] [net.minecraftforge.network.LoginWrapper/FMLHANDSHAKE]: Recieved login wrapper packet event for channel fml:handshake with index 24
[28Aug2026 03:00:31.518] [Netty Epoll Server IO #0/DEBUG] [net.minecraftforge.network.HandshakeHandler/FMLHANDSHAKE]: Received client indexed reply 24 of type net.minecraftforge.network.HandshakeMessages$C2SAcknowledge
[28Aug2026 03:00:31.518] [Netty Epoll Server IO #0/DEBUG] [net.minecraftforge.network.HandshakeHandler/FMLHANDSHAKE]: Received acknowledgement from client
[28Aug2026 03:00:31.552] [Server thread/DEBUG] [net.minecraftforge.network.HandshakeHandler/FMLHANDSHAKE]: Handshake complete!
[28Aug2026 03:00:31.619] [Server thread/INFO] [net.minecraft.server.players.PlayerList/]: Jr_dark[/10.13.238.142:59503] logged in with entity id 15754 at (-7294.217698568105, -36.0, -5155.063066344012)
[28Aug2026 03:00:31.619] [Server thread/DEBUG] [net.minecraftforge.network.filters.NetworkFilters/]: Injected net.minecraftforge.network.filters.ForgeConnectionNetworkFilter@65d7d650 into net.minecraft.network.Connection@1e8d9cc7
[28Aug2026 03:00:31.625] [Server thread/INFO] [ModernFix/]: Using enhanced recipe sync for player Jr_dark
[28Aug2026 03:00:31.633] [Server thread/INFO] [net.minecraft.server.MinecraftServer/]: Jr_dark joined the game
[28Aug2026 03:00:31.644] [Server thread/INFO] [Jade/]: Syncing config to Jr_dark (e4a447b7-80d3-39bc-aee9-7217339ad2d7)
[28Aug2026 03:00:37.830] [Server thread/WARN] [net.minecraft.world.level.chunk.storage.ChunkSerializer/]: Found reference to unknown structure 'watching:torch_cave' in chunk [-288, -75], discarding
[28Aug2026 03:00:37.831] [Server thread/ERROR] [net.minecraft.world.level.chunk.storage.ChunkSerializer/]: Unknown structure start: watching:torch_cave
[28Aug2026 03:00:37.832] [Server thread/WARN] [net.minecraft.world.level.chunk.storage.ChunkSerializer/]: Found reference to unknown structure 'watching:torch_cave' in chunk [-288, -74], discarding
[28Aug2026 03:00:41.266] [Server thread/WARN] [net.minecraft.world.level.chunk.storage.ChunkSerializer/]: Found reference to unknown structure 'watching:torch_cave' in chunk [-289, -75], discarding
[28Aug2026 03:00:41.270] [Server thread/WARN] [net.minecraft.world.level.chunk.storage.ChunkSerializer/]: Found reference to unknown structure 'watching:torch_cave' in chunk [-289, -74], discarding
[28Aug2026 03:01:14.165] [Server thread/INFO] [net.minecraft.server.MinecraftServer/]: Uzielcrak77 was killed
[28Aug2026 03:01:14.166] [Server thread/INFO] [net.minecraft.server.MinecraftServer/]: [Uzielcrak77: Killed Uzielcrak77]
[28Aug2026 03:02:47.214] [Server thread/DEBUG] [net.minecraftforge.common.ForgeHooks/WP]: Gathering id map for writing to world save world
[28Aug2026 03:02:47.227] [Server thread/DEBUG] [net.minecraftforge.common.ForgeHooks/WP]: ID Map collection complete world
[28Aug2026 03:03:26.008] [Server thread/INFO] [net.minecraft.server.MinecraftServer/]: [Uzielcrak77: Teleported Uzielcrak77 to Jr_dark]
[28Aug2026 03:03:35.035] [Server thread/INFO] [net.minecraft.server.MinecraftServer/]: Uzielcrak77 was killed
[28Aug2026 03:03:35.035] [Server thread/INFO] [net.minecraft.server.MinecraftServer/]: [Uzielcrak77: Killed Uzielcrak77]
[28Aug2026 03:03:38.246] [Server thread/INFO] [net.minecraft.server.MinecraftServer/]: Jr_dark was killed
[28Aug2026 03:03:38.247] [Server thread/INFO] [net.minecraft.server.MinecraftServer/]: [Jr_dark: Killed Jr_dark]
[28Aug2026 03:05:37.954] [Server thread/INFO] [net.minecraft.server.MinecraftServer/]: [Not Secure] <Jr_dark> bro se me salio del discord
[28Aug2026 03:05:46.101] [Server thread/INFO] [net.minecraft.server.MinecraftServer/]: [Not Secure] <Uzielcrak77> naguara mno
[28Aug2026 03:05:54.782] [Server thread/INFO] [net.minecraft.server.MinecraftServer/]: [Not Secure] <Jr_dark> alli voy xdd
[28Aug2026 03:05:55.118] [Server thread/INFO] [net.minecraft.server.MinecraftServer/]: [Not Secure] [Server] ere gay mno
[28Aug2026 03:06:06.181] [Server thread/INFO] [net.minecraft.server.MinecraftServer/]: [Not Secure] <Jr_dark> xd
[28Aug2026 03:06:48.248] [Server thread/INFO] [net.minecraft.world.entity.npc.Villager/]: Villager Villager['Unemployed'/19250, l='ServerLevel[world]', x=-4202.68, y=65.00, z=-830.05] died, message: 'Unemployed hit the ground too hard whilst trying to escape Zombie'
[28Aug2026 03:07:47.202] [Server thread/DEBUG] [net.minecraftforge.common.ForgeHooks/WP]: Gathering id map for writing to world save world
[28Aug2026 03:07:47.214] [Server thread/DEBUG] [net.minecraftforge.common.ForgeHooks/WP]: ID Map collection complete world
[28Aug2026 03:08:26.741] [Server thread/INFO] [net.minecraft.server.MinecraftServer/]: Uzielcrak77 has made the advancement [Biome Reactors]
[28Aug2026 03:09:25.265] [Server thread/INFO] [net.minecraft.server.MinecraftServer/]: Uzielcrak77 was slain by Jr_dark
[28Aug2026 03:10:41.601] [Server thread/INFO] [net.minecraft.server.MinecraftServer/]: Uzielcrak77 has made the advancement [Not Today, Thank You]
[28Aug2026 03:11:05.301] [Server thread/INFO] [net.minecraft.server.MinecraftServer/]: Jr_dark has made the advancement [The Cyclops]
[28Aug2026 03:12:08.174] [Server thread/WARN] [net.minecraft.server.MinecraftServer/]: Can't keep up! Is the server overloaded? Running 19333ms or 386 ticks behind
[28Aug2026 03:12:44.552] [Server thread/WARN] [net.minecraft.server.MinecraftServer/]: Can't keep up! Is the server overloaded? Running 18312ms or 366 ticks behind
[28Aug2026 03:12:44.566] [Server thread/INFO] [net.minecraft.server.MinecraftServer/]: Unknown or incomplete command, see below for error
[28Aug2026 03:12:44.567] [Server thread/INFO] [net.minecraft.server.MinecraftServer/]: f<--[HERE]
[28Aug2026 03:12:44.567] [Server thread/INFO] [net.minecraft.server.MinecraftServer/]: Unknown or incomplete command, see below for error
[28Aug2026 03:12:44.567] [Server thread/INFO] [net.minecraft.server.MinecraftServer/]: r<--[HERE]
[28Aug2026 03:12:44.569] [Server thread/INFO] [net.minecraft.server.MinecraftServer/]: [Uzielcrak77: Set the time to 1000]
[28Aug2026 03:13:24.789] [Server thread/DEBUG] [net.minecraftforge.common.ForgeHooks/WP]: Gathering id map for writing to world save world
[28Aug2026 03:13:24.800] [Server thread/DEBUG] [net.minecraftforge.common.ForgeHooks/WP]: ID Map collection complete world
[28Aug2026 03:14:14.157] [Server thread/INFO] [journeymap/]: Jr_dark teleported to -4025.5 -24.0 -2379.5 minecraft:overworld
[28Aug2026 03:14:17.484] [Server thread/WARN] [net.minecraft.world.entity.ai.attributes.AttributeMap/]: Ignoring unknown attribute 'tacz:tacz.bullet_resistance'
[28Aug2026 03:14:20.977] [Server thread/INFO] [journeymap/]: Uzielcrak77 teleported to -2788.5 70.0 -4961.5 minecraft:overworld
[28Aug2026 03:14:21.676] [Server thread/DEBUG] [ModernFix/]: Using cached upgraded version of iceandfire:mausoleum/building
[28Aug2026 03:14:24.634] [Server thread/INFO] [journeymap/]: Jr_dark teleported to -345.5 67.0 3106.5 minecraft:overworld
[28Aug2026 03:14:30.621] [Server thread/WARN] [net.minecraft.world.level.chunk.storage.ChunkSerializer/]: Found reference to unknown structure 'watching:ocean_sand_pyramid' in chunk [-184, -298], discarding
[28Aug2026 03:14:30.622] [Server thread/WARN] [net.minecraft.world.level.chunk.storage.ChunkSerializer/]: Found reference to unknown structure 'watching:ocean_sand_pyramid' in chunk [-183, -298], discarding
[28Aug2026 03:14:30.622] [Server thread/WARN] [net.minecraft.world.level.chunk.storage.ChunkSerializer/]: Found reference to unknown structure 'watching:ocean_sand_pyramid' in chunk [-182, -298], discarding
[28Aug2026 03:14:30.770] [Server thread/WARN] [net.minecraft.world.level.chunk.storage.ChunkSerializer/]: Found reference to unknown structure 'watching:ocean_sand_pyramid' in chunk [-186, -298], discarding
[28Aug2026 03:14:30.773] [Server thread/WARN] [net.minecraft.world.level.chunk.storage.ChunkSerializer/]: Found reference to unknown structure 'watching:ocean_sand_pyramid' in chunk [-185, -298], discarding
[28Aug2026 03:14:36.955] [Server thread/INFO] [net.minecraft.server.MinecraftServer/]: Jr_dark has made the advancement [Not Today, Thank You]
[28Aug2026 03:14:37.836] [Server thread/INFO] [net.minecraft.server.MinecraftServer/]: [Uzielcrak77: Teleported Uzielcrak77 to Jr_dark]
[28Aug2026 03:15:08.933] [Server thread/WARN] [net.minecraft.world.entity.ai.attributes.AttributeMap/]: Ignoring unknown attribute 'tacz:tacz.bullet_resistance'
[28Aug2026 03:16:54.883] [Server thread/INFO] [net.minecraft.server.MinecraftServer/]: [Uzielcrak77: Set own game mode to Creative Mode]
[28Aug2026 03:17:04.509] [Server thread/INFO] [net.minecraft.server.MinecraftServer/]: [Uzielcrak77: Set own game mode to Survival Mode]
[28Aug2026 03:18:24.782] [Server thread/DEBUG] [net.minecraftforge.common.ForgeHooks/WP]: Gathering id map for writing to world save world
[28Aug2026 03:18:24.792] [Server thread/DEBUG] [net.minecraftforge.common.ForgeHooks/WP]: ID Map collection complete world
[28Aug2026 03:18:39.152] [Server thread/INFO] [net.minecraft.server.MinecraftServer/]: [Jr_dark: Set own game mode to Creative Mode]
[28Aug2026 03:18:42.597] [Server thread/INFO] [net.minecraft.server.MinecraftServer/]: Uzielcrak77 was slain by Dread Ghoul
[28Aug2026 03:18:51.755] [Server thread/INFO] [net.minecraft.server.MinecraftServer/]: [Uzielcrak77: Teleported Uzielcrak77 to Jr_dark]
[28Aug2026 03:19:08.249] [Server thread/INFO] [net.minecraft.server.MinecraftServer/]: [Jr_dark: Set own game mode to Survival Mode]
[28Aug2026 03:19:43.398] [Server thread/INFO] [net.minecraft.server.MinecraftServer/]: Uzielcrak77 was slain by Dread Knight
[28Aug2026 03:19:51.457] [Server thread/INFO] [net.minecraft.server.MinecraftServer/]: [Uzielcrak77: Teleported Uzielcrak77 to Jr_dark]
[28Aug2026 03:19:56.647] [Server thread/INFO] [net.minecraft.server.MinecraftServer/]: Jr_dark was slain by Dread Knight
[28Aug2026 03:20:04.817] [Server thread/INFO] [journeymap/]: Jr_dark teleported to -345.5 67.0 3106.5 minecraft:overworld
[28Aug2026 03:20:15.172] [Server thread/WARN] [net.minecraft.server.network.ServerGamePacketListenerImpl/]: Jr_dark moved too quickly! 10.016271535325131,0.8245767040478995,1.8966700940191004
[28Aug2026 03:20:51.758] [Server thread/INFO] [net.minecraft.server.MinecraftServer/]: [Uzielcrak77: Set own game mode to Creative Mode]
[28Aug2026 03:21:01.799] [Server thread/INFO] [net.minecraft.server.MinecraftServer/]: [Uzielcrak77: Set own game mode to Survival Mode]
[28Aug2026 03:22:27.452] [Server thread/INFO] [net.minecraft.server.MinecraftServer/]: [Uzielcrak77: Set the time to 1000]
[28Aug2026 03:22:28.889] [Server thread/INFO] [net.minecraft.server.MinecraftServer/]: [Uzielcrak77: Set own game mode to Creative Mode]
[28Aug2026 03:23:24.791] [Server thread/DEBUG] [net.minecraftforge.common.ForgeHooks/WP]: Gathering id map for writing to world save world
[28Aug2026 03:23:24.802] [Server thread/DEBUG] [net.minecraftforge.common.ForgeHooks/WP]: ID Map collection complete world
[28Aug2026 03:23:30.057] [Server thread/INFO] [net.minecraft.server.MinecraftServer/]: [Uzielcrak77: Set own game mode to Survival Mode]
[28Aug2026 03:23:37.303] [Server thread/INFO] [net.minecraft.server.MinecraftServer/]: Jr_dark was struck by lightning
[28Aug2026 03:23:43.509] [Server thread/INFO] [net.minecraft.server.MinecraftServer/]: [Not Secure] <Jr_dark> }
[28Aug2026 03:23:47.658] [Server thread/INFO] [journeymap/]: Jr_dark teleported to -324.5 71.0 3129.5 minecraft:overworld
[28Aug2026 03:24:00.498] [Server thread/INFO] [net.minecraft.server.MinecraftServer/]: Uzielcrak77 was slain by Dread Knight
[28Aug2026 03:24:07.575] [Server thread/INFO] [net.minecraft.server.MinecraftServer/]: [Uzielcrak77: Teleported Uzielcrak77 to Jr_dark]
[28Aug2026 03:26:18.454] [Server thread/INFO] [net.minecraft.server.MinecraftServer/]: Jr_dark was struck by lightning whilst fighting Dread Beast
[28Aug2026 03:26:19.597] [Server thread/INFO] [net.minecraft.server.MinecraftServer/]: Uzielcrak77 was slain by Dread Knight
[28Aug2026 03:26:23.614] [Server thread/INFO] [journeymap/]: Jr_dark teleported to -337.5 71.0 3129.5 minecraft:overworld
[28Aug2026 03:26:31.119] [Server thread/INFO] [net.minecraft.server.MinecraftServer/]: Jr_dark was slain by Dread Knight
[28Aug2026 03:26:34.463] [Server thread/INFO] [journeymap/]: Uzielcrak77 teleported to -317.5 69.0 3127.5 minecraft:overworld
[28Aug2026 03:26:48.215] [Server thread/INFO] [journeymap/]: Jr_dark teleported to -334.5 71.0 3128.5 minecraft:overworld
[28Aug2026 03:26:50.746] [Server thread/INFO] [net.minecraft.server.MinecraftServer/]: Jr_dark was slain by Dread Knight
[28Aug2026 03:27:01.000] [Server thread/INFO] [net.minecraft.server.network.ServerGamePacketListenerImpl/]: Jr_dark lost connection: Timed out
[28Aug2026 03:27:01.000] [Server thread/INFO] [net.minecraft.server.MinecraftServer/]: Jr_dark left the game
[28Aug2026 03:27:48.104] [Netty Epoll Server IO #2/DEBUG] [net.minecraftforge.network.HandshakeHandler/FMLHANDSHAKE]: Starting new modded impl connection. Found 25 messages to dispatch.
[28Aug2026 03:27:48.156] [Server thread/DEBUG] [net.minecraftforge.network.HandshakeHandler/FMLHANDSHAKE]: Sending ticking packet info 'net.minecraftforge.network.HandshakeMessages$S2CModData' to 'fml:handshake' sequence 0
[28Aug2026 03:27:48.156] [Server thread/DEBUG] [net.minecraftforge.network.HandshakeHandler/FMLHANDSHAKE]: Sending ticking packet info 'net.minecraftforge.network.HandshakeMessages$S2CModList' to 'fml:handshake' sequence 1
[28Aug2026 03:27:48.156] [Server thread/DEBUG] [net.minecraftforge.network.HandshakeHandler/FMLHANDSHAKE]: Sending ticking packet info 'Registry minecraft:command_argument_type' to 'fml:handshake' sequence 2
[28Aug2026 03:27:48.156] [Server thread/DEBUG] [net.minecraftforge.network.HandshakeHandler/FMLHANDSHAKE]: Sending ticking packet info 'Registry minecraft:recipe_serializer' to 'fml:handshake' sequence 3
[28Aug2026 03:27:48.156] [Server thread/DEBUG] [net.minecraftforge.network.HandshakeHandler/FMLHANDSHAKE]: Sending ticking packet info 'Registry minecraft:sound_event' to 'fml:handshake' sequence 4
[28Aug2026 03:27:48.156] [Server thread/DEBUG] [net.minecraftforge.network.HandshakeHandler/FMLHANDSHAKE]: Sending ticking packet info 'Registry minecraft:particle_type' to 'fml:handshake' sequence 5
[28Aug2026 03:27:48.156] [Server thread/DEBUG] [net.minecraftforge.network.HandshakeHandler/FMLHANDSHAKE]: Sending ticking packet info 'Registry minecraft:villager_profession' to 'fml:handshake' sequence 6
[28Aug2026 03:27:48.156] [Server thread/DEBUG] [net.minecraftforge.network.HandshakeHandler/FMLHANDSHAKE]: Sending ticking packet info 'Registry minecraft:item' to 'fml:handshake' sequence 7
[28Aug2026 03:27:48.156] [Server thread/DEBUG] [net.minecraftforge.network.HandshakeHandler/FMLHANDSHAKE]: Sending ticking packet info 'Registry minecraft:potion' to 'fml:handshake' sequence 8
[28Aug2026 03:27:48.156] [Server thread/DEBUG] [net.minecraftforge.network.HandshakeHandler/FMLHANDSHAKE]: Sending ticking packet info 'Registry minecraft:painting_variant' to 'fml:handshake' sequence 9
[28Aug2026 03:27:48.156] [Server thread/DEBUG] [net.minecraftforge.network.HandshakeHandler/FMLHANDSHAKE]: Sending ticking packet info 'Registry forge:fluid_type' to 'fml:handshake' sequence 10
[28Aug2026 03:27:48.157] [Server thread/DEBUG] [net.minecraftforge.network.HandshakeHandler/FMLHANDSHAKE]: Sending ticking packet info 'Registry minecraft:block_entity_type' to 'fml:handshake' sequence 11
[28Aug2026 03:27:48.157] [Server thread/DEBUG] [net.minecraftforge.network.HandshakeHandler/FMLHANDSHAKE]: Sending ticking packet info 'Registry forge:display_contexts' to 'fml:handshake' sequence 12
[28Aug2026 03:27:48.157] [Server thread/DEBUG] [net.minecraftforge.network.HandshakeHandler/FMLHANDSHAKE]: Sending ticking packet info 'Registry minecraft:block' to 'fml:handshake' sequence 13
[28Aug2026 03:27:48.157] [Server thread/DEBUG] [net.minecraftforge.network.HandshakeHandler/FMLHANDSHAKE]: Sending ticking packet info 'Registry forge:entity_data_serializers' to 'fml:handshake' sequence 14
[28Aug2026 03:27:48.157] [Server thread/DEBUG] [net.minecraftforge.network.HandshakeHandler/FMLHANDSHAKE]: Sending ticking packet info 'Registry minecraft:mob_effect' to 'fml:handshake' sequence 15
[28Aug2026 03:27:48.157] [Server thread/DEBUG] [net.minecraftforge.network.HandshakeHandler/FMLHANDSHAKE]: Sending ticking packet info 'Registry minecraft:stat_type' to 'fml:handshake' sequence 16
[28Aug2026 03:27:48.157] [Server thread/DEBUG] [net.minecraftforge.network.HandshakeHandler/FMLHANDSHAKE]: Sending ticking packet info 'Registry minecraft:menu' to 'fml:handshake' sequence 17
[28Aug2026 03:27:48.157] [Server thread/DEBUG] [net.minecraftforge.network.HandshakeHandler/FMLHANDSHAKE]: Sending ticking packet info 'Registry minecraft:enchantment' to 'fml:handshake' sequence 18
[28Aug2026 03:27:48.157] [Server thread/DEBUG] [net.minecraftforge.network.HandshakeHandler/FMLHANDSHAKE]: Sending ticking packet info 'Registry minecraft:fluid' to 'fml:handshake' sequence 19
[28Aug2026 03:27:48.157] [Server thread/DEBUG] [net.minecraftforge.network.HandshakeHandler/FMLHANDSHAKE]: Sending ticking packet info 'Registry minecraft:entity_type' to 'fml:handshake' sequence 20
[28Aug2026 03:27:48.157] [Server thread/DEBUG] [net.minecraftforge.network.HandshakeHandler/FMLHANDSHAKE]: Sending ticking packet info 'Config curios-server.toml' to 'fml:handshake' sequence 21
[28Aug2026 03:27:48.157] [Server thread/DEBUG] [net.minecraftforge.network.HandshakeHandler/FMLHANDSHAKE]: Sending ticking packet info 'Config journeymap-server.toml' to 'fml:handshake' sequence 22
[28Aug2026 03:27:48.157] [Server thread/DEBUG] [net.minecraftforge.network.HandshakeHandler/FMLHANDSHAKE]: Sending ticking packet info 'Config jei-server.toml' to 'fml:handshake' sequence 23
[28Aug2026 03:27:48.157] [Server thread/DEBUG] [net.minecraftforge.network.HandshakeHandler/FMLHANDSHAKE]: Sending ticking packet info 'Config forge-server.toml' to 'fml:handshake' sequence 24
[28Aug2026 03:27:48.306] [Netty Epoll Server IO #2/DEBUG] [net.minecraftforge.network.LoginWrapper/FMLHANDSHAKE]: Recieved login wrapper packet event for channel fml:handshake with index 1
[28Aug2026 03:27:48.307] [Netty Epoll Server IO #2/DEBUG] [net.minecraftforge.network.HandshakeHandler/FMLHANDSHAKE]: Received client indexed reply 1 of type net.minecraftforge.network.HandshakeMessages$C2SModListReply
[28Aug2026 03:27:48.307] [Netty Epoll Server IO #2/DEBUG] [net.minecraftforge.network.HandshakeHandler/FMLHANDSHAKE]: Received client connection with modlist [minecraft, betterdungeons, terrablender, ambientsounds, jade, geckolib, creativecore, jei, commonnetworking, lionfishapi, trender, cataclysm, curios, journeymap, trulydark, modernfix, citadel, alexscaves, alexsmobs, horror_element_mod, yungsapi, entityculling, glitchcore, biomesoplenty, immediatelyfast, starlight, cfm, ferritecore, embeddium_extra, iceandfire, transition, framework, cloth_config, sound_physics_remastered, forge, tlskincape, journeymap_api, embeddium, rubidium, presencefootsteps]
[28Aug2026 03:27:48.307] [Netty Epoll Server IO #2/DEBUG] [net.minecraftforge.network.NetworkRegistry/NETREGISTRY]: Channel 'alexscaves:main_channel' : Version test of '1' from client : ACCEPTED
[28Aug2026 03:27:48.307] [Netty Epoll Server IO #2/DEBUG] [net.minecraftforge.network.NetworkRegistry/NETREGISTRY]: Channel 'jei:channel' : Version test of '1.0.0' from client : ACCEPTED
[28Aug2026 03:27:48.307] [Netty Epoll Server IO #2/DEBUG] [net.minecraftforge.network.NetworkRegistry/NETREGISTRY]: Channel 'minecraft:unregister' : Version test of 'FML3' from client : ACCEPTED
[28Aug2026 03:27:48.307] [Netty Epoll Server IO #2/DEBUG] [net.minecraftforge.network.NetworkRegistry/NETREGISTRY]: Channel 'cfm:network' : Version test of '1' from client : ACCEPTED
[28Aug2026 03:27:48.307] [Netty Epoll Server IO #2/DEBUG] [net.minecraftforge.network.NetworkRegistry/NETREGISTRY]: Channel 'journeymap:waypoint_notification' : Version test of '1' from client : ACCEPTED
[28Aug2026 03:27:48.307] [Netty Epoll Server IO #2/DEBUG] [net.minecraftforge.network.NetworkRegistry/NETREGISTRY]: Channel 'journeymap:remove_player' : Version test of '1' from client : ACCEPTED
[28Aug2026 03:27:48.307] [Netty Epoll Server IO #2/DEBUG] [net.minecraftforge.network.NetworkRegistry/NETREGISTRY]: Channel 'journeymap:version' : Version test of '1' from client : ACCEPTED
[28Aug2026 03:27:48.307] [Netty Epoll Server IO #2/DEBUG] [net.minecraftforge.network.NetworkRegistry/NETREGISTRY]: Channel 'framework:play' : Version test of '1' from client : ACCEPTED
[28Aug2026 03:27:48.307] [Netty Epoll Server IO #2/DEBUG] [net.minecraftforge.network.NetworkRegistry/NETREGISTRY]: Channel 'journeymap:waypoint_scope_resp' : Version test of '1' from client : ACCEPTED
[28Aug2026 03:27:48.307] [Netty Epoll Server IO #2/DEBUG] [net.minecraftforge.network.NetworkRegistry/NETREGISTRY]: Channel 'journeymap:overlay_clear' : Version test of '1' from client : ACCEPTED
[28Aug2026 03:27:48.307] [Netty Epoll Server IO #2/DEBUG] [net.minecraftforge.network.NetworkRegistry/NETREGISTRY]: Channel 'journeymap:admin_req' : Version test of '1' from client : ACCEPTED
[28Aug2026 03:27:48.307] [Netty Epoll Server IO #2/DEBUG] [net.minecraftforge.network.NetworkRegistry/NETREGISTRY]: Channel 'cataclysm:main_channel' : Version test of '1' from client : ACCEPTED
[28Aug2026 03:27:48.307] [Netty Epoll Server IO #2/DEBUG] [net.minecraftforge.network.NetworkRegistry/NETREGISTRY]: Channel 'journeymap:waypoint' : Version test of '1' from client : ACCEPTED
[28Aug2026 03:27:48.307] [Netty Epoll Server IO #2/DEBUG] [net.minecraftforge.network.NetworkRegistry/NETREGISTRY]: Channel 'lionfishapi:main_channel' : Version test of '1' from client : ACCEPTED
[28Aug2026 03:27:48.307] [Netty Epoll Server IO #2/DEBUG] [net.minecraftforge.network.NetworkRegistry/NETREGISTRY]: Channel 'journeymap:waypoint_settings_resp' : Version test of '1' from client : ACCEPTED
[28Aug2026 03:27:48.307] [Netty Epoll Server IO #2/DEBUG] [net.minecraftforge.network.NetworkRegistry/NETREGISTRY]: Channel 'forge:tier_sorting' : Version test of '1.0' from client : ACCEPTED
[28Aug2026 03:27:48.307] [Netty Epoll Server IO #2/DEBUG] [net.minecraftforge.network.NetworkRegistry/NETREGISTRY]: Channel 'alexsmobs:main_channel' : Version test of '1' from client : ACCEPTED
[28Aug2026 03:27:48.307] [Netty Epoll Server IO #2/DEBUG] [net.minecraftforge.network.NetworkRegistry/NETREGISTRY]: Channel 'journeymap:waypoint_settings_update' : Version test of '1' from client : ACCEPTED
[28Aug2026 03:27:48.307] [Netty Epoll Server IO #2/DEBUG] [net.minecraftforge.network.NetworkRegistry/NETREGISTRY]: Channel 'fml:play' : Version test of 'FML3' from client : ACCEPTED
[28Aug2026 03:27:48.307] [Netty Epoll Server IO #2/DEBUG] [net.minecraftforge.network.NetworkRegistry/NETREGISTRY]: Channel 'creativecore:main' : Version test of '1' from client : ACCEPTED
[28Aug2026 03:27:48.308] [Netty Epoll Server IO #2/DEBUG] [net.minecraftforge.network.NetworkRegistry/NETREGISTRY]: Channel 'journeymap:waypoint_scope_req' : Version test of '1' from client : ACCEPTED
[28Aug2026 03:27:48.308] [Netty Epoll Server IO #2/DEBUG] [net.minecraftforge.network.NetworkRegistry/NETREGISTRY]: Channel 'journeymap:teleport_req' : Version test of '1' from client : ACCEPTED
[28Aug2026 03:27:48.308] [Netty Epoll Server IO #2/DEBUG] [net.minecraftforge.network.NetworkRegistry/NETREGISTRY]: Channel 'journeymap:overlay_show' : Version test of '1' from client : ACCEPTED
[28Aug2026 03:27:48.308] [Netty Epoll Server IO #2/DEBUG] [net.minecraftforge.network.NetworkRegistry/NETREGISTRY]: Channel 'modernfix:ingredient_sync' : Version test of '1' from client : ACCEPTED
[28Aug2026 03:27:48.308] [Netty Epoll Server IO #2/DEBUG] [net.minecraftforge.network.NetworkRegistry/NETREGISTRY]: Channel 'journeymap:common' : Version test of '1' from client : ACCEPTED
[28Aug2026 03:27:48.308] [Netty Epoll Server IO #2/DEBUG] [net.minecraftforge.network.NetworkRegistry/NETREGISTRY]: Channel 'minecraft:register' : Version test of 'FML3' from client : ACCEPTED
[28Aug2026 03:27:48.308] [Netty Epoll Server IO #2/DEBUG] [net.minecraftforge.network.NetworkRegistry/NETREGISTRY]: Channel 'geckolib:main' : Version test of '1' from client : ACCEPTED
[28Aug2026 03:27:48.308] [Netty Epoll Server IO #2/DEBUG] [net.minecraftforge.network.NetworkRegistry/NETREGISTRY]: Channel 'journeymap:waypoint_crud_req' : Version test of '1' from client : ACCEPTED
[28Aug2026 03:27:48.308] [Netty Epoll Server IO #2/DEBUG] [net.minecraftforge.network.NetworkRegistry/NETREGISTRY]: Channel 'citadel:main_channel' : Version test of '1' from client : ACCEPTED
[28Aug2026 03:27:48.308] [Netty Epoll Server IO #2/DEBUG] [net.minecraftforge.network.NetworkRegistry/NETREGISTRY]: Channel 'iceandfire:main_channel' : Version test of '1' from client : ACCEPTED
[28Aug2026 03:27:48.308] [Netty Epoll Server IO #2/DEBUG] [net.minecraftforge.network.NetworkRegistry/NETREGISTRY]: Channel 'modernfix:main' : Version test of '1' from client : ACCEPTED
[28Aug2026 03:27:48.308] [Netty Epoll Server IO #2/DEBUG] [net.minecraftforge.network.NetworkRegistry/NETREGISTRY]: Channel 'journeymap:waypoint_crud_resp' : Version test of '1' from client : ACCEPTED
[28Aug2026 03:27:48.308] [Netty Epoll Server IO #2/DEBUG] [net.minecraftforge.network.NetworkRegistry/NETREGISTRY]: Channel 'curios:main' : Version test of '1' from client : ACCEPTED
[28Aug2026 03:27:48.308] [Netty Epoll Server IO #2/DEBUG] [net.minecraftforge.network.NetworkRegistry/NETREGISTRY]: Channel 'worldinfo:world_id' : Version test of '1' from client : ACCEPTED
[28Aug2026 03:27:48.308] [Netty Epoll Server IO #2/DEBUG] [net.minecraftforge.network.NetworkRegistry/NETREGISTRY]: Channel 'journeymap:waypoint_share_op' : Version test of '1' from client : ACCEPTED
[28Aug2026 03:27:48.308] [Netty Epoll Server IO #2/DEBUG] [net.minecraftforge.network.NetworkRegistry/NETREGISTRY]: Channel 'journeymap:global_wp_visibility' : Version test of '1' from client : ACCEPTED
[28Aug2026 03:27:48.308] [Netty Epoll Server IO #2/DEBUG] [net.minecraftforge.network.NetworkRegistry/NETREGISTRY]: Channel 'journeymap:mp_options_req' : Version test of '1' from client : ACCEPTED
[28Aug2026 03:27:48.308] [Netty Epoll Server IO #2/DEBUG] [net.minecraftforge.network.NetworkRegistry/NETREGISTRY]: Channel 'framework:handshake' : Version test of '1' from client : ACCEPTED
[28Aug2026 03:27:48.308] [Netty Epoll Server IO #2/DEBUG] [net.minecraftforge.network.NetworkRegistry/NETREGISTRY]: Channel 'horror_element_mod:horror_element_mod' : Version test of '1' from client : ACCEPTED
[28Aug2026 03:27:48.308] [Netty Epoll Server IO #2/DEBUG] [net.minecraftforge.network.NetworkRegistry/NETREGISTRY]: Channel 'fml:loginwrapper' : Version test of 'FML3' from client : ACCEPTED
[28Aug2026 03:27:48.308] [Netty Epoll Server IO #2/DEBUG] [net.minecraftforge.network.NetworkRegistry/NETREGISTRY]: Channel 'journeymap:waypoint_share_targets_resp' : Version test of '1' from client : ACCEPTED
[28Aug2026 03:27:48.308] [Netty Epoll Server IO #2/DEBUG] [net.minecraftforge.network.NetworkRegistry/NETREGISTRY]: Channel 'journeymap:waypoint_query' : Version test of '1' from client : ACCEPTED
[28Aug2026 03:27:48.308] [Netty Epoll Server IO #2/DEBUG] [net.minecraftforge.network.NetworkRegistry/NETREGISTRY]: Channel 'journeymap:admin_save' : Version test of '1' from client : ACCEPTED
[28Aug2026 03:27:48.308] [Netty Epoll Server IO #2/DEBUG] [net.minecraftforge.network.NetworkRegistry/NETREGISTRY]: Channel 'journeymap:player_loc' : Version test of '1' from client : ACCEPTED
[28Aug2026 03:27:48.308] [Netty Epoll Server IO #2/DEBUG] [net.minecraftforge.network.NetworkRegistry/NETREGISTRY]: Channel 'fml:handshake' : Version test of 'FML3' from client : ACCEPTED
[28Aug2026 03:27:48.308] [Netty Epoll Server IO #2/DEBUG] [net.minecraftforge.network.NetworkRegistry/NETREGISTRY]: Channel 'journeymap:waypoint_scopes' : Version test of '1' from client : ACCEPTED
[28Aug2026 03:27:48.308] [Netty Epoll Server IO #2/DEBUG] [net.minecraftforge.network.NetworkRegistry/NETREGISTRY]: Channel 'journeymap:perm_req' : Version test of '1' from client : ACCEPTED
[28Aug2026 03:27:48.308] [Netty Epoll Server IO #2/DEBUG] [net.minecraftforge.network.NetworkRegistry/NETREGISTRY]: Channel 'forge:split' : Version test of '1.1' from client : ACCEPTED
[28Aug2026 03:27:48.308] [Netty Epoll Server IO #2/DEBUG] [net.minecraftforge.network.NetworkRegistry/NETREGISTRY]: Channel 'journeymap:overlay_remove' : Version test of '1' from client : ACCEPTED
[28Aug2026 03:27:48.308] [Netty Epoll Server IO #2/DEBUG] [net.minecraftforge.network.NetworkRegistry/NETREGISTRY]: Channel 'jade:networking' : Version test of '2' from client : ACCEPTED
[28Aug2026 03:27:48.308] [Netty Epoll Server IO #2/DEBUG] [net.minecraftforge.network.NetworkRegistry/NETREGISTRY]: Channel 'journeymap:waypoint_push' : Version test of '1' from client : ACCEPTED
[28Aug2026 03:27:48.308] [Netty Epoll Server IO #2/DEBUG] [net.minecraftforge.network.NetworkRegistry/NETREGISTRY]: Accepting channel list from client
[28Aug2026 03:27:48.308] [Netty Epoll Server IO #2/DEBUG] [net.minecraftforge.network.HandshakeHandler/FMLHANDSHAKE]: Accepted client connection mod list
[28Aug2026 03:27:48.308] [Netty Epoll Server IO #2/DEBUG] [net.minecraftforge.network.LoginWrapper/FMLHANDSHAKE]: Recieved login wrapper packet event for channel fml:handshake with index 2
[28Aug2026 03:27:48.308] [Netty Epoll Server IO #2/DEBUG] [net.minecraftforge.network.HandshakeHandler/FMLHANDSHAKE]: Received client indexed reply 2 of type net.minecraftforge.network.HandshakeMessages$C2SAcknowledge
[28Aug2026 03:27:48.308] [Netty Epoll Server IO #2/DEBUG] [net.minecraftforge.network.HandshakeHandler/FMLHANDSHAKE]: Received acknowledgement from client
[28Aug2026 03:27:48.309] [Netty Epoll Server IO #2/DEBUG] [net.minecraftforge.network.LoginWrapper/FMLHANDSHAKE]: Recieved login wrapper packet event for channel fml:handshake with index 3
[28Aug2026 03:27:48.309] [Netty Epoll Server IO #2/DEBUG] [net.minecraftforge.network.HandshakeHandler/FMLHANDSHAKE]: Received client indexed reply 3 of type net.minecraftforge.network.HandshakeMessages$C2SAcknowledge
[28Aug2026 03:27:48.309] [Netty Epoll Server IO #2/DEBUG] [net.minecraftforge.network.HandshakeHandler/FMLHANDSHAKE]: Received acknowledgement from client
[28Aug2026 03:27:48.622] [Netty Epoll Server IO #2/DEBUG] [net.minecraftforge.network.LoginWrapper/FMLHANDSHAKE]: Recieved login wrapper packet event for channel fml:handshake with index 4
[28Aug2026 03:27:48.622] [Netty Epoll Server IO #2/DEBUG] [net.minecraftforge.network.HandshakeHandler/FMLHANDSHAKE]: Received client indexed reply 4 of type net.minecraftforge.network.HandshakeMessages$C2SAcknowledge
[28Aug2026 03:27:48.622] [Netty Epoll Server IO #2/DEBUG] [net.minecraftforge.network.HandshakeHandler/FMLHANDSHAKE]: Received acknowledgement from client
[28Aug2026 03:27:48.622] [Netty Epoll Server IO #2/DEBUG] [net.minecraftforge.network.LoginWrapper/FMLHANDSHAKE]: Recieved login wrapper packet event for channel fml:handshake with index 5
[28Aug2026 03:27:48.622] [Netty Epoll Server IO #2/DEBUG] [net.minecraftforge.network.HandshakeHandler/FMLHANDSHAKE]: Received client indexed reply 5 of type net.minecraftforge.network.HandshakeMessages$C2SAcknowledge
[28Aug2026 03:27:48.622] [Netty Epoll Server IO #2/DEBUG] [net.minecraftforge.network.HandshakeHandler/FMLHANDSHAKE]: Received acknowledgement from client
[28Aug2026 03:27:48.622] [Netty Epoll Server IO #2/DEBUG] [net.minecraftforge.network.LoginWrapper/FMLHANDSHAKE]: Recieved login wrapper packet event for channel fml:handshake with index 6
[28Aug2026 03:27:48.622] [Netty Epoll Server IO #2/DEBUG] [net.minecraftforge.network.HandshakeHandler/FMLHANDSHAKE]: Received client indexed reply 6 of type net.minecraftforge.network.HandshakeMessages$C2SAcknowledge
[28Aug2026 03:27:48.623] [Netty Epoll Server IO #2/DEBUG] [net.minecraftforge.network.HandshakeHandler/FMLHANDSHAKE]: Received acknowledgement from client
[28Aug2026 03:27:48.793] [Netty Epoll Server IO #2/DEBUG] [net.minecraftforge.network.LoginWrapper/FMLHANDSHAKE]: Recieved login wrapper packet event for channel fml:handshake with index 7
[28Aug2026 03:27:48.794] [Netty Epoll Server IO #2/DEBUG] [net.minecraftforge.network.HandshakeHandler/FMLHANDSHAKE]: Received client indexed reply 7 of type net.minecraftforge.network.HandshakeMessages$C2SAcknowledge
[28Aug2026 03:27:48.794] [Netty Epoll Server IO #2/DEBUG] [net.minecraftforge.network.HandshakeHandler/FMLHANDSHAKE]: Received acknowledgement from client
[28Aug2026 03:27:48.794] [Netty Epoll Server IO #2/DEBUG] [net.minecraftforge.network.LoginWrapper/FMLHANDSHAKE]: Recieved login wrapper packet event for channel fml:handshake with index 8
[28Aug2026 03:27:48.794] [Netty Epoll Server IO #2/DEBUG] [net.minecraftforge.network.HandshakeHandler/FMLHANDSHAKE]: Received client indexed reply 8 of type net.minecraftforge.network.HandshakeMessages$C2SAcknowledge
[28Aug2026 03:27:48.794] [Netty Epoll Server IO #2/DEBUG] [net.minecraftforge.network.HandshakeHandler/FMLHANDSHAKE]: Received acknowledgement from client
[28Aug2026 03:27:48.794] [Netty Epoll Server IO #2/DEBUG] [net.minecraftforge.network.LoginWrapper/FMLHANDSHAKE]: Recieved login wrapper packet event for channel fml:handshake with index 9
[28Aug2026 03:27:48.794] [Netty Epoll Server IO #2/DEBUG] [net.minecraftforge.network.HandshakeHandler/FMLHANDSHAKE]: Received client indexed reply 9 of type net.minecraftforge.network.HandshakeMessages$C2SAcknowledge
[28Aug2026 03:27:48.794] [Netty Epoll Server IO #2/DEBUG] [net.minecraftforge.network.HandshakeHandler/FMLHANDSHAKE]: Received acknowledgement from client
[28Aug2026 03:27:48.794] [Netty Epoll Server IO #2/DEBUG] [net.minecraftforge.network.LoginWrapper/FMLHANDSHAKE]: Recieved login wrapper packet event for channel fml:handshake with index 10
[28Aug2026 03:27:48.794] [Netty Epoll Server IO #2/DEBUG] [net.minecraftforge.network.HandshakeHandler/FMLHANDSHAKE]: Received client indexed reply 10 of type net.minecraftforge.network.HandshakeMessages$C2SAcknowledge
[28Aug2026 03:27:48.795] [Netty Epoll Server IO #2/DEBUG] [net.minecraftforge.network.HandshakeHandler/FMLHANDSHAKE]: Received acknowledgement from client
[28Aug2026 03:27:48.795] [Netty Epoll Server IO #2/DEBUG] [net.minecraftforge.network.LoginWrapper/FMLHANDSHAKE]: Recieved login wrapper packet event for channel fml:handshake with index 11
[28Aug2026 03:27:48.795] [Netty Epoll Server IO #2/DEBUG] [net.minecraftforge.network.HandshakeHandler/FMLHANDSHAKE]: Received client indexed reply 11 of type net.minecraftforge.network.HandshakeMessages$C2SAcknowledge
[28Aug2026 03:27:48.795] [Netty Epoll Server IO #2/DEBUG] [net.minecraftforge.network.HandshakeHandler/FMLHANDSHAKE]: Received acknowledgement from client
[28Aug2026 03:27:48.795] [Netty Epoll Server IO #2/DEBUG] [net.minecraftforge.network.LoginWrapper/FMLHANDSHAKE]: Recieved login wrapper packet event for channel fml:handshake with index 12
[28Aug2026 03:27:48.795] [Netty Epoll Server IO #2/DEBUG] [net.minecraftforge.network.HandshakeHandler/FMLHANDSHAKE]: Received client indexed reply 12 of type net.minecraftforge.network.HandshakeMessages$C2SAcknowledge
[28Aug2026 03:27:48.795] [Netty Epoll Server IO #2/DEBUG] [net.minecraftforge.network.HandshakeHandler/FMLHANDSHAKE]: Received acknowledgement from client
[28Aug2026 03:27:48.801] [Netty Epoll Server IO #2/DEBUG] [net.minecraftforge.network.LoginWrapper/FMLHANDSHAKE]: Recieved login wrapper packet event for channel fml:handshake with index 13
[28Aug2026 03:27:48.801] [Netty Epoll Server IO #2/DEBUG] [net.minecraftforge.network.HandshakeHandler/FMLHANDSHAKE]: Received client indexed reply 13 of type net.minecraftforge.network.HandshakeMessages$C2SAcknowledge
[28Aug2026 03:27:48.801] [Netty Epoll Server IO #2/DEBUG] [net.minecraftforge.network.HandshakeHandler/FMLHANDSHAKE]: Received acknowledgement from client
[28Aug2026 03:27:48.801] [Netty Epoll Server IO #2/DEBUG] [net.minecraftforge.network.LoginWrapper/FMLHANDSHAKE]: Recieved login wrapper packet event for channel fml:handshake with index 14
[28Aug2026 03:27:48.801] [Netty Epoll Server IO #2/DEBUG] [net.minecraftforge.network.HandshakeHandler/FMLHANDSHAKE]: Received client indexed reply 14 of type net.minecraftforge.network.HandshakeMessages$C2SAcknowledge
[28Aug2026 03:27:48.801] [Netty Epoll Server IO #2/DEBUG] [net.minecraftforge.network.HandshakeHandler/FMLHANDSHAKE]: Received acknowledgement from client
[28Aug2026 03:27:48.801] [Netty Epoll Server IO #2/DEBUG] [net.minecraftforge.network.LoginWrapper/FMLHANDSHAKE]: Recieved login wrapper packet event for channel fml:handshake with index 15
[28Aug2026 03:27:48.801] [Netty Epoll Server IO #2/DEBUG] [net.minecraftforge.network.HandshakeHandler/FMLHANDSHAKE]: Received client indexed reply 15 of type net.minecraftforge.network.HandshakeMessages$C2SAcknowledge
[28Aug2026 03:27:48.801] [Netty Epoll Server IO #2/DEBUG] [net.minecraftforge.network.HandshakeHandler/FMLHANDSHAKE]: Received acknowledgement from client
[28Aug2026 03:27:48.801] [Netty Epoll Server IO #2/DEBUG] [net.minecraftforge.network.LoginWrapper/FMLHANDSHAKE]: Recieved login wrapper packet event for channel fml:handshake with index 16
[28Aug2026 03:27:48.801] [Netty Epoll Server IO #2/DEBUG] [net.minecraftforge.network.HandshakeHandler/FMLHANDSHAKE]: Received client indexed reply 16 of type net.minecraftforge.network.HandshakeMessages$C2SAcknowledge
[28Aug2026 03:27:48.802] [Netty Epoll Server IO #2/DEBUG] [net.minecraftforge.network.HandshakeHandler/FMLHANDSHAKE]: Received acknowledgement from client
[28Aug2026 03:27:48.802] [Netty Epoll Server IO #2/DEBUG] [net.minecraftforge.network.LoginWrapper/FMLHANDSHAKE]: Recieved login wrapper packet event for channel fml:handshake with index 17
[28Aug2026 03:27:48.802] [Netty Epoll Server IO #2/DEBUG] [net.minecraftforge.network.HandshakeHandler/FMLHANDSHAKE]: Received client indexed reply 17 of type net.minecraftforge.network.HandshakeMessages$C2SAcknowledge
[28Aug2026 03:27:48.802] [Netty Epoll Server IO #2/DEBUG] [net.minecraftforge.network.HandshakeHandler/FMLHANDSHAKE]: Received acknowledgement from client
[28Aug2026 03:27:48.802] [Netty Epoll Server IO #2/DEBUG] [net.minecraftforge.network.LoginWrapper/FMLHANDSHAKE]: Recieved login wrapper packet event for channel fml:handshake with index 18
[28Aug2026 03:27:48.802] [Netty Epoll Server IO #2/DEBUG] [net.minecraftforge.network.HandshakeHandler/FMLHANDSHAKE]: Received client indexed reply 18 of type net.minecraftforge.network.HandshakeMessages$C2SAcknowledge
[28Aug2026 03:27:48.802] [Netty Epoll Server IO #2/DEBUG] [net.minecraftforge.network.HandshakeHandler/FMLHANDSHAKE]: Received acknowledgement from client
[28Aug2026 03:27:48.802] [Netty Epoll Server IO #2/DEBUG] [net.minecraftforge.network.LoginWrapper/FMLHANDSHAKE]: Recieved login wrapper packet event for channel fml:handshake with index 19
[28Aug2026 03:27:48.802] [Netty Epoll Server IO #2/DEBUG] [net.minecraftforge.network.HandshakeHandler/FMLHANDSHAKE]: Received client indexed reply 19 of type net.minecraftforge.network.HandshakeMessages$C2SAcknowledge
[28Aug2026 03:27:48.802] [Netty Epoll Server IO #2/DEBUG] [net.minecraftforge.network.HandshakeHandler/FMLHANDSHAKE]: Received acknowledgement from client
[28Aug2026 03:27:48.995] [Netty Epoll Server IO #2/DEBUG] [net.minecraftforge.network.LoginWrapper/FMLHANDSHAKE]: Recieved login wrapper packet event for channel fml:handshake with index 20
[28Aug2026 03:27:48.996] [Netty Epoll Server IO #2/DEBUG] [net.minecraftforge.network.HandshakeHandler/FMLHANDSHAKE]: Received client indexed reply 20 of type net.minecraftforge.network.HandshakeMessages$C2SAcknowledge
[28Aug2026 03:27:48.996] [Netty Epoll Server IO #2/DEBUG] [net.minecraftforge.network.HandshakeHandler/FMLHANDSHAKE]: Received acknowledgement from client
[28Aug2026 03:27:48.996] [Netty Epoll Server IO #2/DEBUG] [net.minecraftforge.network.LoginWrapper/FMLHANDSHAKE]: Recieved login wrapper packet event for channel fml:handshake with index 21
[28Aug2026 03:27:48.996] [Netty Epoll Server IO #2/DEBUG] [net.minecraftforge.network.HandshakeHandler/FMLHANDSHAKE]: Received client indexed reply 21 of type net.minecraftforge.network.HandshakeMessages$C2SAcknowledge
[28Aug2026 03:27:48.996] [Netty Epoll Server IO #2/DEBUG] [net.minecraftforge.network.HandshakeHandler/FMLHANDSHAKE]: Received acknowledgement from client
[28Aug2026 03:27:48.996] [Netty Epoll Server IO #2/DEBUG] [net.minecraftforge.network.LoginWrapper/FMLHANDSHAKE]: Recieved login wrapper packet event for channel fml:handshake with index 22
[28Aug2026 03:27:48.996] [Netty Epoll Server IO #2/DEBUG] [net.minecraftforge.network.HandshakeHandler/FMLHANDSHAKE]: Received client indexed reply 22 of type net.minecraftforge.network.HandshakeMessages$C2SAcknowledge
[28Aug2026 03:27:48.996] [Netty Epoll Server IO #2/DEBUG] [net.minecraftforge.network.HandshakeHandler/FMLHANDSHAKE]: Received acknowledgement from client
[28Aug2026 03:27:48.996] [Netty Epoll Server IO #2/DEBUG] [net.minecraftforge.network.LoginWrapper/FMLHANDSHAKE]: Recieved login wrapper packet event for channel fml:handshake with index 23
[28Aug2026 03:27:48.996] [Netty Epoll Server IO #2/DEBUG] [net.minecraftforge.network.HandshakeHandler/FMLHANDSHAKE]: Received client indexed reply 23 of type net.minecraftforge.network.HandshakeMessages$C2SAcknowledge
[28Aug2026 03:27:48.996] [Netty Epoll Server IO #2/DEBUG] [net.minecraftforge.network.HandshakeHandler/FMLHANDSHAKE]: Received acknowledgement from client
[28Aug2026 03:27:48.997] [Netty Epoll Server IO #2/DEBUG] [net.minecraftforge.network.LoginWrapper/FMLHANDSHAKE]: Recieved login wrapper packet event for channel fml:handshake with index 24
[28Aug2026 03:27:48.997] [Netty Epoll Server IO #2/DEBUG] [net.minecraftforge.network.HandshakeHandler/FMLHANDSHAKE]: Received client indexed reply 24 of type net.minecraftforge.network.HandshakeMessages$C2SAcknowledge
[28Aug2026 03:27:48.997] [Netty Epoll Server IO #2/DEBUG] [net.minecraftforge.network.HandshakeHandler/FMLHANDSHAKE]: Received acknowledgement from client
[28Aug2026 03:27:49.002] [Server thread/DEBUG] [net.minecraftforge.network.HandshakeHandler/FMLHANDSHAKE]: Handshake complete!
[28Aug2026 03:27:49.071] [Server thread/INFO] [net.minecraft.server.players.PlayerList/]: Jr_dark[/10.13.238.142:59628] logged in with entity id 28725 at (-334.5, 71.0, 3128.5)
[28Aug2026 03:27:49.071] [Server thread/DEBUG] [net.minecraftforge.network.filters.NetworkFilters/]: Injected net.minecraftforge.network.filters.ForgeConnectionNetworkFilter@43b4bf21 into net.minecraft.network.Connection@4bcebc7e
[28Aug2026 03:27:49.078] [Server thread/INFO] [ModernFix/]: Using enhanced recipe sync for player Jr_dark
[28Aug2026 03:27:49.085] [Server thread/INFO] [net.minecraft.server.MinecraftServer/]: Jr_dark joined the game
[28Aug2026 03:27:49.132] [Server thread/INFO] [Jade/]: Syncing config to Jr_dark (e4a447b7-80d3-39bc-aee9-7217339ad2d7)
[28Aug2026 03:27:52.816] [Server thread/INFO] [net.minecraft.server.MinecraftServer/]: [Uzielcrak77: Teleported Jr_dark to Uzielcrak77]
[28Aug2026 03:27:59.914] [Server thread/INFO] [net.minecraft.server.MinecraftServer/]: [Uzielcrak77: Teleported Jr_dark to Uzielcrak77]
[28Aug2026 03:28:24.790] [Server thread/DEBUG] [net.minecraftforge.common.ForgeHooks/WP]: Gathering id map for writing to world save world
[28Aug2026 03:28:24.801] [Server thread/DEBUG] [net.minecraftforge.common.ForgeHooks/WP]: ID Map collection complete world
[28Aug2026 03:28:29.083] [Server thread/WARN] [net.minecraft.server.level.ServerPlayerGameMode/]: Mismatch in destroy block pos: BlockPos{x=-337, y=71, z=3129} BlockPos{x=-337, y=71, z=3130}
[28Aug2026 03:29:07.760] [Server thread/INFO] [net.minecraft.server.MinecraftServer/]: [Uzielcrak77: Set own game mode to Creative Mode]
[28Aug2026 03:30:17.102] [Server thread/INFO] [net.minecraft.server.MinecraftServer/]: Jr_dark was slain by Dread Ghoul
[28Aug2026 03:30:22.440] [Server thread/INFO] [journeymap/]: Jr_dark teleported to -338.5 71.0 3129.5 minecraft:overworld
[28Aug2026 03:31:03.304] [Server thread/INFO] [net.minecraft.server.MinecraftServer/]: [Uzielcrak77: Teleported Uzielcrak77 to Jr_dark]
[28Aug2026 03:31:06.010] [Server thread/INFO] [net.minecraft.server.MinecraftServer/]: [Uzielcrak77: Set own game mode to Survival Mode]
[28Aug2026 03:31:18.705] [Server thread/INFO] [net.minecraft.server.MinecraftServer/]: [Uzielcrak77: Set own game mode to Creative Mode]
[28Aug2026 03:31:33.067] [Server thread/INFO] [net.minecraft.server.MinecraftServer/]: [Uzielcrak77: Set own game mode to Survival Mode]
[28Aug2026 03:32:06.401] [Server thread/INFO] [net.minecraft.server.MinecraftServer/]: Uzielcrak77 was slain by Dread Ghoul
[28Aug2026 03:32:38.725] [Server thread/INFO] [net.minecraft.server.MinecraftServer/]: [Jr_dark: Set the time to 1000]
[28Aug2026 03:32:50.288] [Server thread/INFO] [net.minecraft.server.MinecraftServer/]: [Uzielcrak77: Teleported Uzielcrak77 to Jr_dark]
[28Aug2026 03:33:19.021] [Server thread/WARN] [net.minecraft.server.network.ServerGamePacketListenerImpl/]: Ice Dragon (vehicle of Jr_dark) moved too quickly! 8.225980197534284,0.0,-6.297840493979493
[28Aug2026 03:33:19.022] [Server thread/WARN] [net.minecraft.server.network.ServerGamePacketListenerImpl/]: Ice Dragon (vehicle of Jr_dark) moved too quickly! 9.535961487362613,0.0,-7.327113823462696
[28Aug2026 03:33:19.022] [Server thread/WARN] [net.minecraft.server.network.ServerGamePacketListenerImpl/]: Ice Dragon (vehicle of Jr_dark) moved too quickly! 10.877008286795274,0.0,-8.42071864275431
[28Aug2026 03:33:19.023] [Server thread/WARN] [net.minecraft.server.network.ServerGamePacketListenerImpl/]: Ice Dragon (vehicle of Jr_dark) moved too quickly! 12.210774087688037,0.0,-9.600196902501466
[28Aug2026 03:33:19.023] [Server thread/WARN] [net.minecraft.server.network.ServerGamePacketListenerImpl/]: Ice Dragon (vehicle of Jr_dark) moved too quickly! 13.50690284605929,0.0,-10.874249496435368
[28Aug2026 03:33:19.072] [Server thread/WARN] [net.minecraft.server.network.ServerGamePacketListenerImpl/]: Ice Dragon (vehicle of Jr_dark) moved too quickly! 7.722959704741982,0.0,-6.9325586350501
[28Aug2026 03:33:19.095] [Server thread/WARN] [net.minecraft.server.network.ServerGamePacketListenerImpl/]: Ice Dragon (vehicle of Jr_dark) moved too quickly! 8.765942102050474,0.0,-8.152710606998426
[28Aug2026 03:33:19.163] [Server thread/WARN] [net.minecraft.server.network.ServerGamePacketListenerImpl/]: Ice Dragon (vehicle of Jr_dark) moved too quickly! 9.685852576476577,0.0,-9.228884646257029
[28Aug2026 03:33:19.211] [Server thread/WARN] [net.minecraft.server.network.ServerGamePacketListenerImpl/]: Ice Dragon (vehicle of Jr_dark) moved too quickly! 10.497213614920383,0.0,-10.178070148883307
[28Aug2026 03:33:19.253] [Server thread/WARN] [net.minecraft.server.network.ServerGamePacketListenerImpl/]: Ice Dragon (vehicle of Jr_dark) moved too quickly! 11.212834050827837,0.0,-11.015251762199568
[28Aug2026 03:33:19.304] [Server thread/WARN] [net.minecraft.server.network.ServerGamePacketListenerImpl/]: Ice Dragon (vehicle of Jr_dark) moved too quickly! 11.844011275298215,0.0,-11.753645945144399
[28Aug2026 03:33:19.353] [Server thread/WARN] [net.minecraft.server.network.ServerGamePacketListenerImpl/]: Ice Dragon (vehicle of Jr_dark) moved too quickly! 12.400709587281085,0.0,-12.404909614501776
[28Aug2026 03:33:19.408] [Server thread/WARN] [net.minecraft.server.network.ServerGamePacketListenerImpl/]: Ice Dragon (vehicle of Jr_dark) moved too quickly! 12.891717498449964,0.0,-12.979324170874861
[28Aug2026 03:33:19.459] [Server thread/WARN] [net.minecraft.server.network.ServerGamePacketListenerImpl/]: Ice Dragon (vehicle of Jr_dark) moved too quickly! 13.287965947117357,0.0,-13.387565669835567
[28Aug2026 03:33:19.486] [Server thread/WARN] [net.minecraft.server.network.ServerGamePacketListenerImpl/]: Ice Dragon (vehicle of Jr_dark) moved too quickly! 13.611061935864711,0.0,-13.645948580030563
[28Aug2026 03:33:19.575] [Server thread/WARN] [net.minecraft.server.network.ServerGamePacketListenerImpl/]: Ice Dragon (vehicle of Jr_dark) moved too quickly! 13.876258820851262,0.0,-13.770664003028742
[28Aug2026 03:33:19.606] [Server thread/WARN] [net.minecraft.server.network.ServerGamePacketListenerImpl/]: Ice Dragon (vehicle of Jr_dark) moved too quickly! 13.849383873569195,0.0,-13.818868796357947
[28Aug2026 03:33:19.637] [Server thread/WARN] [net.minecraft.server.network.ServerGamePacketListenerImpl/]: Ice Dragon (vehicle of Jr_dark) moved too quickly! 13.56706754149684,0.0,-13.791075333988829
[28Aug2026 03:33:19.689] [Server thread/WARN] [net.minecraft.server.network.ServerGamePacketListenerImpl/]: Ice Dragon (vehicle of Jr_dark) moved too quickly! 13.061895883706882,0.0,-13.687811111605242
[28Aug2026 03:33:19.788] [Server thread/WARN] [net.minecraft.server.network.ServerGamePacketListenerImpl/]: Ice Dragon (vehicle of Jr_dark) moved too quickly! 12.362224557188995,0.0,-13.511572515046737
[28Aug2026 03:33:19.840] [Server thread/WARN] [net.minecraft.server.network.ServerGamePacketListenerImpl/]: Ice Dragon (vehicle of Jr_dark) moved too quickly! 11.491004522853018,0.0,-13.270970520466108
[28Aug2026 03:33:19.866] [Server thread/WARN] [net.minecraft.server.network.ServerGamePacketListenerImpl/]: Ice Dragon (vehicle of Jr_dark) moved too quickly! 10.46847852822151,0.0,-12.97360000883009
[28Aug2026 03:33:19.889] [Server thread/WARN] [net.minecraft.server.network.ServerGamePacketListenerImpl/]: Ice Dragon (vehicle of Jr_dark) moved too quickly! 9.304399242590478,0.0,-12.726318508508484
[28Aug2026 03:33:19.959] [Server thread/WARN] [net.minecraft.server.network.ServerGamePacketListenerImpl/]: Ice Dragon (vehicle of Jr_dark) moved too quickly! 8.015469954297828,0.0,-12.523215516166147
[28Aug2026 03:33:20.005] [Server thread/WARN] [net.minecraft.server.network.ServerGamePacketListenerImpl/]: Ice Dragon (vehicle of Jr_dark) moved too quickly! 6.878634322023686,0.0,-12.344078676920162
[28Aug2026 03:33:20.064] [Server thread/WARN] [net.minecraft.server.network.ServerGamePacketListenerImpl/]: Ice Dragon (vehicle of Jr_dark) moved too quickly! 5.875945294357905,0.0,-12.18607998470543
[28Aug2026 03:33:20.105] [Server thread/WARN] [net.minecraft.server.network.ServerGamePacketListenerImpl/]: Ice Dragon (vehicle of Jr_dark) moved too quickly! 4.991573571956678,0.0,-12.04672513817195
[28Aug2026 03:33:20.156] [Server thread/WARN] [net.minecraft.server.network.ServerGamePacketListenerImpl/]: Ice Dragon (vehicle of Jr_dark) moved too quickly! 4.211557712798822,0.0,-11.923814163529642
[28Aug2026 03:33:20.206] [Server thread/WARN] [net.minecraft.server.network.ServerGamePacketListenerImpl/]: Ice Dragon (vehicle of Jr_dark) moved too quickly! 3.523583725021581,0.0,-11.815406683894707
[28Aug2026 03:33:20.263] [Server thread/WARN] [net.minecraft.server.network.ServerGamePacketListenerImpl/]: Ice Dragon (vehicle of Jr_dark) moved too quickly! 3.0174276533737725,0.0,-11.689642301338608
[28Aug2026 03:33:20.313] [Server thread/WARN] [net.minecraft.server.network.ServerGamePacketListenerImpl/]: Ice Dragon (vehicle of Jr_dark) moved too quickly! 2.6720608881047383,0.0,-11.550029156525852
[28Aug2026 03:33:20.358] [Server thread/WARN] [net.minecraft.server.network.ServerGamePacketListenerImpl/]: Ice Dragon (vehicle of Jr_dark) moved too quickly! 2.395500862180768,0.0,-11.160362682604955
[28Aug2026 03:33:20.413] [Server thread/WARN] [net.minecraft.server.network.ServerGamePacketListenerImpl/]: Ice Dragon (vehicle of Jr_dark) moved too quickly! 2.1816973088929785,0.0,-10.550375065501612
[28Aug2026 03:33:24.800] [Server thread/DEBUG] [net.minecraftforge.common.ForgeHooks/WP]: Gathering id map for writing to world save world
[28Aug2026 03:33:24.811] [Server thread/DEBUG] [net.minecraftforge.common.ForgeHooks/WP]: ID Map collection complete world
[28Aug2026 03:33:29.738] [Server thread/WARN] [net.minecraft.server.network.ServerGamePacketListenerImpl/]: Ice Dragon (vehicle of Jr_dark) moved too quickly! -4.643259358604439,0.0,-9.258579383704273
[28Aug2026 03:33:29.739] [Server thread/WARN] [net.minecraft.server.network.ServerGamePacketListenerImpl/]: Ice Dragon (vehicle of Jr_dark) moved too quickly! -5.351939453505793,0.0,-10.766086827778508
[28Aug2026 03:33:29.739] [Server thread/WARN] [net.minecraft.server.network.ServerGamePacketListenerImpl/]: Ice Dragon (vehicle of Jr_dark) moved too quickly! -6.069800839563868,0.0,-12.341405172404393
[28Aug2026 03:33:29.739] [Server thread/WARN] [net.minecraft.server.network.ServerGamePacketListenerImpl/]: Ice Dragon (vehicle of Jr_dark) moved too quickly! -6.785005148933578,0.0,-13.980330403451717
[28Aug2026 03:33:29.740] [Server thread/WARN] [net.minecraft.server.network.ServerGamePacketListenerImpl/]: Ice Dragon (vehicle of Jr_dark) moved too quickly! -7.4898842647034485,0.0,-15.67784175736142
[28Aug2026 03:33:29.740] [Server thread/WARN] [net.minecraft.server.network.ServerGamePacketListenerImpl/]: Ice Dragon (vehicle of Jr_dark) moved too quickly! -8.11158764481246,0.0,-17.175046771509642
[28Aug2026 03:33:29.740] [Server thread/WARN] [net.minecraft.server.network.ServerGamePacketListenerImpl/]: Ice Dragon (vehicle of Jr_dark) moved too quickly! -8.65993002606865,0.0,-18.49558159398839
[28Aug2026 03:33:29.740] [Server thread/WARN] [net.minecraft.server.network.ServerGamePacketListenerImpl/]: Ice Dragon (vehicle of Jr_dark) moved too quickly! -9.14356800633658,0.0,-19.660293307414577
[28Aug2026 03:33:30.530] [Server thread/WARN] [net.minecraft.server.network.ServerGamePacketListenerImpl/]: Ice Dragon (vehicle of Jr_dark) moved too quickly! -5.616863434456548,0.0,-12.86288560058847
[28Aug2026 03:33:30.530] [Server thread/WARN] [net.minecraft.server.network.ServerGamePacketListenerImpl/]: Ice Dragon (vehicle of Jr_dark) moved too quickly! -5.9930970266185,0.0,-13.768942795543808
[28Aug2026 03:33:30.531] [Server thread/WARN] [net.minecraft.server.network.ServerGamePacketListenerImpl/]: Ice Dragon (vehicle of Jr_dark) moved too quickly! -6.324935054905325,0.0,-14.568085241494373
[28Aug2026 03:33:30.531] [Server thread/WARN] [net.minecraft.server.network.ServerGamePacketListenerImpl/]: Ice Dragon (vehicle of Jr_dark) moved too quickly! -6.617616195854339,0.0,-15.272928878822768
[28Aug2026 03:33:30.531] [Server thread/WARN] [net.minecraft.server.network.ServerGamePacketListenerImpl/]: Ice Dragon (vehicle of Jr_dark) moved too quickly! -6.875760962171341,0.0,-15.894600966946655
[28Aug2026 03:33:30.531] [Server thread/WARN] [net.minecraft.server.network.ServerGamePacketListenerImpl/]: Ice Dragon (vehicle of Jr_dark) moved too quickly! -7.10344464606294,0.0,-16.44291574867202
[28Aug2026 03:33:30.532] [Server thread/WARN] [net.minecraft.server.network.ServerGamePacketListenerImpl/]: Ice Dragon (vehicle of Jr_dark) moved too quickly! -7.304261655255345,0.0,-16.92652938615356
[28Aug2026 03:33:30.532] [Server thread/WARN] [net.minecraft.server.network.ServerGamePacketListenerImpl/]: Ice Dragon (vehicle of Jr_dark) moved too quickly! -7.481382257363066,0.0,-17.353076614412203
[28Aug2026 03:33:30.532] [Server thread/WARN] [net.minecraft.server.network.ServerGamePacketListenerImpl/]: Ice Dragon (vehicle of Jr_dark) moved too quickly! -7.63760262842203,0.0,-17.729291269736677
[28Aug2026 03:33:30.533] [Server thread/WARN] [net.minecraft.server.network.ServerGamePacketListenerImpl/]: Ice Dragon (vehicle of Jr_dark) moved too quickly! -7.775388995696062,0.0,-18.06111259573254
[28Aug2026 03:33:30.533] [Server thread/WARN] [net.minecraft.server.network.ServerGamePacketListenerImpl/]: Ice Dragon (vehicle of Jr_dark) moved too quickly! -7.8969165716317775,0.0,-18.353779005261003
[28Aug2026 03:33:30.533] [Server thread/WARN] [net.minecraft.server.network.ServerGamePacketListenerImpl/]: Ice Dragon (vehicle of Jr_dark) moved too quickly! -8.004103893607066,0.0,-18.611910778465244
[28Aug2026 03:33:30.534] [Server thread/WARN] [net.minecraft.server.network.ServerGamePacketListenerImpl/]: Ice Dragon (vehicle of Jr_dark) moved too quickly! -8.09864311158924,0.0,-18.839583002431482
[28Aug2026 03:33:30.534] [Server thread/WARN] [net.minecraft.server.network.ServerGamePacketListenerImpl/]: Ice Dragon (vehicle of Jr_dark) moved too quickly! -8.182026701849566,0.0,-19.0403899039693
[28Aug2026 03:33:30.534] [Server thread/WARN] [net.minecraft.server.network.ServerGamePacketListenerImpl/]: Ice Dragon (vehicle of Jr_dark) moved too quickly! -8.255571028459144,0.0,-19.21750159112571
[28Aug2026 03:33:30.534] [Server thread/WARN] [net.minecraft.server.network.ServerGamePacketListenerImpl/]: Ice Dragon (vehicle of Jr_dark) moved too quickly! -8.32043712452878,0.0,-19.37371409919797
[28Aug2026 03:33:30.535] [Server thread/WARN] [net.minecraft.server.network.ServerGamePacketListenerImpl/]: Ice Dragon (vehicle of Jr_dark) moved too quickly! -8.377649021262187,0.0,-19.511493531317683
[28Aug2026 03:33:30.535] [Server thread/WARN] [net.minecraft.server.network.ServerGamePacketListenerImpl/]: Ice Dragon (vehicle of Jr_dark) moved too quickly! -8.42810991418105,0.0,-19.63301499044701
[28Aug2026 03:33:30.535] [Server thread/WARN] [net.minecraft.server.network.ServerGamePacketListenerImpl/]: Ice Dragon (vehicle of Jr_dark) moved too quickly! -8.472616421735495,0.0,-19.740196917399317
[28Aug2026 03:33:30.535] [Server thread/WARN] [net.minecraft.server.network.ServerGamePacketListenerImpl/]: Ice Dragon (vehicle of Jr_dark) moved too quickly! -8.511871161398517,0.0,-19.83473137697092
[28Aug2026 03:33:30.536] [Server thread/WARN] [net.minecraft.server.network.ServerGamePacketListenerImpl/]: Ice Dragon (vehicle of Jr_dark) moved too quickly! -8.546493841781285,0.0,-19.918110770313433
[28Aug2026 03:33:30.536] [Server thread/WARN] [net.minecraft.server.network.ServerGamePacketListenerImpl/]: Ice Dragon (vehicle of Jr_dark) moved too quickly! -8.577031045878925,0.0,-19.991651395241206
[28Aug2026 03:33:30.536] [Server thread/WARN] [net.minecraft.server.network.ServerGamePacketListenerImpl/]: Ice Dragon (vehicle of Jr_dark) moved too quickly! -8.60396485989304,0.0,-20.05651422642768
[28Aug2026 03:33:30.536] [Server thread/WARN] [net.minecraft.server.network.ServerGamePacketListenerImpl/]: Ice Dragon (vehicle of Jr_dark) moved too quickly! -8.627720483853466,0.0,-20.11372324353397
[28Aug2026 03:33:30.536] [Server thread/WARN] [net.minecraft.server.network.ServerGamePacketListenerImpl/]: Ice Dragon (vehicle of Jr_dark) moved too quickly! -8.648672944186558,0.0,-20.164181596621802
[28Aug2026 03:33:30.537] [Server thread/WARN] [net.minecraft.server.network.ServerGamePacketListenerImpl/]: Ice Dragon (vehicle of Jr_dark) moved too quickly! -8.66715301420038,0.0,-20.208685864045492
[28Aug2026 03:33:30.537] [Server thread/WARN] [net.minecraft.server.network.ServerGamePacketListenerImpl/]: Ice Dragon (vehicle of Jr_dark) moved too quickly! -8.683452435952574,0.0,-20.247938627912845
[28Aug2026 03:33:30.537] [Server thread/WARN] [net.minecraft.server.network.ServerGamePacketListenerImpl/]: Ice Dragon (vehicle of Jr_dark) moved too quickly! -8.697828525938007,0.0,-20.28255956564408
[28Aug2026 03:33:30.537] [Server thread/WARN] [net.minecraft.server.network.ServerGamePacketListenerImpl/]: Ice Dragon (vehicle of Jr_dark) moved too quickly! -8.710508237305135,0.0,-20.313095232722844
[28Aug2026 03:33:30.538] [Server thread/WARN] [net.minecraft.server.network.ServerGamePacketListenerImpl/]: Ice Dragon (vehicle of Jr_dark) moved too quickly! -8.721691742730968,0.0,-20.34002769108656
[28Aug2026 03:33:30.538] [Server thread/WARN] [net.minecraft.server.network.ServerGamePacketListenerImpl/]: Ice Dragon (vehicle of Jr_dark) moved too quickly! -8.731555594516522,0.0,-20.36378211936335
[28Aug2026 03:33:30.538] [Server thread/WARN] [net.minecraft.server.network.ServerGamePacketListenerImpl/]: Ice Dragon (vehicle of Jr_dark) moved too quickly! -8.740255511791418,0.0,-20.384733525103456
[28Aug2026 03:33:30.538] [Server thread/WARN] [net.minecraft.server.network.ServerGamePacketListenerImpl/]: Ice Dragon (vehicle of Jr_dark) moved too quickly! -8.747928838827875,0.0,-20.403212664966304
[28Aug2026 03:33:30.538] [Server thread/WARN] [net.minecraft.server.network.ServerGamePacketListenerImpl/]: Ice Dragon (vehicle of Jr_dark) moved too quickly! -8.75469671327403,0.0,-20.419511266325117
[28Aug2026 03:33:30.539] [Server thread/WARN] [net.minecraft.server.network.ServerGamePacketListenerImpl/]: Ice Dragon (vehicle of Jr_dark) moved too quickly! -8.506124934149454,0.0,-20.369166968196623
[28Aug2026 03:33:30.539] [Server thread/WARN] [net.minecraft.server.network.ServerGamePacketListenerImpl/]: Ice Dragon (vehicle of Jr_dark) moved too quickly! -8.037453183496723,0.0,-20.242521392464823
[28Aug2026 03:33:30.539] [Server thread/WARN] [net.minecraft.server.network.ServerGamePacketListenerImpl/]: Ice Dragon (vehicle of Jr_dark) moved too quickly! -7.377570219941504,0.0,-20.040208807425188
[28Aug2026 03:33:30.539] [Server thread/WARN] [net.minecraft.server.network.ServerGamePacketListenerImpl/]: Ice Dragon (vehicle of Jr_dark) moved too quickly! -6.795553446085819,0.0,-19.86176910742006
[28Aug2026 03:33:30.540] [Server thread/WARN] [net.minecraft.server.network.ServerGamePacketListenerImpl/]: Ice Dragon (vehicle of Jr_dark) moved too quickly! -6.282214651545075,0.0,-19.70438529201556
[28Aug2026 03:33:30.540] [Server thread/WARN] [net.minecraft.server.network.ServerGamePacketListenerImpl/]: Ice Dragon (vehicle of Jr_dark) moved too quickly! -5.829449834760169,0.0,-19.56557276682861
[28Aug2026 03:33:30.540] [Server thread/WARN] [net.minecraft.server.network.ServerGamePacketListenerImpl/]: Ice Dragon (vehicle of Jr_dark) moved too quickly! -5.43011126635588,0.0,-19.443140119613872
[28Aug2026 03:33:30.540] [Server thread/WARN] [net.minecraft.server.network.ServerGamePacketListenerImpl/]: Ice Dragon (vehicle of Jr_dark) moved too quickly! -5.077894649023278,0.0,-19.335154524770587
[28Aug2026 03:33:30.541] [Server thread/WARN] [net.minecraft.server.network.ServerGamePacketListenerImpl/]: Ice Dragon (vehicle of Jr_dark) moved too quickly! -4.76723959253593,0.0,-19.23991123011865
[28Aug2026 03:33:30.541] [Server thread/WARN] [net.minecraft.server.network.ServerGamePacketListenerImpl/]: Ice Dragon (vehicle of Jr_dark) moved too quickly! -4.493241832714091,0.0,-19.15590664423553
[28Aug2026 03:33:30.541] [Server thread/WARN] [net.minecraft.server.network.ServerGamePacketListenerImpl/]: Ice Dragon (vehicle of Jr_dark) moved too quickly! -4.251575808551252,0.0,-19.081814599486734
[28Aug2026 03:33:30.541] [Server thread/WARN] [net.minecraft.server.network.ServerGamePacketListenerImpl/]: Ice Dragon (vehicle of Jr_dark) moved too quickly! -4.038426375239624,0.0,-19.01646541601849
[28Aug2026 03:33:30.541] [Server thread/WARN] [net.minecraft.server.network.ServerGamePacketListenerImpl/]: Ice Dragon (vehicle of Jr_dark) moved too quickly! -3.850428575058743,0.0,-18.9588274361995
[28Aug2026 03:33:30.542] [Server thread/WARN] [net.minecraft.server.network.ServerGamePacketListenerImpl/]: Ice Dragon (vehicle of Jr_dark) moved too quickly! -3.684614515299188,0.0,-18.90799073799917
[28Aug2026 03:33:30.542] [Server thread/WARN] [net.minecraft.server.network.ServerGamePacketListenerImpl/]: Ice Dragon (vehicle of Jr_dark) moved too quickly! -3.538366514591303,0.0,-18.86315277018639
[28Aug2026 03:33:30.542] [Server thread/WARN] [net.minecraft.server.network.ServerGamePacketListenerImpl/]: Ice Dragon (vehicle of Jr_dark) moved too quickly! -3.409375777966943,0.0,-18.823605682575362
[28Aug2026 03:33:30.542] [Server thread/WARN] [net.minecraft.server.network.ServerGamePacketListenerImpl/]: Ice Dragon (vehicle of Jr_dark) moved too quickly! -3.2956059482642672,0.0,-18.788725151302515
[28Aug2026 03:33:30.542] [Server thread/WARN] [net.minecraft.server.network.ServerGamePacketListenerImpl/]: Ice Dragon (vehicle of Jr_dark) moved too quickly! -3.195260958466463,0.0,-18.757960522719713
[28Aug2026 03:33:30.543] [Server thread/WARN] [net.minecraft.server.network.ServerGamePacketListenerImpl/]: Ice Dragon (vehicle of Jr_dark) moved too quickly! -3.10675667746483,0.0,-18.730826120309757
[28Aug2026 03:33:30.543] [Server thread/WARN] [net.minecraft.server.network.ServerGamePacketListenerImpl/]: Ice Dragon (vehicle of Jr_dark) moved too quickly! -3.028695901621404,0.0,-18.706893577384108
[28Aug2026 03:33:30.543] [Server thread/WARN] [net.minecraft.server.network.ServerGamePacketListenerImpl/]: Ice Dragon (vehicle of Jr_dark) moved too quickly! -2.9598462973274877,0.0,-18.685785074523665
[28Aug2026 03:33:30.543] [Server thread/WARN] [net.minecraft.server.network.ServerGamePacketListenerImpl/]: Ice Dragon (vehicle of Jr_dark) moved too quickly! -2.899120946340247,0.0,-18.6671673750011
[28Aug2026 03:33:30.544] [Server thread/WARN] [net.minecraft.server.network.ServerGamePacketListenerImpl/]: Ice Dragon (vehicle of Jr_dark) moved too quickly! -2.845561186769487,0.0,-18.65074656402203
[28Aug2026 03:33:30.544] [Server thread/WARN] [net.minecraft.server.network.ServerGamePacketListenerImpl/]: Ice Dragon (vehicle of Jr_dark) moved too quickly! -2.798321478828086,0.0,-18.636263408738614
[28Aug2026 03:33:30.544] [Server thread/WARN] [net.minecraft.server.network.ServerGamePacketListenerImpl/]: Ice Dragon (vehicle of Jr_dark) moved too quickly! -2.7566560564237648,0.0,-18.623489265778517
[28Aug2026 03:33:30.544] [Server thread/WARN] [net.minecraft.server.network.ServerGamePacketListenerImpl/]: Ice Dragon (vehicle of Jr_dark) moved too quickly! -2.7199071538631756,0.0,-18.6122224716878
[28Aug2026 03:33:30.545] [Server thread/WARN] [net.minecraft.server.network.ServerGamePacketListenerImpl/]: Ice Dragon (vehicle of Jr_dark) moved too quickly! -2.687494621804717,0.0,-18.602285159299754
[28Aug2026 03:33:30.545] [Server thread/WARN] [net.minecraft.server.network.ServerGamePacketListenerImpl/]: Ice Dragon (vehicle of Jr_dark) moved too quickly! -2.658906768529164,0.0,-18.593520449773678
[28Aug2026 03:33:30.545] [Server thread/WARN] [net.minecraft.server.network.ServerGamePacketListenerImpl/]: Ice Dragon (vehicle of Jr_dark) moved too quickly! -2.633692281940114,0.0,-18.585789975971693
[28Aug2026 03:33:30.545] [Server thread/WARN] [net.minecraft.server.network.ServerGamePacketListenerImpl/]: Ice Dragon (vehicle of Jr_dark) moved too quickly! -2.6114531047686,0.0,-18.57897169807802
[28Aug2026 03:33:30.546] [Server thread/WARN] [net.minecraft.server.network.ServerGamePacketListenerImpl/]: Ice Dragon (vehicle of Jr_dark) moved too quickly! -2.5918381505032926,0.0,-18.572957976975886
[28Aug2026 03:33:30.546] [Server thread/WARN] [net.minecraft.server.network.ServerGamePacketListenerImpl/]: Ice Dragon (vehicle of Jr_dark) moved too quickly! -2.574537760841281,0.0,-18.56765387496398
[28Aug2026 03:33:30.546] [Server thread/WARN] [net.minecraft.server.network.ServerGamePacketListenerImpl/]: Ice Dragon (vehicle of Jr_dark) moved too quickly! -2.559278817159395,0.0,-18.562975656989238
[28Aug2026 03:33:30.547] [Server thread/WARN] [net.minecraft.server.network.ServerGamePacketListenerImpl/]: Ice Dragon (vehicle of Jr_dark) moved too quickly! -2.5458204288319735,0.0,-18.55884946873539
[28Aug2026 03:33:30.547] [Server thread/WARN] [net.minecraft.server.network.ServerGamePacketListenerImpl/]: Ice Dragon (vehicle of Jr_dark) moved too quickly! -2.5339501303271845,0.0,-18.555210170695773
[28Aug2026 03:33:30.567] [Server thread/WARN] [net.minecraft.server.network.ServerGamePacketListenerImpl/]: Ice Dragon (vehicle of Jr_dark) moved too quickly! -2.52348052704599,0.0,-18.55200030982496
[28Aug2026 03:33:30.596] [Server thread/WARN] [net.minecraft.server.network.ServerGamePacketListenerImpl/]: Ice Dragon (vehicle of Jr_dark) moved too quickly! -2.514246336951942,0.0,-18.55200030982496
[28Aug2026 03:33:30.658] [Server thread/WARN] [net.minecraft.server.network.ServerGamePacketListenerImpl/]: Ice Dragon (vehicle of Jr_dark) moved too quickly! -2.5061017812890327,0.0,-18.55200030982496
[28Aug2026 03:33:30.712] [Server thread/WARN] [net.minecraft.server.network.ServerGamePacketListenerImpl/]: Ice Dragon (vehicle of Jr_dark) moved too quickly! -2.498918283194314,0.0,-18.55200030982496
[28Aug2026 03:33:30.762] [Server thread/WARN] [net.minecraft.server.network.ServerGamePacketListenerImpl/]: Ice Dragon (vehicle of Jr_dark) moved too quickly! -2.4925824378747734,0.0,-18.55200030982496
[28Aug2026 03:33:30.811] [Server thread/WARN] [net.minecraft.server.network.ServerGamePacketListenerImpl/]: Ice Dragon (vehicle of Jr_dark) moved too quickly! -2.4869942223029398,0.0,-18.55200030982496
[28Aug2026 03:33:30.857] [Server thread/WARN] [net.minecraft.server.network.ServerGamePacketListenerImpl/]: Ice Dragon (vehicle of Jr_dark) moved too quickly! -2.4820654161686093,0.0,-18.55200030982496
[28Aug2026 03:33:30.920] [Server thread/WARN] [net.minecraft.server.network.ServerGamePacketListenerImpl/]: Ice Dragon (vehicle of Jr_dark) moved too quickly! -2.4777182091581267,0.0,-18.55200030982496
[28Aug2026 03:33:30.955] [Server thread/WARN] [net.minecraft.server.network.ServerGamePacketListenerImpl/]: Ice Dragon (vehicle of Jr_dark) moved too quickly! -2.4738839725748676,0.0,-18.55200030982496
[28Aug2026 03:33:31.028] [Server thread/WARN] [net.minecraft.server.network.ServerGamePacketListenerImpl/]: Ice Dragon (vehicle of Jr_dark) moved too quickly! -2.4705021759084502,0.0,-18.55200030982496
[28Aug2026 03:33:31.060] [Server thread/WARN] [net.minecraft.server.network.ServerGamePacketListenerImpl/]: Ice Dragon (vehicle of Jr_dark) moved too quickly! -2.4705021759084502,0.0,-18.55200030982496
[28Aug2026 03:33:31.107] [Server thread/WARN] [net.minecraft.server.network.ServerGamePacketListenerImpl/]: Ice Dragon (vehicle of Jr_dark) moved too quickly! -2.4705021759084502,0.0,-18.55200030982496
[28Aug2026 03:33:31.159] [Server thread/WARN] [net.minecraft.server.network.ServerGamePacketListenerImpl/]: Ice Dragon (vehicle of Jr_dark) moved too quickly! -2.4705021759084502,0.0,-18.55200030982496
[28Aug2026 03:35:56.706] [Server thread/INFO] [net.minecraft.server.MinecraftServer/]: [Jr_dark: Set own game mode to Creative Mode]
[28Aug2026 03:36:45.988] [Server thread/INFO] [net.minecraft.server.MinecraftServer/]: [Jr_dark: Set own game mode to Survival Mode]
[28Aug2026 03:38:11.168] [Server thread/INFO] [net.minecraft.server.MinecraftServer/]: [Uzielcrak77: Set own game mode to Creative Mode]
[28Aug2026 03:38:20.039] [Server thread/INFO] [net.minecraft.server.MinecraftServer/]: [Jr_dark: Set own game mode to Creative Mode]
[28Aug2026 03:38:24.802] [Server thread/DEBUG] [net.minecraftforge.common.ForgeHooks/WP]: Gathering id map for writing to world save world
[28Aug2026 03:38:24.813] [Server thread/DEBUG] [net.minecraftforge.common.ForgeHooks/WP]: ID Map collection complete world
[28Aug2026 03:39:19.275] [Server thread/INFO] [net.minecraft.server.MinecraftServer/]: [Uzielcrak77: Killed 35 entities]
[28Aug2026 03:39:41.829] [Server thread/INFO] [net.minecraft.server.MinecraftServer/]: [Uzielcrak77: Killed 5 entities]
[28Aug2026 03:39:49.806] [Server thread/INFO] [net.minecraft.server.MinecraftServer/]: [Uzielcrak77: Killed 23 entities]
[28Aug2026 03:39:57.373] [Server thread/INFO] [net.minecraft.server.MinecraftServer/]: [Uzielcrak77: Killed 41 entities]
[28Aug2026 03:40:23.613] [Server thread/INFO] [net.minecraft.server.MinecraftServer/]: [Uzielcrak77: Killed 59 entities]
[28Aug2026 03:40:45.565] [Server thread/INFO] [net.minecraft.server.MinecraftServer/]: [Uzielcrak77: Killed 6 entities]
[28Aug2026 03:41:01.763] [Server thread/INFO] [net.minecraft.server.MinecraftServer/]: [Uzielcrak77: Killed Dread Beast]
[28Aug2026 03:41:12.982] [Server thread/INFO] [net.minecraft.server.MinecraftServer/]: [Uzielcrak77: Killed 4 entities]
[28Aug2026 03:41:36.408] [Server thread/INFO] [net.minecraft.server.MinecraftServer/]: [Uzielcrak77: Killed Dread Beast]
[28Aug2026 03:42:00.916] [Server thread/INFO] [net.minecraft.server.MinecraftServer/]: [Uzielcrak77: Killed Dread Knight]
[28Aug2026 03:42:19.751] [Server thread/INFO] [net.minecraft.server.MinecraftServer/]: [Jr_dark: Set own game mode to Survival Mode]
[28Aug2026 03:43:15.801] [Server thread/INFO] [net.minecraft.server.MinecraftServer/]: [Uzielcrak77: Set own game mode to Survival Mode]
[28Aug2026 03:43:19.349] [Server thread/INFO] [net.minecraft.server.MinecraftServer/]: Jr_dark has made the advancement [Another Brick in the Wall]
[28Aug2026 03:43:24.779] [Server thread/DEBUG] [net.minecraftforge.common.ForgeHooks/WP]: Gathering id map for writing to world save world
[28Aug2026 03:43:24.790] [Server thread/DEBUG] [net.minecraftforge.common.ForgeHooks/WP]: ID Map collection complete world
[28Aug2026 03:45:06.122] [Server thread/INFO] [net.minecraft.server.MinecraftServer/]: [Uzielcrak77: Set the time to 1000]
[28Aug2026 03:45:17.006] [Server thread/INFO] [net.minecraft.server.MinecraftServer/]: [Uzielcrak77: Set own game mode to Creative Mode]
[28Aug2026 03:46:26.751] [Server thread/INFO] [net.minecraft.server.MinecraftServer/]: Jr_dark didn't duck and cover
[28Aug2026 03:46:49.176] [Server thread/INFO] [net.minecraft.server.MinecraftServer/]: [Not Secure] <Jr_dark> j
[28Aug2026 03:46:56.460] [Server thread/INFO] [journeymap/]: Jr_dark teleported to -268.5 74.0 3137.5 minecraft:overworld
[28Aug2026 03:47:08.362] [Server thread/INFO] [journeymap/]: Uzielcrak77 teleported to -2788.5 70.0 -4961.5 minecraft:overworld
[28Aug2026 03:47:11.424] [Server thread/WARN] [net.minecraft.world.level.chunk.storage.ChunkSerializer/]: Found reference to unknown structure 'watching:ocean_sand_pyramid' in chunk [-183, -298], discarding
[28Aug2026 03:47:11.425] [Server thread/WARN] [net.minecraft.world.level.chunk.storage.ChunkSerializer/]: Found reference to unknown structure 'watching:ocean_sand_pyramid' in chunk [-182, -298], discarding
[28Aug2026 03:47:11.427] [Server thread/WARN] [net.minecraft.world.level.chunk.storage.ChunkSerializer/]: Found reference to unknown structure 'watching:ocean_sand_pyramid' in chunk [-184, -298], discarding
[28Aug2026 03:47:11.534] [Server thread/WARN] [net.minecraft.world.level.chunk.storage.ChunkSerializer/]: Found reference to unknown structure 'watching:ocean_sand_pyramid' in chunk [-185, -298], discarding
[28Aug2026 03:47:11.535] [Server thread/WARN] [net.minecraft.world.level.chunk.storage.ChunkSerializer/]: Found reference to unknown structure 'watching:ocean_sand_pyramid' in chunk [-186, -298], discarding
[28Aug2026 03:47:30.241] [Server thread/DEBUG] [ModernFix/]: Using cached upgraded version of iceandfire:gorgon_temple/building
[28Aug2026 03:47:30.256] [Server thread/DEBUG] [ModernFix/]: Using cached upgraded version of iceandfire:gorgon_temple/basement
[28Aug2026 03:47:30.259] [Server thread/DEBUG] [ModernFix/]: Using cached upgraded version of iceandfire:gorgon_temple/gorgon
[28Aug2026 03:48:09.829] [Server thread/INFO] [net.minecraft.server.MinecraftServer/]: [Uzielcrak77: Teleported Jr_dark to Uzielcrak77]
[28Aug2026 03:48:21.506] [Server thread/INFO] [net.minecraft.server.MinecraftServer/]: [Jr_dark: Set own game mode to Creative Mode]
[28Aug2026 03:48:24.790] [Server thread/DEBUG] [net.minecraftforge.common.ForgeHooks/WP]: Gathering id map for writing to world save world
[28Aug2026 03:48:24.800] [Server thread/DEBUG] [net.minecraftforge.common.ForgeHooks/WP]: ID Map collection complete world
[28Aug2026 03:49:05.140] [Server thread/INFO] [net.minecraft.server.MinecraftServer/]: Uzielcrak77 has reached the goal [I Am Become Death]
[28Aug2026 03:49:32.456] [Server thread/INFO] [net.minecraft.server.MinecraftServer/]: [Uzielcrak77: Killed 2 entities]
[28Aug2026 03:49:36.152] [Server thread/INFO] [net.minecraft.server.MinecraftServer/]: [Uzielcrak77: Killed 4 entities]
[28Aug2026 03:49:50.466] [Server thread/INFO] [net.minecraft.server.MinecraftServer/]: [Uzielcrak77: Killed 8 entities]
[28Aug2026 03:49:55.990] [Server thread/INFO] [net.minecraft.server.MinecraftServer/]: [Uzielcrak77: Killed 7 entities]
[28Aug2026 03:50:00.539] [Server thread/INFO] [net.minecraft.server.MinecraftServer/]: [Uzielcrak77: Killed 7 entities]
[28Aug2026 03:50:10.783] [Server thread/INFO] [net.minecraft.server.MinecraftServer/]: [Uzielcrak77: Killed 3 entities]
[28Aug2026 03:50:19.964] [Server thread/INFO] [net.minecraft.server.MinecraftServer/]: [Uzielcrak77: Killed 3 entities]
[28Aug2026 03:50:24.821] [Server thread/INFO] [net.minecraft.server.MinecraftServer/]: [Uzielcrak77: Killed 3 entities]
[28Aug2026 03:50:55.972] [Server thread/INFO] [net.minecraft.server.MinecraftServer/]: [Uzielcrak77: Killed Dread Ghoul]
[28Aug2026 03:50:59.935] [Server thread/INFO] [net.minecraft.server.MinecraftServer/]: [Uzielcrak77: Killed Dread Beast]
[28Aug2026 03:51:51.334] [Server thread/INFO] [net.minecraft.server.MinecraftServer/]: [Jr_dark: Set own game mode to Survival Mode]
[28Aug2026 03:52:34.902] [Server thread/INFO] [net.minecraft.server.MinecraftServer/]: [Jr_dark: Teleported Jr_dark to Uzielcrak77]
[28Aug2026 03:52:51.491] [Server thread/WARN] [net.minecraft.world.level.chunk.storage.ChunkSerializer/]: Found reference to unknown structure 'watching:torch_cave' in chunk [-156, -304], discarding
[28Aug2026 03:52:51.517] [Server thread/WARN] [net.minecraft.world.level.chunk.storage.ChunkSerializer/]: Found reference to unknown structure 'watching:torch_cave' in chunk [-156, -303], discarding
[28Aug2026 03:52:53.369] [Server thread/WARN] [net.minecraft.world.level.chunk.storage.ChunkSerializer/]: Found reference to unknown structure 'watching:torch_cave' in chunk [-155, -304], discarding
[28Aug2026 03:52:53.370] [Server thread/ERROR] [net.minecraft.world.level.chunk.storage.ChunkSerializer/]: Unknown structure start: watching:torch_cave
[28Aug2026 03:52:53.371] [Server thread/WARN] [net.minecraft.world.level.chunk.storage.ChunkSerializer/]: Found reference to unknown structure 'watching:torch_cave' in chunk [-155, -303], discarding
[28Aug2026 03:52:55.037] [Server thread/WARN] [net.minecraft.world.level.chunk.storage.ChunkSerializer/]: Found reference to unknown structure 'watching:torch_cave' in chunk [-154, -314], discarding
[28Aug2026 03:52:55.039] [Server thread/WARN] [net.minecraft.world.level.chunk.storage.ChunkSerializer/]: Found reference to unknown structure 'watching:torch_cave' in chunk [-154, -313], discarding
[28Aug2026 03:52:56.885] [Server thread/ERROR] [net.minecraft.world.level.chunk.storage.ChunkSerializer/]: Unknown structure start: watching:torch_cave
[28Aug2026 03:52:56.885] [Server thread/WARN] [net.minecraft.world.level.chunk.storage.ChunkSerializer/]: Found reference to unknown structure 'watching:torch_cave' in chunk [-153, -313], discarding
[28Aug2026 03:52:56.886] [Server thread/WARN] [net.minecraft.world.level.chunk.storage.ChunkSerializer/]: Found reference to unknown structure 'watching:torch_cave' in chunk [-153, -314], discarding
[28Aug2026 03:52:58.584] [Server thread/WARN] [net.minecraft.server.network.ServerGamePacketListenerImpl/]: Uzielcrak77 moved too quickly! 30.973759461321606,9.108795616192623,2.0830623116480638
[28Aug2026 03:52:59.712] [Server thread/WARN] [net.minecraft.server.network.ServerGamePacketListenerImpl/]: Uzielcrak77 moved too quickly! 32.10257616039098,3.8599909146476676,2.1589780404283374
[28Aug2026 03:53:24.796] [Server thread/DEBUG] [net.minecraftforge.common.ForgeHooks/WP]: Gathering id map for writing to world save world
[28Aug2026 03:53:24.805] [Server thread/DEBUG] [net.minecraftforge.common.ForgeHooks/WP]: ID Map collection complete world
[28Aug2026 03:55:09.234] [Server thread/INFO] [net.minecraft.server.MinecraftServer/]: [Uzielcrak77: Set the time to 1000]
[28Aug2026 03:55:34.224] [Server thread/INFO] [net.minecraft.server.MinecraftServer/]: Jr_dark was killed
[28Aug2026 03:55:34.224] [Server thread/INFO] [net.minecraft.server.MinecraftServer/]: [Jr_dark: Killed Jr_dark]
[28Aug2026 03:56:11.267] [Server thread/WARN] [net.minecraft.server.MinecraftServer/]: Can't keep up! Is the server overloaded? Running 19027ms or 380 ticks behind
[28Aug2026 03:56:11.319] [Server thread/WARN] [net.minecraft.server.network.ServerGamePacketListenerImpl/]: Jr_dark moved too quickly! 8.961002516941335,-0.41999998688697815,-4.763128369763194
[28Aug2026 03:56:11.339] [Server thread/WARN] [net.minecraft.server.network.ServerGamePacketListenerImpl/]: Uzielcrak77 moved too quickly! -6.057166131482973,1.1661092609382138,7.9954352755621585
[28Aug2026 03:56:55.455] [Server thread/WARN] [net.minecraft.server.MinecraftServer/]: Can't keep up! Is the server overloaded? Running 13164ms or 263 ticks behind
[28Aug2026 03:57:03.826] [Server thread/WARN] [net.minecraft.world.level.chunk.storage.ChunkSerializer/]: Found reference to unknown structure 'watching:torch_cave' in chunk [-190, -299], discarding
[28Aug2026 03:57:03.828] [Server thread/WARN] [net.minecraft.world.level.chunk.storage.ChunkSerializer/]: Found reference to unknown structure 'watching:torch_cave' in chunk [-189, -299], discarding
[28Aug2026 03:57:04.104] [Server thread/ERROR] [net.minecraft.world.level.chunk.storage.ChunkSerializer/]: Unknown structure start: watching:torch_cave
[28Aug2026 03:57:06.497] [Server thread/WARN] [net.minecraft.world.level.chunk.storage.ChunkSerializer/]: Found reference to unknown structure 'watching:ocean_sand_pyramid' in chunk [-186, -298], discarding
[28Aug2026 03:57:06.498] [Server thread/WARN] [net.minecraft.world.level.chunk.storage.ChunkSerializer/]: Found reference to unknown structure 'watching:ocean_sand_pyramid' in chunk [-185, -298], discarding
[28Aug2026 03:57:06.499] [Server thread/WARN] [net.minecraft.world.level.chunk.storage.ChunkSerializer/]: Found reference to unknown structure 'watching:ocean_sand_pyramid' in chunk [-184, -298], discarding
[28Aug2026 03:57:06.500] [Server thread/WARN] [net.minecraft.world.level.chunk.storage.ChunkSerializer/]: Found reference to unknown structure 'watching:torch_cave' in chunk [-190, -298], discarding
[28Aug2026 03:57:06.501] [Server thread/ERROR] [net.minecraft.world.level.chunk.storage.ChunkSerializer/]: Unknown structure start: watching:torch_cave
[28Aug2026 03:57:06.501] [Server thread/WARN] [net.minecraft.world.level.chunk.storage.ChunkSerializer/]: Found reference to unknown structure 'watching:torch_cave' in chunk [-189, -298], discarding
[28Aug2026 03:57:06.502] [Server thread/WARN] [net.minecraft.world.level.chunk.storage.ChunkSerializer/]: Found reference to unknown structure 'watching:ocean_sand_pyramid' in chunk [-183, -298], discarding
[28Aug2026 03:57:06.503] [Server thread/WARN] [net.minecraft.world.level.chunk.storage.ChunkSerializer/]: Found reference to unknown structure 'watching:ocean_sand_pyramid' in chunk [-182, -298], discarding
[28Aug2026 03:57:07.335] [Server thread/WARN] [net.minecraft.world.level.chunk.storage.ChunkSerializer/]: Found reference to unknown structure 'watching:ocean_sand_pyramid' in chunk [-183, -297], discarding
[28Aug2026 03:57:07.337] [Server thread/WARN] [net.minecraft.world.level.chunk.storage.ChunkSerializer/]: Found reference to unknown structure 'watching:ocean_sand_pyramid' in chunk [-182, -297], discarding
[28Aug2026 03:57:07.338] [Server thread/WARN] [net.minecraft.world.level.chunk.storage.ChunkSerializer/]: Found reference to unknown structure 'watching:ocean_sand_pyramid' in chunk [-186, -297], discarding
[28Aug2026 03:57:07.339] [Server thread/WARN] [net.minecraft.world.level.chunk.storage.ChunkSerializer/]: Found reference to unknown structure 'watching:ocean_sand_pyramid' in chunk [-185, -297], discarding
[28Aug2026 03:57:07.340] [Server thread/WARN] [net.minecraft.world.level.chunk.storage.ChunkSerializer/]: Found reference to unknown structure 'watching:ocean_sand_pyramid' in chunk [-184, -297], discarding
[28Aug2026 03:57:08.083] [Server thread/WARN] [net.minecraft.world.level.chunk.storage.ChunkSerializer/]: Found reference to unknown structure 'watching:torch_cave' in chunk [-176, -296], discarding
[28Aug2026 03:57:08.084] [Server thread/WARN] [net.minecraft.world.level.chunk.storage.ChunkSerializer/]: Found reference to unknown structure 'watching:torch_cave' in chunk [-175, -296], discarding
[28Aug2026 03:57:08.940] [Server thread/WARN] [net.minecraft.world.level.chunk.storage.ChunkSerializer/]: Found reference to unknown structure 'watching:torch_cave' in chunk [-176, -295], discarding
[28Aug2026 03:57:08.941] [Server thread/ERROR] [net.minecraft.world.level.chunk.storage.ChunkSerializer/]: Unknown structure start: watching:torch_cave
[28Aug2026 03:57:08.941] [Server thread/WARN] [net.minecraft.world.level.chunk.storage.ChunkSerializer/]: Found reference to unknown structure 'watching:torch_cave' in chunk [-175, -295], discarding
[28Aug2026 03:57:13.084] [Server thread/WARN] [net.minecraft.world.level.chunk.storage.ChunkSerializer/]: Found reference to unknown structure 'watching:torch_cave' in chunk [-184, -293], discarding
[28Aug2026 03:57:13.092] [Server thread/WARN] [net.minecraft.world.level.chunk.storage.ChunkSerializer/]: Found reference to unknown structure 'watching:torch_cave' in chunk [-166, -293], discarding
[28Aug2026 03:57:13.093] [Server thread/WARN] [net.minecraft.world.level.chunk.storage.ChunkSerializer/]: Found reference to unknown structure 'watching:torch_cave' in chunk [-165, -293], discarding
[28Aug2026 03:57:13.094] [Server thread/WARN] [net.minecraft.world.level.chunk.storage.ChunkSerializer/]: Found reference to unknown structure 'watching:torch_cave' in chunk [-173, -293], discarding
[28Aug2026 03:57:13.095] [Server thread/WARN] [net.minecraft.world.level.chunk.storage.ChunkSerializer/]: Found reference to unknown structure 'watching:torch_cave' in chunk [-172, -293], discarding
[28Aug2026 03:57:13.130] [Server thread/WARN] [net.minecraft.world.level.chunk.storage.ChunkSerializer/]: Found reference to unknown structure 'watching:torch_cave' in chunk [-183, -293], discarding
[28Aug2026 03:57:14.024] [Server thread/ERROR] [net.minecraft.world.level.chunk.storage.ChunkSerializer/]: Unknown structure start: watching:torch_cave
[28Aug2026 03:57:14.025] [Server thread/WARN] [net.minecraft.world.level.chunk.storage.ChunkSerializer/]: Found reference to unknown structure 'watching:torch_cave' in chunk [-172, -292], discarding
[28Aug2026 03:57:14.031] [Server thread/WARN] [net.minecraft.world.level.chunk.storage.ChunkSerializer/]: Found reference to unknown structure 'watching:torch_cave' in chunk [-173, -292], discarding
[28Aug2026 03:57:14.033] [Server thread/WARN] [net.minecraft.world.level.chunk.storage.ChunkSerializer/]: Found reference to unknown structure 'watching:torch_cave' in chunk [-166, -292], discarding
[28Aug2026 03:57:14.034] [Server thread/ERROR] [net.minecraft.world.level.chunk.storage.ChunkSerializer/]: Unknown structure start: watching:torch_cave
[28Aug2026 03:57:14.035] [Server thread/WARN] [net.minecraft.world.level.chunk.storage.ChunkSerializer/]: Found reference to unknown structure 'watching:torch_cave' in chunk [-165, -292], discarding
[28Aug2026 03:57:14.092] [Server thread/WARN] [net.minecraft.world.level.chunk.storage.ChunkSerializer/]: Found reference to unknown structure 'watching:torch_cave' in chunk [-184, -292], discarding
[28Aug2026 03:57:14.137] [Server thread/ERROR] [net.minecraft.world.level.chunk.storage.ChunkSerializer/]: Unknown structure start: watching:torch_cave
[28Aug2026 03:57:14.137] [Server thread/WARN] [net.minecraft.world.level.chunk.storage.ChunkSerializer/]: Found reference to unknown structure 'watching:torch_cave' in chunk [-183, -292], discarding
[28Aug2026 03:57:15.927] [Server thread/WARN] [net.minecraft.world.level.chunk.storage.ChunkSerializer/]: Found reference to unknown structure 'watching:torch_cave' in chunk [-173, -291], discarding
[28Aug2026 03:57:15.928] [Server thread/WARN] [net.minecraft.world.level.chunk.storage.ChunkSerializer/]: Found reference to unknown structure 'watching:torch_cave' in chunk [-172, -291], discarding
[28Aug2026 03:57:15.930] [Server thread/WARN] [net.minecraft.world.level.chunk.storage.ChunkSerializer/]: Found reference to unknown structure 'watching:torch_cave' in chunk [-190, -291], discarding
[28Aug2026 03:57:21.340] [Server thread/WARN] [net.minecraft.world.level.chunk.storage.ChunkSerializer/]: Found reference to unknown structure 'watching:torch_cave' in chunk [-191, -291], discarding
[28Aug2026 03:57:21.731] [Server thread/ERROR] [net.minecraft.world.level.chunk.storage.ChunkSerializer/]: Unknown structure start: watching:torch_cave
[28Aug2026 03:57:21.732] [Server thread/WARN] [net.minecraft.world.level.chunk.storage.ChunkSerializer/]: Found reference to unknown structure 'watching:torch_cave' in chunk [-172, -290], discarding
[28Aug2026 03:57:21.735] [Server thread/WARN] [net.minecraft.world.level.chunk.storage.ChunkSerializer/]: Found reference to unknown structure 'watching:torch_cave' in chunk [-173, -290], discarding
[28Aug2026 03:57:21.775] [Server thread/WARN] [net.minecraft.world.entity.EntityType/]: Skipping Entity with id dontcry:stalker
[28Aug2026 03:57:21.775] [Server thread/WARN] [net.minecraft.world.entity.EntityType/]: Skipping Entity with id the_one_who_watches:toww_hanging
[28Aug2026 03:57:21.782] [Server thread/ERROR] [net.minecraft.world.level.chunk.storage.ChunkSerializer/]: Unknown structure start: watching:torch_cave
[28Aug2026 03:57:21.782] [Server thread/WARN] [net.minecraft.world.level.chunk.storage.ChunkSerializer/]: Found reference to unknown structure 'watching:torch_cave' in chunk [-190, -290], discarding
[28Aug2026 03:57:21.787] [Server thread/WARN] [net.minecraft.world.level.chunk.storage.ChunkSerializer/]: Found reference to unknown structure 'watching:torch_cave' in chunk [-191, -290], discarding
[28Aug2026 03:57:24.087] [Server thread/WARN] [net.minecraft.world.level.chunk.storage.ChunkSerializer/]: Found reference to unknown structure 'watching:torch_cave' in chunk [-193, -294], discarding
[28Aug2026 03:57:24.239] [Server thread/ERROR] [net.minecraft.world.level.chunk.storage.ChunkSerializer/]: Unknown structure start: watching:torch_cave
[28Aug2026 03:57:24.240] [Server thread/WARN] [net.minecraft.world.level.chunk.storage.ChunkSerializer/]: Found reference to unknown structure 'watching:torch_cave' in chunk [-193, -293], discarding
[28Aug2026 03:57:30.934] [Server thread/WARN] [net.minecraft.world.level.chunk.storage.ChunkSerializer/]: Found reference to unknown structure 'watching:torch_cave' in chunk [-194, -293], discarding
[28Aug2026 03:57:30.936] [Server thread/WARN] [net.minecraft.world.level.chunk.storage.ChunkSerializer/]: Found reference to unknown structure 'watching:torch_cave' in chunk [-194, -294], discarding
[28Aug2026 03:57:30.951] [Server thread/ERROR] [net.minecraft.world.level.chunk.storage.ChunkSerializer/]: Unknown structure start: watching:torch_cave
[28Aug2026 03:57:31.009] [Server thread/ERROR] [net.minecraft.world.level.chunk.storage.ChunkSerializer/]: Unknown structure start: watching:torch_cave
[28Aug2026 03:57:31.011] [Server thread/WARN] [net.minecraft.world.level.chunk.storage.ChunkSerializer/]: Found reference to unknown structure 'watching:torch_cave' in chunk [-192, -286], discarding
[28Aug2026 03:57:31.012] [Server thread/WARN] [net.minecraft.world.level.chunk.storage.ChunkSerializer/]: Found reference to unknown structure 'watching:torch_cave' in chunk [-191, -286], discarding
[28Aug2026 03:57:31.015] [Server thread/WARN] [net.minecraft.world.level.chunk.storage.ChunkSerializer/]: Found reference to unknown structure 'watching:torch_cave' in chunk [-195, -285], discarding
[28Aug2026 03:57:31.016] [Server thread/WARN] [net.minecraft.world.level.chunk.storage.ChunkSerializer/]: Found reference to unknown structure 'watching:torch_cave' in chunk [-192, -285], discarding
[28Aug2026 03:57:31.017] [Server thread/ERROR] [net.minecraft.world.level.chunk.storage.ChunkSerializer/]: Unknown structure start: watching:torch_cave
[28Aug2026 03:57:31.017] [Server thread/WARN] [net.minecraft.world.level.chunk.storage.ChunkSerializer/]: Found reference to unknown structure 'watching:torch_cave' in chunk [-191, -285], discarding
[28Aug2026 03:57:31.021] [Server thread/ERROR] [net.minecraft.world.level.chunk.storage.ChunkSerializer/]: Unknown structure start: watching:torch_cave
[28Aug2026 03:57:31.035] [Server thread/ERROR] [net.minecraft.world.level.chunk.storage.ChunkSerializer/]: Unknown structure start: watching:torch_cave
[28Aug2026 03:57:31.091] [Server thread/ERROR] [net.minecraft.world.level.chunk.storage.ChunkSerializer/]: Unknown structure start: watching:torch_cave
[28Aug2026 03:57:40.057] [Server thread/ERROR] [net.minecraft.world.level.chunk.storage.ChunkSerializer/]: Unknown structure start: watching:torch_cave
[28Aug2026 03:57:40.091] [Server thread/ERROR] [net.minecraft.world.level.chunk.storage.ChunkSerializer/]: Unknown structure start: watching:torch_cave
[28Aug2026 03:57:40.873] [Server thread/ERROR] [net.minecraft.world.level.chunk.storage.ChunkSerializer/]: Unknown structure start: watching:torch_cave
[28Aug2026 03:58:57.189] [Server thread/DEBUG] [net.minecraftforge.common.ForgeHooks/WP]: Gathering id map for writing to world save world
[28Aug2026 03:58:57.206] [Server thread/DEBUG] [net.minecraftforge.common.ForgeHooks/WP]: ID Map collection complete world
[28Aug2026 03:59:51.129] [Server thread/INFO] [net.minecraft.server.MinecraftServer/]: [Uzielcrak77: Removed every effect from Uzielcrak77]
[28Aug2026 04:00:05.766] [Server thread/INFO] [net.minecraft.server.MinecraftServer/]: [Jr_dark: Set own game mode to Creative Mode]
[28Aug2026 04:02:27.515] [Server thread/INFO] [net.minecraft.server.MinecraftServer/]: Jr_dark has made the advancement [The Heart and the Flame]
[28Aug2026 04:03:43.312] [Server thread/INFO] [net.minecraft.server.MinecraftServer/]: [Jr_dark: Set own game mode to Survival Mode]
[28Aug2026 04:03:56.947] [Server thread/DEBUG] [net.minecraftforge.common.ForgeHooks/WP]: Gathering id map for writing to world save world
[28Aug2026 04:03:56.961] [Server thread/DEBUG] [net.minecraftforge.common.ForgeHooks/WP]: ID Map collection complete world
[28Aug2026 04:04:19.469] [Server thread/INFO] [net.minecraft.server.MinecraftServer/]: [Jr_dark: Set own game mode to Creative Mode]
[28Aug2026 04:04:20.328] [Server thread/WARN] [net.minecraft.world.level.chunk.storage.ChunkSerializer/]: Found reference to unknown structure 'watching:torch_cave' in chunk [-169, -285], discarding
[28Aug2026 04:04:20.370] [Server thread/WARN] [net.minecraft.world.level.chunk.storage.ChunkSerializer/]: Found reference to unknown structure 'watching:torch_cave' in chunk [-168, -285], discarding
[28Aug2026 04:04:20.438] [Server thread/ERROR] [net.minecraft.world.level.chunk.storage.ChunkSerializer/]: Unknown structure start: watching:torch_cave
[28Aug2026 04:04:20.444] [Server thread/WARN] [net.minecraft.world.level.chunk.storage.ChunkSerializer/]: Found reference to unknown structure 'watching:torch_cave' in chunk [-186, -275], discarding
[28Aug2026 04:04:55.010] [Server thread/INFO] [journeymap/]: Uzielcrak77 teleported to -2788.5 70.0 -4961.5 minecraft:overworld
[28Aug2026 04:05:16.780] [Server thread/INFO] [net.minecraft.server.MinecraftServer/]: [Jr_dark: Set the time to 1000]
[28Aug2026 04:06:18.957] [Server thread/INFO] [net.minecraft.server.MinecraftServer/]: [Jr_dark: Set own game mode to Survival Mode]
[28Aug2026 04:06:24.609] [Server thread/INFO] [net.minecraft.server.MinecraftServer/]: [Uzielcrak77: Teleported Uzielcrak77 to Jr_dark]
[28Aug2026 04:06:33.001] [Server thread/INFO] [net.minecraft.server.MinecraftServer/]: [Uzielcrak77: Set own game mode to Survival Mode]
[28Aug2026 04:08:56.941] [Server thread/DEBUG] [net.minecraftforge.common.ForgeHooks/WP]: Gathering id map for writing to world save world
[28Aug2026 04:08:56.953] [Server thread/DEBUG] [net.minecraftforge.common.ForgeHooks/WP]: ID Map collection complete world
[28Aug2026 04:09:24.805] [Server thread/INFO] [net.minecraft.server.MinecraftServer/]: Uzielcrak77 was turned to ice by Jr_dark
[28Aug2026 04:10:09.004] [Server thread/INFO] [net.minecraft.server.MinecraftServer/]: Uzielcrak77 was turned to ice by Jr_dark
[28Aug2026 04:10:23.562] [Server thread/INFO] [net.minecraft.server.MinecraftServer/]: Jr_dark has made the advancement [Forged in Flame]
[28Aug2026 04:11:56.950] [Server thread/INFO] [net.minecraft.server.MinecraftServer/]: Uzielcrak77 was turned to ice by Jr_dark
[28Aug2026 04:13:09.956] [Server thread/INFO] [net.minecraft.server.MinecraftServer/]: [Jr_dark: Set own game mode to Creative Mode]
[28Aug2026 04:13:29.419] [Server thread/INFO] [net.minecraft.server.MinecraftServer/]: [Jr_dark: Set own game mode to Survival Mode]
[28Aug2026 04:13:49.002] [Server thread/INFO] [net.minecraft.server.MinecraftServer/]: Uzielcrak77 has made the advancement [Forged in Flame]
[28Aug2026 04:13:56.946] [Server thread/DEBUG] [net.minecraftforge.common.ForgeHooks/WP]: Gathering id map for writing to world save world
[28Aug2026 04:13:56.958] [Server thread/DEBUG] [net.minecraftforge.common.ForgeHooks/WP]: ID Map collection complete world
[28Aug2026 04:14:24.162] [Server thread/INFO] [net.minecraft.server.MinecraftServer/]: [Jr_dark: Set the time to 1000]
[28Aug2026 04:18:18.957] [Server thread/INFO] [net.minecraft.server.MinecraftServer/]: [Uzielcrak77: Set own game mode to Creative Mode]
[28Aug2026 04:18:56.408] [Server thread/INFO] [net.minecraft.server.MinecraftServer/]: [Uzielcrak77: Set own game mode to Survival Mode]
[28Aug2026 04:18:56.935] [Server thread/DEBUG] [net.minecraftforge.common.ForgeHooks/WP]: Gathering id map for writing to world save world
[28Aug2026 04:18:56.945] [Server thread/DEBUG] [net.minecraftforge.common.ForgeHooks/WP]: ID Map collection complete world
[28Aug2026 04:19:35.133] [Server thread/INFO] [net.minecraft.server.MinecraftServer/]: [Uzielcrak77: Set own game mode to Creative Mode]
[28Aug2026 04:19:40.928] [Server thread/INFO] [net.minecraft.server.MinecraftServer/]: [Uzielcrak77: Set own game mode to Survival Mode]
[28Aug2026 04:19:58.553] [Server thread/INFO] [net.minecraft.server.network.ServerGamePacketListenerImpl/]: Jr_dark lost connection: Timed out
[28Aug2026 04:19:58.553] [Server thread/INFO] [net.minecraft.server.MinecraftServer/]: Jr_dark left the game
[28Aug2026 04:20:15.845] [Netty Epoll Server IO #4/DEBUG] [net.minecraftforge.network.HandshakeHandler/FMLHANDSHAKE]: Starting new modded impl connection. Found 25 messages to dispatch.
[28Aug2026 04:20:15.853] [Server thread/DEBUG] [net.minecraftforge.network.HandshakeHandler/FMLHANDSHAKE]: Sending ticking packet info 'net.minecraftforge.network.HandshakeMessages$S2CModData' to 'fml:handshake' sequence 0
[28Aug2026 04:20:15.853] [Server thread/DEBUG] [net.minecraftforge.network.HandshakeHandler/FMLHANDSHAKE]: Sending ticking packet info 'net.minecraftforge.network.HandshakeMessages$S2CModList' to 'fml:handshake' sequence 1
[28Aug2026 04:20:15.853] [Server thread/DEBUG] [net.minecraftforge.network.HandshakeHandler/FMLHANDSHAKE]: Sending ticking packet info 'Registry minecraft:command_argument_type' to 'fml:handshake' sequence 2
[28Aug2026 04:20:15.853] [Server thread/DEBUG] [net.minecraftforge.network.HandshakeHandler/FMLHANDSHAKE]: Sending ticking packet info 'Registry minecraft:recipe_serializer' to 'fml:handshake' sequence 3
[28Aug2026 04:20:15.853] [Server thread/DEBUG] [net.minecraftforge.network.HandshakeHandler/FMLHANDSHAKE]: Sending ticking packet info 'Registry minecraft:sound_event' to 'fml:handshake' sequence 4
[28Aug2026 04:20:15.853] [Server thread/DEBUG] [net.minecraftforge.network.HandshakeHandler/FMLHANDSHAKE]: Sending ticking packet info 'Registry minecraft:particle_type' to 'fml:handshake' sequence 5
[28Aug2026 04:20:15.853] [Server thread/DEBUG] [net.minecraftforge.network.HandshakeHandler/FMLHANDSHAKE]: Sending ticking packet info 'Registry minecraft:villager_profession' to 'fml:handshake' sequence 6
[28Aug2026 04:20:15.853] [Server thread/DEBUG] [net.minecraftforge.network.HandshakeHandler/FMLHANDSHAKE]: Sending ticking packet info 'Registry minecraft:item' to 'fml:handshake' sequence 7
[28Aug2026 04:20:15.853] [Server thread/DEBUG] [net.minecraftforge.network.HandshakeHandler/FMLHANDSHAKE]: Sending ticking packet info 'Registry minecraft:potion' to 'fml:handshake' sequence 8
[28Aug2026 04:20:15.853] [Server thread/DEBUG] [net.minecraftforge.network.HandshakeHandler/FMLHANDSHAKE]: Sending ticking packet info 'Registry minecraft:painting_variant' to 'fml:handshake' sequence 9
[28Aug2026 04:20:15.853] [Server thread/DEBUG] [net.minecraftforge.network.HandshakeHandler/FMLHANDSHAKE]: Sending ticking packet info 'Registry forge:fluid_type' to 'fml:handshake' sequence 10
[28Aug2026 04:20:15.853] [Server thread/DEBUG] [net.minecraftforge.network.HandshakeHandler/FMLHANDSHAKE]: Sending ticking packet info 'Registry minecraft:block_entity_type' to 'fml:handshake' sequence 11
[28Aug2026 04:20:15.853] [Server thread/DEBUG] [net.minecraftforge.network.HandshakeHandler/FMLHANDSHAKE]: Sending ticking packet info 'Registry forge:display_contexts' to 'fml:handshake' sequence 12
[28Aug2026 04:20:15.853] [Server thread/DEBUG] [net.minecraftforge.network.HandshakeHandler/FMLHANDSHAKE]: Sending ticking packet info 'Registry minecraft:block' to 'fml:handshake' sequence 13
[28Aug2026 04:20:15.853] [Server thread/DEBUG] [net.minecraftforge.network.HandshakeHandler/FMLHANDSHAKE]: Sending ticking packet info 'Registry forge:entity_data_serializers' to 'fml:handshake' sequence 14
[28Aug2026 04:20:15.853] [Server thread/DEBUG] [net.minecraftforge.network.HandshakeHandler/FMLHANDSHAKE]: Sending ticking packet info 'Registry minecraft:mob_effect' to 'fml:handshake' sequence 15
[28Aug2026 04:20:15.853] [Server thread/DEBUG] [net.minecraftforge.network.HandshakeHandler/FMLHANDSHAKE]: Sending ticking packet info 'Registry minecraft:stat_type' to 'fml:handshake' sequence 16
[28Aug2026 04:20:15.853] [Server thread/DEBUG] [net.minecraftforge.network.HandshakeHandler/FMLHANDSHAKE]: Sending ticking packet info 'Registry minecraft:menu' to 'fml:handshake' sequence 17
[28Aug2026 04:20:15.853] [Server thread/DEBUG] [net.minecraftforge.network.HandshakeHandler/FMLHANDSHAKE]: Sending ticking packet info 'Registry minecraft:enchantment' to 'fml:handshake' sequence 18
[28Aug2026 04:20:15.854] [Server thread/DEBUG] [net.minecraftforge.network.HandshakeHandler/FMLHANDSHAKE]: Sending ticking packet info 'Registry minecraft:fluid' to 'fml:handshake' sequence 19
[28Aug2026 04:20:15.854] [Server thread/DEBUG] [net.minecraftforge.network.HandshakeHandler/FMLHANDSHAKE]: Sending ticking packet info 'Registry minecraft:entity_type' to 'fml:handshake' sequence 20
[28Aug2026 04:20:15.854] [Server thread/DEBUG] [net.minecraftforge.network.HandshakeHandler/FMLHANDSHAKE]: Sending ticking packet info 'Config curios-server.toml' to 'fml:handshake' sequence 21
[28Aug2026 04:20:15.854] [Server thread/DEBUG] [net.minecraftforge.network.HandshakeHandler/FMLHANDSHAKE]: Sending ticking packet info 'Config journeymap-server.toml' to 'fml:handshake' sequence 22
[28Aug2026 04:20:15.854] [Server thread/DEBUG] [net.minecraftforge.network.HandshakeHandler/FMLHANDSHAKE]: Sending ticking packet info 'Config jei-server.toml' to 'fml:handshake' sequence 23
[28Aug2026 04:20:15.854] [Server thread/DEBUG] [net.minecraftforge.network.HandshakeHandler/FMLHANDSHAKE]: Sending ticking packet info 'Config forge-server.toml' to 'fml:handshake' sequence 24
[28Aug2026 04:20:16.655] [Netty Epoll Server IO #4/DEBUG] [net.minecraftforge.network.LoginWrapper/FMLHANDSHAKE]: Recieved login wrapper packet event for channel fml:handshake with index 1
[28Aug2026 04:20:16.655] [Netty Epoll Server IO #4/DEBUG] [net.minecraftforge.network.HandshakeHandler/FMLHANDSHAKE]: Received client indexed reply 1 of type net.minecraftforge.network.HandshakeMessages$C2SModListReply
[28Aug2026 04:20:16.655] [Netty Epoll Server IO #4/DEBUG] [net.minecraftforge.network.HandshakeHandler/FMLHANDSHAKE]: Received client connection with modlist [minecraft, betterdungeons, terrablender, ambientsounds, jade, geckolib, creativecore, jei, commonnetworking, lionfishapi, trender, cataclysm, curios, journeymap, trulydark, modernfix, citadel, alexscaves, alexsmobs, horror_element_mod, yungsapi, entityculling, glitchcore, biomesoplenty, immediatelyfast, starlight, cfm, ferritecore, embeddium_extra, iceandfire, transition, framework, cloth_config, sound_physics_remastered, forge, tlskincape, journeymap_api, embeddium, rubidium, presencefootsteps]
[28Aug2026 04:20:16.656] [Netty Epoll Server IO #4/DEBUG] [net.minecraftforge.network.NetworkRegistry/NETREGISTRY]: Channel 'alexscaves:main_channel' : Version test of '1' from client : ACCEPTED
[28Aug2026 04:20:16.656] [Netty Epoll Server IO #4/DEBUG] [net.minecraftforge.network.NetworkRegistry/NETREGISTRY]: Channel 'jei:channel' : Version test of '1.0.0' from client : ACCEPTED
[28Aug2026 04:20:16.656] [Netty Epoll Server IO #4/DEBUG] [net.minecraftforge.network.NetworkRegistry/NETREGISTRY]: Channel 'minecraft:unregister' : Version test of 'FML3' from client : ACCEPTED
[28Aug2026 04:20:16.656] [Netty Epoll Server IO #4/DEBUG] [net.minecraftforge.network.NetworkRegistry/NETREGISTRY]: Channel 'cfm:network' : Version test of '1' from client : ACCEPTED
[28Aug2026 04:20:16.656] [Netty Epoll Server IO #4/DEBUG] [net.minecraftforge.network.NetworkRegistry/NETREGISTRY]: Channel 'journeymap:waypoint_notification' : Version test of '1' from client : ACCEPTED
[28Aug2026 04:20:16.656] [Netty Epoll Server IO #4/DEBUG] [net.minecraftforge.network.NetworkRegistry/NETREGISTRY]: Channel 'journeymap:remove_player' : Version test of '1' from client : ACCEPTED
[28Aug2026 04:20:16.656] [Netty Epoll Server IO #4/DEBUG] [net.minecraftforge.network.NetworkRegistry/NETREGISTRY]: Channel 'journeymap:version' : Version test of '1' from client : ACCEPTED
[28Aug2026 04:20:16.656] [Netty Epoll Server IO #4/DEBUG] [net.minecraftforge.network.NetworkRegistry/NETREGISTRY]: Channel 'framework:play' : Version test of '1' from client : ACCEPTED
[28Aug2026 04:20:16.656] [Netty Epoll Server IO #4/DEBUG] [net.minecraftforge.network.NetworkRegistry/NETREGISTRY]: Channel 'journeymap:waypoint_scope_resp' : Version test of '1' from client : ACCEPTED
[28Aug2026 04:20:16.656] [Netty Epoll Server IO #4/DEBUG] [net.minecraftforge.network.NetworkRegistry/NETREGISTRY]: Channel 'journeymap:overlay_clear' : Version test of '1' from client : ACCEPTED
[28Aug2026 04:20:16.656] [Netty Epoll Server IO #4/DEBUG] [net.minecraftforge.network.NetworkRegistry/NETREGISTRY]: Channel 'journeymap:admin_req' : Version test of '1' from client : ACCEPTED
[28Aug2026 04:20:16.656] [Netty Epoll Server IO #4/DEBUG] [net.minecraftforge.network.NetworkRegistry/NETREGISTRY]: Channel 'cataclysm:main_channel' : Version test of '1' from client : ACCEPTED
[28Aug2026 04:20:16.656] [Netty Epoll Server IO #4/DEBUG] [net.minecraftforge.network.NetworkRegistry/NETREGISTRY]: Channel 'journeymap:waypoint' : Version test of '1' from client : ACCEPTED
[28Aug2026 04:20:16.656] [Netty Epoll Server IO #4/DEBUG] [net.minecraftforge.network.NetworkRegistry/NETREGISTRY]: Channel 'lionfishapi:main_channel' : Version test of '1' from client : ACCEPTED
[28Aug2026 04:20:16.656] [Netty Epoll Server IO #4/DEBUG] [net.minecraftforge.network.NetworkRegistry/NETREGISTRY]: Channel 'journeymap:waypoint_settings_resp' : Version test of '1' from client : ACCEPTED
[28Aug2026 04:20:16.656] [Netty Epoll Server IO #4/DEBUG] [net.minecraftforge.network.NetworkRegistry/NETREGISTRY]: Channel 'forge:tier_sorting' : Version test of '1.0' from client : ACCEPTED
[28Aug2026 04:20:16.656] [Netty Epoll Server IO #4/DEBUG] [net.minecraftforge.network.NetworkRegistry/NETREGISTRY]: Channel 'alexsmobs:main_channel' : Version test of '1' from client : ACCEPTED
[28Aug2026 04:20:16.656] [Netty Epoll Server IO #4/DEBUG] [net.minecraftforge.network.NetworkRegistry/NETREGISTRY]: Channel 'journeymap:waypoint_settings_update' : Version test of '1' from client : ACCEPTED
[28Aug2026 04:20:16.656] [Netty Epoll Server IO #4/DEBUG] [net.minecraftforge.network.NetworkRegistry/NETREGISTRY]: Channel 'fml:play' : Version test of 'FML3' from client : ACCEPTED
[28Aug2026 04:20:16.656] [Netty Epoll Server IO #4/DEBUG] [net.minecraftforge.network.NetworkRegistry/NETREGISTRY]: Channel 'creativecore:main' : Version test of '1' from client : ACCEPTED
[28Aug2026 04:20:16.656] [Netty Epoll Server IO #4/DEBUG] [net.minecraftforge.network.NetworkRegistry/NETREGISTRY]: Channel 'journeymap:waypoint_scope_req' : Version test of '1' from client : ACCEPTED
[28Aug2026 04:20:16.656] [Netty Epoll Server IO #4/DEBUG] [net.minecraftforge.network.NetworkRegistry/NETREGISTRY]: Channel 'journeymap:teleport_req' : Version test of '1' from client : ACCEPTED
[28Aug2026 04:20:16.656] [Netty Epoll Server IO #4/DEBUG] [net.minecraftforge.network.NetworkRegistry/NETREGISTRY]: Channel 'journeymap:overlay_show' : Version test of '1' from client : ACCEPTED
[28Aug2026 04:20:16.656] [Netty Epoll Server IO #4/DEBUG] [net.minecraftforge.network.NetworkRegistry/NETREGISTRY]: Channel 'modernfix:ingredient_sync' : Version test of '1' from client : ACCEPTED
[28Aug2026 04:20:16.656] [Netty Epoll Server IO #4/DEBUG] [net.minecraftforge.network.NetworkRegistry/NETREGISTRY]: Channel 'journeymap:common' : Version test of '1' from client : ACCEPTED
[28Aug2026 04:20:16.656] [Netty Epoll Server IO #4/DEBUG] [net.minecraftforge.network.NetworkRegistry/NETREGISTRY]: Channel 'minecraft:register' : Version test of 'FML3' from client : ACCEPTED
[28Aug2026 04:20:16.656] [Netty Epoll Server IO #4/DEBUG] [net.minecraftforge.network.NetworkRegistry/NETREGISTRY]: Channel 'geckolib:main' : Version test of '1' from client : ACCEPTED
[28Aug2026 04:20:16.656] [Netty Epoll Server IO #4/DEBUG] [net.minecraftforge.network.NetworkRegistry/NETREGISTRY]: Channel 'journeymap:waypoint_crud_req' : Version test of '1' from client : ACCEPTED
[28Aug2026 04:20:16.656] [Netty Epoll Server IO #4/DEBUG] [net.minecraftforge.network.NetworkRegistry/NETREGISTRY]: Channel 'citadel:main_channel' : Version test of '1' from client : ACCEPTED
[28Aug2026 04:20:16.656] [Netty Epoll Server IO #4/DEBUG] [net.minecraftforge.network.NetworkRegistry/NETREGISTRY]: Channel 'iceandfire:main_channel' : Version test of '1' from client : ACCEPTED
[28Aug2026 04:20:16.656] [Netty Epoll Server IO #4/DEBUG] [net.minecraftforge.network.NetworkRegistry/NETREGISTRY]: Channel 'modernfix:main' : Version test of '1' from client : ACCEPTED
[28Aug2026 04:20:16.656] [Netty Epoll Server IO #4/DEBUG] [net.minecraftforge.network.NetworkRegistry/NETREGISTRY]: Channel 'journeymap:waypoint_crud_resp' : Version test of '1' from client : ACCEPTED
[28Aug2026 04:20:16.656] [Netty Epoll Server IO #4/DEBUG] [net.minecraftforge.network.NetworkRegistry/NETREGISTRY]: Channel 'curios:main' : Version test of '1' from client : ACCEPTED
[28Aug2026 04:20:16.656] [Netty Epoll Server IO #4/DEBUG] [net.minecraftforge.network.NetworkRegistry/NETREGISTRY]: Channel 'worldinfo:world_id' : Version test of '1' from client : ACCEPTED
[28Aug2026 04:20:16.656] [Netty Epoll Server IO #4/DEBUG] [net.minecraftforge.network.NetworkRegistry/NETREGISTRY]: Channel 'journeymap:waypoint_share_op' : Version test of '1' from client : ACCEPTED
[28Aug2026 04:20:16.656] [Netty Epoll Server IO #4/DEBUG] [net.minecraftforge.network.NetworkRegistry/NETREGISTRY]: Channel 'journeymap:global_wp_visibility' : Version test of '1' from client : ACCEPTED
[28Aug2026 04:20:16.656] [Netty Epoll Server IO #4/DEBUG] [net.minecraftforge.network.NetworkRegistry/NETREGISTRY]: Channel 'journeymap:mp_options_req' : Version test of '1' from client : ACCEPTED
[28Aug2026 04:20:16.656] [Netty Epoll Server IO #4/DEBUG] [net.minecraftforge.network.NetworkRegistry/NETREGISTRY]: Channel 'framework:handshake' : Version test of '1' from client : ACCEPTED
[28Aug2026 04:20:16.657] [Netty Epoll Server IO #4/DEBUG] [net.minecraftforge.network.NetworkRegistry/NETREGISTRY]: Channel 'horror_element_mod:horror_element_mod' : Version test of '1' from client : ACCEPTED
[28Aug2026 04:20:16.657] [Netty Epoll Server IO #4/DEBUG] [net.minecraftforge.network.NetworkRegistry/NETREGISTRY]: Channel 'fml:loginwrapper' : Version test of 'FML3' from client : ACCEPTED
[28Aug2026 04:20:16.657] [Netty Epoll Server IO #4/DEBUG] [net.minecraftforge.network.NetworkRegistry/NETREGISTRY]: Channel 'journeymap:waypoint_share_targets_resp' : Version test of '1' from client : ACCEPTED
[28Aug2026 04:20:16.657] [Netty Epoll Server IO #4/DEBUG] [net.minecraftforge.network.NetworkRegistry/NETREGISTRY]: Channel 'journeymap:waypoint_query' : Version test of '1' from client : ACCEPTED
[28Aug2026 04:20:16.657] [Netty Epoll Server IO #4/DEBUG] [net.minecraftforge.network.NetworkRegistry/NETREGISTRY]: Channel 'journeymap:admin_save' : Version test of '1' from client : ACCEPTED
[28Aug2026 04:20:16.657] [Netty Epoll Server IO #4/DEBUG] [net.minecraftforge.network.NetworkRegistry/NETREGISTRY]: Channel 'journeymap:player_loc' : Version test of '1' from client : ACCEPTED
[28Aug2026 04:20:16.657] [Netty Epoll Server IO #4/DEBUG] [net.minecraftforge.network.NetworkRegistry/NETREGISTRY]: Channel 'fml:handshake' : Version test of 'FML3' from client : ACCEPTED
[28Aug2026 04:20:16.657] [Netty Epoll Server IO #4/DEBUG] [net.minecraftforge.network.NetworkRegistry/NETREGISTRY]: Channel 'journeymap:waypoint_scopes' : Version test of '1' from client : ACCEPTED
[28Aug2026 04:20:16.657] [Netty Epoll Server IO #4/DEBUG] [net.minecraftforge.network.NetworkRegistry/NETREGISTRY]: Channel 'journeymap:perm_req' : Version test of '1' from client : ACCEPTED
[28Aug2026 04:20:16.657] [Netty Epoll Server IO #4/DEBUG] [net.minecraftforge.network.NetworkRegistry/NETREGISTRY]: Channel 'forge:split' : Version test of '1.1' from client : ACCEPTED
[28Aug2026 04:20:16.657] [Netty Epoll Server IO #4/DEBUG] [net.minecraftforge.network.NetworkRegistry/NETREGISTRY]: Channel 'journeymap:overlay_remove' : Version test of '1' from client : ACCEPTED
[28Aug2026 04:20:16.657] [Netty Epoll Server IO #4/DEBUG] [net.minecraftforge.network.NetworkRegistry/NETREGISTRY]: Channel 'jade:networking' : Version test of '2' from client : ACCEPTED
[28Aug2026 04:20:16.657] [Netty Epoll Server IO #4/DEBUG] [net.minecraftforge.network.NetworkRegistry/NETREGISTRY]: Channel 'journeymap:waypoint_push' : Version test of '1' from client : ACCEPTED
[28Aug2026 04:20:16.657] [Netty Epoll Server IO #4/DEBUG] [net.minecraftforge.network.NetworkRegistry/NETREGISTRY]: Accepting channel list from client
[28Aug2026 04:20:16.657] [Netty Epoll Server IO #4/DEBUG] [net.minecraftforge.network.HandshakeHandler/FMLHANDSHAKE]: Accepted client connection mod list
[28Aug2026 04:20:16.683] [Netty Epoll Server IO #4/DEBUG] [net.minecraftforge.network.LoginWrapper/FMLHANDSHAKE]: Recieved login wrapper packet event for channel fml:handshake with index 2
[28Aug2026 04:20:16.683] [Netty Epoll Server IO #4/DEBUG] [net.minecraftforge.network.HandshakeHandler/FMLHANDSHAKE]: Received client indexed reply 2 of type net.minecraftforge.network.HandshakeMessages$C2SAcknowledge
[28Aug2026 04:20:16.683] [Netty Epoll Server IO #4/DEBUG] [net.minecraftforge.network.HandshakeHandler/FMLHANDSHAKE]: Received acknowledgement from client
[28Aug2026 04:20:16.900] [Netty Epoll Server IO #4/DEBUG] [net.minecraftforge.network.LoginWrapper/FMLHANDSHAKE]: Recieved login wrapper packet event for channel fml:handshake with index 3
[28Aug2026 04:20:16.901] [Netty Epoll Server IO #4/DEBUG] [net.minecraftforge.network.HandshakeHandler/FMLHANDSHAKE]: Received client indexed reply 3 of type net.minecraftforge.network.HandshakeMessages$C2SAcknowledge
[28Aug2026 04:20:16.901] [Netty Epoll Server IO #4/DEBUG] [net.minecraftforge.network.HandshakeHandler/FMLHANDSHAKE]: Received acknowledgement from client
[28Aug2026 04:20:46.309] [Server thread/INFO] [net.minecraft.server.network.ServerLoginPacketListenerImpl/]: Disconnecting com.mojang.authlib.GameProfile@293e74e2[id=<null>,name=Jr_dark,properties={},legacy=false] (/10.13.238.142:59953): Took too long to log in
[28Aug2026 04:20:46.315] [Server thread/INFO] [net.minecraft.server.network.ServerLoginPacketListenerImpl/]: com.mojang.authlib.GameProfile@293e74e2[id=<null>,name=Jr_dark,properties={},legacy=false] (/10.13.238.142:59953) lost connection: Took too long to log in
[28Aug2026 04:20:46.340] [Server thread/WARN] [net.minecraft.network.Connection/]: handleDisconnection() called twice
[28Aug2026 04:22:30.057] [Netty Epoll Server IO #6/DEBUG] [net.minecraftforge.network.HandshakeHandler/FMLHANDSHAKE]: Starting new modded impl connection. Found 25 messages to dispatch.
[28Aug2026 04:22:30.104] [Server thread/DEBUG] [net.minecraftforge.network.HandshakeHandler/FMLHANDSHAKE]: Sending ticking packet info 'net.minecraftforge.network.HandshakeMessages$S2CModData' to 'fml:handshake' sequence 0
[28Aug2026 04:22:30.104] [Server thread/DEBUG] [net.minecraftforge.network.HandshakeHandler/FMLHANDSHAKE]: Sending ticking packet info 'net.minecraftforge.network.HandshakeMessages$S2CModList' to 'fml:handshake' sequence 1
[28Aug2026 04:22:30.104] [Server thread/DEBUG] [net.minecraftforge.network.HandshakeHandler/FMLHANDSHAKE]: Sending ticking packet info 'Registry minecraft:command_argument_type' to 'fml:handshake' sequence 2
[28Aug2026 04:22:30.104] [Server thread/DEBUG] [net.minecraftforge.network.HandshakeHandler/FMLHANDSHAKE]: Sending ticking packet info 'Registry minecraft:recipe_serializer' to 'fml:handshake' sequence 3
[28Aug2026 04:22:30.104] [Server thread/DEBUG] [net.minecraftforge.network.HandshakeHandler/FMLHANDSHAKE]: Sending ticking packet info 'Registry minecraft:sound_event' to 'fml:handshake' sequence 4
[28Aug2026 04:22:30.104] [Server thread/DEBUG] [net.minecraftforge.network.HandshakeHandler/FMLHANDSHAKE]: Sending ticking packet info 'Registry minecraft:particle_type' to 'fml:handshake' sequence 5
[28Aug2026 04:22:30.104] [Server thread/DEBUG] [net.minecraftforge.network.HandshakeHandler/FMLHANDSHAKE]: Sending ticking packet info 'Registry minecraft:villager_profession' to 'fml:handshake' sequence 6
[28Aug2026 04:22:30.104] [Server thread/DEBUG] [net.minecraftforge.network.HandshakeHandler/FMLHANDSHAKE]: Sending ticking packet info 'Registry minecraft:item' to 'fml:handshake' sequence 7
[28Aug2026 04:22:30.104] [Server thread/DEBUG] [net.minecraftforge.network.HandshakeHandler/FMLHANDSHAKE]: Sending ticking packet info 'Registry minecraft:potion' to 'fml:handshake' sequence 8
[28Aug2026 04:22:30.104] [Server thread/DEBUG] [net.minecraftforge.network.HandshakeHandler/FMLHANDSHAKE]: Sending ticking packet info 'Registry minecraft:painting_variant' to 'fml:handshake' sequence 9
[28Aug2026 04:22:30.104] [Server thread/DEBUG] [net.minecraftforge.network.HandshakeHandler/FMLHANDSHAKE]: Sending ticking packet info 'Registry forge:fluid_type' to 'fml:handshake' sequence 10
[28Aug2026 04:22:30.104] [Server thread/DEBUG] [net.minecraftforge.network.HandshakeHandler/FMLHANDSHAKE]: Sending ticking packet info 'Registry minecraft:block_entity_type' to 'fml:handshake' sequence 11
[28Aug2026 04:22:30.104] [Server thread/DEBUG] [net.minecraftforge.network.HandshakeHandler/FMLHANDSHAKE]: Sending ticking packet info 'Registry forge:display_contexts' to 'fml:handshake' sequence 12
[28Aug2026 04:22:30.104] [Server thread/DEBUG] [net.minecraftforge.network.HandshakeHandler/FMLHANDSHAKE]: Sending ticking packet info 'Registry minecraft:block' to 'fml:handshake' sequence 13
[28Aug2026 04:22:30.104] [Server thread/DEBUG] [net.minecraftforge.network.HandshakeHandler/FMLHANDSHAKE]: Sending ticking packet info 'Registry forge:entity_data_serializers' to 'fml:handshake' sequence 14
[28Aug2026 04:22:30.104] [Server thread/DEBUG] [net.minecraftforge.network.HandshakeHandler/FMLHANDSHAKE]: Sending ticking packet info 'Registry minecraft:mob_effect' to 'fml:handshake' sequence 15
[28Aug2026 04:22:30.104] [Server thread/DEBUG] [net.minecraftforge.network.HandshakeHandler/FMLHANDSHAKE]: Sending ticking packet info 'Registry minecraft:stat_type' to 'fml:handshake' sequence 16
[28Aug2026 04:22:30.104] [Server thread/DEBUG] [net.minecraftforge.network.HandshakeHandler/FMLHANDSHAKE]: Sending ticking packet info 'Registry minecraft:menu' to 'fml:handshake' sequence 17
[28Aug2026 04:22:30.104] [Server thread/DEBUG] [net.minecraftforge.network.HandshakeHandler/FMLHANDSHAKE]: Sending ticking packet info 'Registry minecraft:enchantment' to 'fml:handshake' sequence 18
[28Aug2026 04:22:30.104] [Server thread/DEBUG] [net.minecraftforge.network.HandshakeHandler/FMLHANDSHAKE]: Sending ticking packet info 'Registry minecraft:fluid' to 'fml:handshake' sequence 19
[28Aug2026 04:22:30.105] [Server thread/DEBUG] [net.minecraftforge.network.HandshakeHandler/FMLHANDSHAKE]: Sending ticking packet info 'Registry minecraft:entity_type' to 'fml:handshake' sequence 20
[28Aug2026 04:22:30.105] [Server thread/DEBUG] [net.minecraftforge.network.HandshakeHandler/FMLHANDSHAKE]: Sending ticking packet info 'Config curios-server.toml' to 'fml:handshake' sequence 21
[28Aug2026 04:22:30.105] [Server thread/DEBUG] [net.minecraftforge.network.HandshakeHandler/FMLHANDSHAKE]: Sending ticking packet info 'Config journeymap-server.toml' to 'fml:handshake' sequence 22
[28Aug2026 04:22:30.105] [Server thread/DEBUG] [net.minecraftforge.network.HandshakeHandler/FMLHANDSHAKE]: Sending ticking packet info 'Config jei-server.toml' to 'fml:handshake' sequence 23
[28Aug2026 04:22:30.105] [Server thread/DEBUG] [net.minecraftforge.network.HandshakeHandler/FMLHANDSHAKE]: Sending ticking packet info 'Config forge-server.toml' to 'fml:handshake' sequence 24
[28Aug2026 04:22:30.253] [Netty Epoll Server IO #6/DEBUG] [net.minecraftforge.network.LoginWrapper/FMLHANDSHAKE]: Recieved login wrapper packet event for channel fml:handshake with index 1
[28Aug2026 04:22:30.254] [Netty Epoll Server IO #6/DEBUG] [net.minecraftforge.network.HandshakeHandler/FMLHANDSHAKE]: Received client indexed reply 1 of type net.minecraftforge.network.HandshakeMessages$C2SModListReply
[28Aug2026 04:22:30.254] [Netty Epoll Server IO #6/DEBUG] [net.minecraftforge.network.HandshakeHandler/FMLHANDSHAKE]: Received client connection with modlist [minecraft, betterdungeons, terrablender, ambientsounds, jade, geckolib, creativecore, jei, commonnetworking, lionfishapi, trender, cataclysm, curios, journeymap, trulydark, modernfix, citadel, alexscaves, alexsmobs, horror_element_mod, yungsapi, entityculling, glitchcore, biomesoplenty, immediatelyfast, starlight, cfm, ferritecore, embeddium_extra, iceandfire, transition, framework, cloth_config, sound_physics_remastered, forge, tlskincape, journeymap_api, embeddium, rubidium, presencefootsteps]
[28Aug2026 04:22:30.254] [Netty Epoll Server IO #6/DEBUG] [net.minecraftforge.network.NetworkRegistry/NETREGISTRY]: Channel 'alexscaves:main_channel' : Version test of '1' from client : ACCEPTED
[28Aug2026 04:22:30.255] [Netty Epoll Server IO #6/DEBUG] [net.minecraftforge.network.NetworkRegistry/NETREGISTRY]: Channel 'jei:channel' : Version test of '1.0.0' from client : ACCEPTED
[28Aug2026 04:22:30.255] [Netty Epoll Server IO #6/DEBUG] [net.minecraftforge.network.NetworkRegistry/NETREGISTRY]: Channel 'minecraft:unregister' : Version test of 'FML3' from client : ACCEPTED
[28Aug2026 04:22:30.255] [Netty Epoll Server IO #6/DEBUG] [net.minecraftforge.network.NetworkRegistry/NETREGISTRY]: Channel 'cfm:network' : Version test of '1' from client : ACCEPTED
[28Aug2026 04:22:30.255] [Netty Epoll Server IO #6/DEBUG] [net.minecraftforge.network.NetworkRegistry/NETREGISTRY]: Channel 'journeymap:waypoint_notification' : Version test of '1' from client : ACCEPTED
[28Aug2026 04:22:30.255] [Netty Epoll Server IO #6/DEBUG] [net.minecraftforge.network.NetworkRegistry/NETREGISTRY]: Channel 'journeymap:remove_player' : Version test of '1' from client : ACCEPTED
[28Aug2026 04:22:30.255] [Netty Epoll Server IO #6/DEBUG] [net.minecraftforge.network.NetworkRegistry/NETREGISTRY]: Channel 'journeymap:version' : Version test of '1' from client : ACCEPTED
[28Aug2026 04:22:30.255] [Netty Epoll Server IO #6/DEBUG] [net.minecraftforge.network.NetworkRegistry/NETREGISTRY]: Channel 'framework:play' : Version test of '1' from client : ACCEPTED
[28Aug2026 04:22:30.255] [Netty Epoll Server IO #6/DEBUG] [net.minecraftforge.network.NetworkRegistry/NETREGISTRY]: Channel 'journeymap:waypoint_scope_resp' : Version test of '1' from client : ACCEPTED
[28Aug2026 04:22:30.255] [Netty Epoll Server IO #6/DEBUG] [net.minecraftforge.network.NetworkRegistry/NETREGISTRY]: Channel 'journeymap:overlay_clear' : Version test of '1' from client : ACCEPTED
[28Aug2026 04:22:30.255] [Netty Epoll Server IO #6/DEBUG] [net.minecraftforge.network.NetworkRegistry/NETREGISTRY]: Channel 'journeymap:admin_req' : Version test of '1' from client : ACCEPTED
[28Aug2026 04:22:30.255] [Netty Epoll Server IO #6/DEBUG] [net.minecraftforge.network.NetworkRegistry/NETREGISTRY]: Channel 'cataclysm:main_channel' : Version test of '1' from client : ACCEPTED
[28Aug2026 04:22:30.255] [Netty Epoll Server IO #6/DEBUG] [net.minecraftforge.network.NetworkRegistry/NETREGISTRY]: Channel 'journeymap:waypoint' : Version test of '1' from client : ACCEPTED
[28Aug2026 04:22:30.255] [Netty Epoll Server IO #6/DEBUG] [net.minecraftforge.network.NetworkRegistry/NETREGISTRY]: Channel 'lionfishapi:main_channel' : Version test of '1' from client : ACCEPTED
[28Aug2026 04:22:30.255] [Netty Epoll Server IO #6/DEBUG] [net.minecraftforge.network.NetworkRegistry/NETREGISTRY]: Channel 'journeymap:waypoint_settings_resp' : Version test of '1' from client : ACCEPTED
[28Aug2026 04:22:30.255] [Netty Epoll Server IO #6/DEBUG] [net.minecraftforge.network.NetworkRegistry/NETREGISTRY]: Channel 'forge:tier_sorting' : Version test of '1.0' from client : ACCEPTED
[28Aug2026 04:22:30.255] [Netty Epoll Server IO #6/DEBUG] [net.minecraftforge.network.NetworkRegistry/NETREGISTRY]: Channel 'alexsmobs:main_channel' : Version test of '1' from client : ACCEPTED
[28Aug2026 04:22:30.255] [Netty Epoll Server IO #6/DEBUG] [net.minecraftforge.network.NetworkRegistry/NETREGISTRY]: Channel 'journeymap:waypoint_settings_update' : Version test of '1' from client : ACCEPTED
[28Aug2026 04:22:30.255] [Netty Epoll Server IO #6/DEBUG] [net.minecraftforge.network.NetworkRegistry/NETREGISTRY]: Channel 'fml:play' : Version test of 'FML3' from client : ACCEPTED
[28Aug2026 04:22:30.255] [Netty Epoll Server IO #6/DEBUG] [net.minecraftforge.network.NetworkRegistry/NETREGISTRY]: Channel 'creativecore:main' : Version test of '1' from client : ACCEPTED
[28Aug2026 04:22:30.255] [Netty Epoll Server IO #6/DEBUG] [net.minecraftforge.network.NetworkRegistry/NETREGISTRY]: Channel 'journeymap:waypoint_scope_req' : Version test of '1' from client : ACCEPTED
[28Aug2026 04:22:30.255] [Netty Epoll Server IO #6/DEBUG] [net.minecraftforge.network.NetworkRegistry/NETREGISTRY]: Channel 'journeymap:teleport_req' : Version test of '1' from client : ACCEPTED
[28Aug2026 04:22:30.255] [Netty Epoll Server IO #6/DEBUG] [net.minecraftforge.network.NetworkRegistry/NETREGISTRY]: Channel 'journeymap:overlay_show' : Version test of '1' from client : ACCEPTED
[28Aug2026 04:22:30.255] [Netty Epoll Server IO #6/DEBUG] [net.minecraftforge.network.NetworkRegistry/NETREGISTRY]: Channel 'modernfix:ingredient_sync' : Version test of '1' from client : ACCEPTED
[28Aug2026 04:22:30.255] [Netty Epoll Server IO #6/DEBUG] [net.minecraftforge.network.NetworkRegistry/NETREGISTRY]: Channel 'journeymap:common' : Version test of '1' from client : ACCEPTED
[28Aug2026 04:22:30.255] [Netty Epoll Server IO #6/DEBUG] [net.minecraftforge.network.NetworkRegistry/NETREGISTRY]: Channel 'minecraft:register' : Version test of 'FML3' from client : ACCEPTED
[28Aug2026 04:22:30.255] [Netty Epoll Server IO #6/DEBUG] [net.minecraftforge.network.NetworkRegistry/NETREGISTRY]: Channel 'geckolib:main' : Version test of '1' from client : ACCEPTED
[28Aug2026 04:22:30.255] [Netty Epoll Server IO #6/DEBUG] [net.minecraftforge.network.NetworkRegistry/NETREGISTRY]: Channel 'journeymap:waypoint_crud_req' : Version test of '1' from client : ACCEPTED
[28Aug2026 04:22:30.255] [Netty Epoll Server IO #6/DEBUG] [net.minecraftforge.network.NetworkRegistry/NETREGISTRY]: Channel 'citadel:main_channel' : Version test of '1' from client : ACCEPTED
[28Aug2026 04:22:30.255] [Netty Epoll Server IO #6/DEBUG] [net.minecraftforge.network.NetworkRegistry/NETREGISTRY]: Channel 'iceandfire:main_channel' : Version test of '1' from client : ACCEPTED
[28Aug2026 04:22:30.255] [Netty Epoll Server IO #6/DEBUG] [net.minecraftforge.network.NetworkRegistry/NETREGISTRY]: Channel 'modernfix:main' : Version test of '1' from client : ACCEPTED
[28Aug2026 04:22:30.255] [Netty Epoll Server IO #6/DEBUG] [net.minecraftforge.network.NetworkRegistry/NETREGISTRY]: Channel 'journeymap:waypoint_crud_resp' : Version test of '1' from client : ACCEPTED
[28Aug2026 04:22:30.256] [Netty Epoll Server IO #6/DEBUG] [net.minecraftforge.network.NetworkRegistry/NETREGISTRY]: Channel 'curios:main' : Version test of '1' from client : ACCEPTED
[28Aug2026 04:22:30.256] [Netty Epoll Server IO #6/DEBUG] [net.minecraftforge.network.NetworkRegistry/NETREGISTRY]: Channel 'worldinfo:world_id' : Version test of '1' from client : ACCEPTED
[28Aug2026 04:22:30.256] [Netty Epoll Server IO #6/DEBUG] [net.minecraftforge.network.NetworkRegistry/NETREGISTRY]: Channel 'journeymap:waypoint_share_op' : Version test of '1' from client : ACCEPTED
[28Aug2026 04:22:30.256] [Netty Epoll Server IO #6/DEBUG] [net.minecraftforge.network.NetworkRegistry/NETREGISTRY]: Channel 'journeymap:global_wp_visibility' : Version test of '1' from client : ACCEPTED
[28Aug2026 04:22:30.256] [Netty Epoll Server IO #6/DEBUG] [net.minecraftforge.network.NetworkRegistry/NETREGISTRY]: Channel 'journeymap:mp_options_req' : Version test of '1' from client : ACCEPTED
[28Aug2026 04:22:30.256] [Netty Epoll Server IO #6/DEBUG] [net.minecraftforge.network.NetworkRegistry/NETREGISTRY]: Channel 'framework:handshake' : Version test of '1' from client : ACCEPTED
[28Aug2026 04:22:30.256] [Netty Epoll Server IO #6/DEBUG] [net.minecraftforge.network.NetworkRegistry/NETREGISTRY]: Channel 'horror_element_mod:horror_element_mod' : Version test of '1' from client : ACCEPTED
[28Aug2026 04:22:30.256] [Netty Epoll Server IO #6/DEBUG] [net.minecraftforge.network.NetworkRegistry/NETREGISTRY]: Channel 'fml:loginwrapper' : Version test of 'FML3' from client : ACCEPTED
[28Aug2026 04:22:30.256] [Netty Epoll Server IO #6/DEBUG] [net.minecraftforge.network.NetworkRegistry/NETREGISTRY]: Channel 'journeymap:waypoint_share_targets_resp' : Version test of '1' from client : ACCEPTED
[28Aug2026 04:22:30.256] [Netty Epoll Server IO #6/DEBUG] [net.minecraftforge.network.NetworkRegistry/NETREGISTRY]: Channel 'journeymap:waypoint_query' : Version test of '1' from client : ACCEPTED
[28Aug2026 04:22:30.256] [Netty Epoll Server IO #6/DEBUG] [net.minecraftforge.network.NetworkRegistry/NETREGISTRY]: Channel 'journeymap:admin_save' : Version test of '1' from client : ACCEPTED
[28Aug2026 04:22:30.256] [Netty Epoll Server IO #6/DEBUG] [net.minecraftforge.network.NetworkRegistry/NETREGISTRY]: Channel 'journeymap:player_loc' : Version test of '1' from client : ACCEPTED
[28Aug2026 04:22:30.256] [Netty Epoll Server IO #6/DEBUG] [net.minecraftforge.network.NetworkRegistry/NETREGISTRY]: Channel 'fml:handshake' : Version test of 'FML3' from client : ACCEPTED
[28Aug2026 04:22:30.256] [Netty Epoll Server IO #6/DEBUG] [net.minecraftforge.network.NetworkRegistry/NETREGISTRY]: Channel 'journeymap:waypoint_scopes' : Version test of '1' from client : ACCEPTED
[28Aug2026 04:22:30.256] [Netty Epoll Server IO #6/DEBUG] [net.minecraftforge.network.NetworkRegistry/NETREGISTRY]: Channel 'journeymap:perm_req' : Version test of '1' from client : ACCEPTED
[28Aug2026 04:22:30.256] [Netty Epoll Server IO #6/DEBUG] [net.minecraftforge.network.NetworkRegistry/NETREGISTRY]: Channel 'forge:split' : Version test of '1.1' from client : ACCEPTED
[28Aug2026 04:22:30.256] [Netty Epoll Server IO #6/DEBUG] [net.minecraftforge.network.NetworkRegistry/NETREGISTRY]: Channel 'journeymap:overlay_remove' : Version test of '1' from client : ACCEPTED
[28Aug2026 04:22:30.256] [Netty Epoll Server IO #6/DEBUG] [net.minecraftforge.network.NetworkRegistry/NETREGISTRY]: Channel 'jade:networking' : Version test of '2' from client : ACCEPTED
[28Aug2026 04:22:30.256] [Netty Epoll Server IO #6/DEBUG] [net.minecraftforge.network.NetworkRegistry/NETREGISTRY]: Channel 'journeymap:waypoint_push' : Version test of '1' from client : ACCEPTED
[28Aug2026 04:22:30.256] [Netty Epoll Server IO #6/DEBUG] [net.minecraftforge.network.NetworkRegistry/NETREGISTRY]: Accepting channel list from client
[28Aug2026 04:22:30.256] [Netty Epoll Server IO #6/DEBUG] [net.minecraftforge.network.HandshakeHandler/FMLHANDSHAKE]: Accepted client connection mod list
[28Aug2026 04:22:30.256] [Netty Epoll Server IO #6/DEBUG] [net.minecraftforge.network.LoginWrapper/FMLHANDSHAKE]: Recieved login wrapper packet event for channel fml:handshake with index 2
[28Aug2026 04:22:30.256] [Netty Epoll Server IO #6/DEBUG] [net.minecraftforge.network.HandshakeHandler/FMLHANDSHAKE]: Received client indexed reply 2 of type net.minecraftforge.network.HandshakeMessages$C2SAcknowledge
[28Aug2026 04:22:30.256] [Netty Epoll Server IO #6/DEBUG] [net.minecraftforge.network.HandshakeHandler/FMLHANDSHAKE]: Received acknowledgement from client
[28Aug2026 04:22:30.256] [Netty Epoll Server IO #6/DEBUG] [net.minecraftforge.network.LoginWrapper/FMLHANDSHAKE]: Recieved login wrapper packet event for channel fml:handshake with index 3
[28Aug2026 04:22:30.256] [Netty Epoll Server IO #6/DEBUG] [net.minecraftforge.network.HandshakeHandler/FMLHANDSHAKE]: Received client indexed reply 3 of type net.minecraftforge.network.HandshakeMessages$C2SAcknowledge
[28Aug2026 04:22:30.256] [Netty Epoll Server IO #6/DEBUG] [net.minecraftforge.network.HandshakeHandler/FMLHANDSHAKE]: Received acknowledgement from client
[28Aug2026 04:22:30.573] [Netty Epoll Server IO #6/DEBUG] [net.minecraftforge.network.LoginWrapper/FMLHANDSHAKE]: Recieved login wrapper packet event for channel fml:handshake with index 4
[28Aug2026 04:22:30.574] [Netty Epoll Server IO #6/DEBUG] [net.minecraftforge.network.HandshakeHandler/FMLHANDSHAKE]: Received client indexed reply 4 of type net.minecraftforge.network.HandshakeMessages$C2SAcknowledge
[28Aug2026 04:22:30.574] [Netty Epoll Server IO #6/DEBUG] [net.minecraftforge.network.HandshakeHandler/FMLHANDSHAKE]: Received acknowledgement from client
[28Aug2026 04:22:30.575] [Netty Epoll Server IO #6/DEBUG] [net.minecraftforge.network.LoginWrapper/FMLHANDSHAKE]: Recieved login wrapper packet event for channel fml:handshake with index 5
[28Aug2026 04:22:30.575] [Netty Epoll Server IO #6/DEBUG] [net.minecraftforge.network.HandshakeHandler/FMLHANDSHAKE]: Received client indexed reply 5 of type net.minecraftforge.network.HandshakeMessages$C2SAcknowledge
[28Aug2026 04:22:30.575] [Netty Epoll Server IO #6/DEBUG] [net.minecraftforge.network.HandshakeHandler/FMLHANDSHAKE]: Received acknowledgement from client
[28Aug2026 04:22:30.575] [Netty Epoll Server IO #6/DEBUG] [net.minecraftforge.network.LoginWrapper/FMLHANDSHAKE]: Recieved login wrapper packet event for channel fml:handshake with index 6
[28Aug2026 04:22:30.575] [Netty Epoll Server IO #6/DEBUG] [net.minecraftforge.network.HandshakeHandler/FMLHANDSHAKE]: Received client indexed reply 6 of type net.minecraftforge.network.HandshakeMessages$C2SAcknowledge
[28Aug2026 04:22:30.575] [Netty Epoll Server IO #6/DEBUG] [net.minecraftforge.network.HandshakeHandler/FMLHANDSHAKE]: Received acknowledgement from client
[28Aug2026 04:22:30.737] [Netty Epoll Server IO #6/DEBUG] [net.minecraftforge.network.LoginWrapper/FMLHANDSHAKE]: Recieved login wrapper packet event for channel fml:handshake with index 7
[28Aug2026 04:22:30.738] [Netty Epoll Server IO #6/DEBUG] [net.minecraftforge.network.HandshakeHandler/FMLHANDSHAKE]: Received client indexed reply 7 of type net.minecraftforge.network.HandshakeMessages$C2SAcknowledge
[28Aug2026 04:22:30.738] [Netty Epoll Server IO #6/DEBUG] [net.minecraftforge.network.HandshakeHandler/FMLHANDSHAKE]: Received acknowledgement from client
[28Aug2026 04:22:30.738] [Netty Epoll Server IO #6/DEBUG] [net.minecraftforge.network.LoginWrapper/FMLHANDSHAKE]: Recieved login wrapper packet event for channel fml:handshake with index 8
[28Aug2026 04:22:30.738] [Netty Epoll Server IO #6/DEBUG] [net.minecraftforge.network.HandshakeHandler/FMLHANDSHAKE]: Received client indexed reply 8 of type net.minecraftforge.network.HandshakeMessages$C2SAcknowledge
[28Aug2026 04:22:30.738] [Netty Epoll Server IO #6/DEBUG] [net.minecraftforge.network.HandshakeHandler/FMLHANDSHAKE]: Received acknowledgement from client
[28Aug2026 04:22:30.738] [Netty Epoll Server IO #6/DEBUG] [net.minecraftforge.network.LoginWrapper/FMLHANDSHAKE]: Recieved login wrapper packet event for channel fml:handshake with index 9
[28Aug2026 04:22:30.738] [Netty Epoll Server IO #6/DEBUG] [net.minecraftforge.network.HandshakeHandler/FMLHANDSHAKE]: Received client indexed reply 9 of type net.minecraftforge.network.HandshakeMessages$C2SAcknowledge
[28Aug2026 04:22:30.738] [Netty Epoll Server IO #6/DEBUG] [net.minecraftforge.network.HandshakeHandler/FMLHANDSHAKE]: Received acknowledgement from client
[28Aug2026 04:22:30.738] [Netty Epoll Server IO #6/DEBUG] [net.minecraftforge.network.LoginWrapper/FMLHANDSHAKE]: Recieved login wrapper packet event for channel fml:handshake with index 10
[28Aug2026 04:22:30.738] [Netty Epoll Server IO #6/DEBUG] [net.minecraftforge.network.HandshakeHandler/FMLHANDSHAKE]: Received client indexed reply 10 of type net.minecraftforge.network.HandshakeMessages$C2SAcknowledge
[28Aug2026 04:22:30.738] [Netty Epoll Server IO #6/DEBUG] [net.minecraftforge.network.HandshakeHandler/FMLHANDSHAKE]: Received acknowledgement from client
[28Aug2026 04:22:30.738] [Netty Epoll Server IO #6/DEBUG] [net.minecraftforge.network.LoginWrapper/FMLHANDSHAKE]: Recieved login wrapper packet event for channel fml:handshake with index 11
[28Aug2026 04:22:30.738] [Netty Epoll Server IO #6/DEBUG] [net.minecraftforge.network.HandshakeHandler/FMLHANDSHAKE]: Received client indexed reply 11 of type net.minecraftforge.network.HandshakeMessages$C2SAcknowledge
[28Aug2026 04:22:30.738] [Netty Epoll Server IO #6/DEBUG] [net.minecraftforge.network.HandshakeHandler/FMLHANDSHAKE]: Received acknowledgement from client
[28Aug2026 04:22:30.738] [Netty Epoll Server IO #6/DEBUG] [net.minecraftforge.network.LoginWrapper/FMLHANDSHAKE]: Recieved login wrapper packet event for channel fml:handshake with index 12
[28Aug2026 04:22:30.738] [Netty Epoll Server IO #6/DEBUG] [net.minecraftforge.network.HandshakeHandler/FMLHANDSHAKE]: Received client indexed reply 12 of type net.minecraftforge.network.HandshakeMessages$C2SAcknowledge
[28Aug2026 04:22:30.738] [Netty Epoll Server IO #6/DEBUG] [net.minecraftforge.network.HandshakeHandler/FMLHANDSHAKE]: Received acknowledgement from client
[28Aug2026 04:22:30.876] [Netty Epoll Server IO #6/DEBUG] [net.minecraftforge.network.LoginWrapper/FMLHANDSHAKE]: Recieved login wrapper packet event for channel fml:handshake with index 13
[28Aug2026 04:22:30.876] [Netty Epoll Server IO #6/DEBUG] [net.minecraftforge.network.HandshakeHandler/FMLHANDSHAKE]: Received client indexed reply 13 of type net.minecraftforge.network.HandshakeMessages$C2SAcknowledge
[28Aug2026 04:22:30.877] [Netty Epoll Server IO #6/DEBUG] [net.minecraftforge.network.HandshakeHandler/FMLHANDSHAKE]: Received acknowledgement from client
[28Aug2026 04:22:30.877] [Netty Epoll Server IO #6/DEBUG] [net.minecraftforge.network.LoginWrapper/FMLHANDSHAKE]: Recieved login wrapper packet event for channel fml:handshake with index 14
[28Aug2026 04:22:30.877] [Netty Epoll Server IO #6/DEBUG] [net.minecraftforge.network.HandshakeHandler/FMLHANDSHAKE]: Received client indexed reply 14 of type net.minecraftforge.network.HandshakeMessages$C2SAcknowledge
[28Aug2026 04:22:30.877] [Netty Epoll Server IO #6/DEBUG] [net.minecraftforge.network.HandshakeHandler/FMLHANDSHAKE]: Received acknowledgement from client
[28Aug2026 04:22:30.877] [Netty Epoll Server IO #6/DEBUG] [net.minecraftforge.network.LoginWrapper/FMLHANDSHAKE]: Recieved login wrapper packet event for channel fml:handshake with index 15
[28Aug2026 04:22:30.877] [Netty Epoll Server IO #6/DEBUG] [net.minecraftforge.network.HandshakeHandler/FMLHANDSHAKE]: Received client indexed reply 15 of type net.minecraftforge.network.HandshakeMessages$C2SAcknowledge
[28Aug2026 04:22:30.877] [Netty Epoll Server IO #6/DEBUG] [net.minecraftforge.network.HandshakeHandler/FMLHANDSHAKE]: Received acknowledgement from client
[28Aug2026 04:22:30.877] [Netty Epoll Server IO #6/DEBUG] [net.minecraftforge.network.LoginWrapper/FMLHANDSHAKE]: Recieved login wrapper packet event for channel fml:handshake with index 16
[28Aug2026 04:22:30.877] [Netty Epoll Server IO #6/DEBUG] [net.minecraftforge.network.HandshakeHandler/FMLHANDSHAKE]: Received client indexed reply 16 of type net.minecraftforge.network.HandshakeMessages$C2SAcknowledge
[28Aug2026 04:22:30.877] [Netty Epoll Server IO #6/DEBUG] [net.minecraftforge.network.HandshakeHandler/FMLHANDSHAKE]: Received acknowledgement from client
[28Aug2026 04:22:30.877] [Netty Epoll Server IO #6/DEBUG] [net.minecraftforge.network.LoginWrapper/FMLHANDSHAKE]: Recieved login wrapper packet event for channel fml:handshake with index 17
[28Aug2026 04:22:30.877] [Netty Epoll Server IO #6/DEBUG] [net.minecraftforge.network.HandshakeHandler/FMLHANDSHAKE]: Received client indexed reply 17 of type net.minecraftforge.network.HandshakeMessages$C2SAcknowledge
[28Aug2026 04:22:30.877] [Netty Epoll Server IO #6/DEBUG] [net.minecraftforge.network.HandshakeHandler/FMLHANDSHAKE]: Received acknowledgement from client
[28Aug2026 04:22:30.878] [Netty Epoll Server IO #6/DEBUG] [net.minecraftforge.network.LoginWrapper/FMLHANDSHAKE]: Recieved login wrapper packet event for channel fml:handshake with index 18
[28Aug2026 04:22:30.878] [Netty Epoll Server IO #6/DEBUG] [net.minecraftforge.network.HandshakeHandler/FMLHANDSHAKE]: Received client indexed reply 18 of type net.minecraftforge.network.HandshakeMessages$C2SAcknowledge
[28Aug2026 04:22:30.878] [Netty Epoll Server IO #6/DEBUG] [net.minecraftforge.network.HandshakeHandler/FMLHANDSHAKE]: Received acknowledgement from client
[28Aug2026 04:22:30.878] [Netty Epoll Server IO #6/DEBUG] [net.minecraftforge.network.LoginWrapper/FMLHANDSHAKE]: Recieved login wrapper packet event for channel fml:handshake with index 19
[28Aug2026 04:22:30.878] [Netty Epoll Server IO #6/DEBUG] [net.minecraftforge.network.HandshakeHandler/FMLHANDSHAKE]: Received client indexed reply 19 of type net.minecraftforge.network.HandshakeMessages$C2SAcknowledge
[28Aug2026 04:22:30.878] [Netty Epoll Server IO #6/DEBUG] [net.minecraftforge.network.HandshakeHandler/FMLHANDSHAKE]: Received acknowledgement from client
[28Aug2026 04:22:31.117] [Netty Epoll Server IO #6/DEBUG] [net.minecraftforge.network.LoginWrapper/FMLHANDSHAKE]: Recieved login wrapper packet event for channel fml:handshake with index 20
[28Aug2026 04:22:31.117] [Netty Epoll Server IO #6/DEBUG] [net.minecraftforge.network.HandshakeHandler/FMLHANDSHAKE]: Received client indexed reply 20 of type net.minecraftforge.network.HandshakeMessages$C2SAcknowledge
[28Aug2026 04:22:31.117] [Netty Epoll Server IO #6/DEBUG] [net.minecraftforge.network.HandshakeHandler/FMLHANDSHAKE]: Received acknowledgement from client
[28Aug2026 04:22:31.185] [Netty Epoll Server IO #6/DEBUG] [net.minecraftforge.network.LoginWrapper/FMLHANDSHAKE]: Recieved login wrapper packet event for channel fml:handshake with index 21
[28Aug2026 04:22:31.186] [Netty Epoll Server IO #6/DEBUG] [net.minecraftforge.network.HandshakeHandler/FMLHANDSHAKE]: Received client indexed reply 21 of type net.minecraftforge.network.HandshakeMessages$C2SAcknowledge
[28Aug2026 04:22:31.186] [Netty Epoll Server IO #6/DEBUG] [net.minecraftforge.network.HandshakeHandler/FMLHANDSHAKE]: Received acknowledgement from client
[28Aug2026 04:22:31.186] [Netty Epoll Server IO #6/DEBUG] [net.minecraftforge.network.LoginWrapper/FMLHANDSHAKE]: Recieved login wrapper packet event for channel fml:handshake with index 22
[28Aug2026 04:22:31.186] [Netty Epoll Server IO #6/DEBUG] [net.minecraftforge.network.HandshakeHandler/FMLHANDSHAKE]: Received client indexed reply 22 of type net.minecraftforge.network.HandshakeMessages$C2SAcknowledge
[28Aug2026 04:22:31.186] [Netty Epoll Server IO #6/DEBUG] [net.minecraftforge.network.HandshakeHandler/FMLHANDSHAKE]: Received acknowledgement from client
[28Aug2026 04:22:31.186] [Netty Epoll Server IO #6/DEBUG] [net.minecraftforge.network.LoginWrapper/FMLHANDSHAKE]: Recieved login wrapper packet event for channel fml:handshake with index 23
[28Aug2026 04:22:31.186] [Netty Epoll Server IO #6/DEBUG] [net.minecraftforge.network.HandshakeHandler/FMLHANDSHAKE]: Received client indexed reply 23 of type net.minecraftforge.network.HandshakeMessages$C2SAcknowledge
[28Aug2026 04:22:31.186] [Netty Epoll Server IO #6/DEBUG] [net.minecraftforge.network.HandshakeHandler/FMLHANDSHAKE]: Received acknowledgement from client
[28Aug2026 04:22:31.187] [Netty Epoll Server IO #6/DEBUG] [net.minecraftforge.network.LoginWrapper/FMLHANDSHAKE]: Recieved login wrapper packet event for channel fml:handshake with index 24
[28Aug2026 04:22:31.187] [Netty Epoll Server IO #6/DEBUG] [net.minecraftforge.network.HandshakeHandler/FMLHANDSHAKE]: Received client indexed reply 24 of type net.minecraftforge.network.HandshakeMessages$C2SAcknowledge
[28Aug2026 04:22:31.187] [Netty Epoll Server IO #6/DEBUG] [net.minecraftforge.network.HandshakeHandler/FMLHANDSHAKE]: Received acknowledgement from client
[28Aug2026 04:22:31.204] [Server thread/DEBUG] [net.minecraftforge.network.HandshakeHandler/FMLHANDSHAKE]: Handshake complete!
[28Aug2026 04:22:31.267] [Server thread/INFO] [net.minecraft.server.players.PlayerList/]: Jr_dark[/10.13.238.142:57776] logged in with entity id 49970 at (-4234.547276523519, 65.0, -892.4998120363258)
[28Aug2026 04:22:31.267] [Server thread/DEBUG] [net.minecraftforge.network.filters.NetworkFilters/]: Injected net.minecraftforge.network.filters.ForgeConnectionNetworkFilter@49acba0e into net.minecraft.network.Connection@184e27c1
[28Aug2026 04:22:31.272] [Server thread/INFO] [ModernFix/]: Using enhanced recipe sync for player Jr_dark
[28Aug2026 04:22:31.278] [Server thread/INFO] [net.minecraft.server.MinecraftServer/]: Jr_dark joined the game
[28Aug2026 04:22:31.319] [Server thread/INFO] [Jade/]: Syncing config to Jr_dark (e4a447b7-80d3-39bc-aee9-7217339ad2d7)
[28Aug2026 04:23:43.656] [Server thread/WARN] [net.minecraft.server.MinecraftServer/]: Can't keep up! Is the server overloaded? Running 11866ms or 237 ticks behind
[28Aug2026 04:23:43.673] [Server thread/WARN] [net.minecraft.server.network.ServerGamePacketListenerImpl/]: Jr_dark moved too quickly! 8.26375286905386,0.9564643798524912,-5.859004096934086
[28Aug2026 04:23:43.687] [Server thread/WARN] [net.minecraft.server.network.ServerGamePacketListenerImpl/]: Uzielcrak77 moved too quickly! -3.251483507838202,-0.5800000131130219,-9.552855844263945
[28Aug2026 04:24:08.802] [Server thread/DEBUG] [net.minecraftforge.common.ForgeHooks/WP]: Gathering id map for writing to world save world
[28Aug2026 04:24:08.813] [Server thread/DEBUG] [net.minecraftforge.common.ForgeHooks/WP]: ID Map collection complete world
[28Aug2026 04:24:33.671] [Server thread/INFO] [net.minecraft.server.MinecraftServer/]: [Jr_dark: Set the time to 1000]
[28Aug2026 04:27:03.659] [Server thread/INFO] [net.minecraft.server.MinecraftServer/]: [Uzielcrak77: Set own game mode to Creative Mode]
[28Aug2026 04:27:36.759] [Server thread/INFO] [net.minecraft.server.MinecraftServer/]: Jr_dark has made the advancement [Draconic Evolution]
[28Aug2026 04:28:34.917] [Server thread/INFO] [net.minecraft.server.MinecraftServer/]: [Uzielcrak77: Set own game mode to Survival Mode]
[28Aug2026 04:28:45.071] [Server thread/WARN] [net.minecraft.server.network.ServerGamePacketListenerImpl/]: Jr_dark moved too quickly! 9.992538830514604,-0.49520087700592796,0.8859393505225626
[28Aug2026 04:28:54.603] [Server thread/WARN] [net.minecraft.server.network.ServerGamePacketListenerImpl/]: Jr_dark was kicked for floating too long!
[28Aug2026 04:28:54.654] [Server thread/INFO] [net.minecraft.server.network.ServerGamePacketListenerImpl/]: Jr_dark lost connection: Flying is not enabled on this server
[28Aug2026 04:28:54.654] [Server thread/INFO] [net.minecraft.server.MinecraftServer/]: Jr_dark left the game
[28Aug2026 04:29:08.794] [Server thread/DEBUG] [net.minecraftforge.common.ForgeHooks/WP]: Gathering id map for writing to world save world
[28Aug2026 04:29:08.805] [Server thread/DEBUG] [net.minecraftforge.common.ForgeHooks/WP]: ID Map collection complete world
[28Aug2026 04:29:15.150] [Netty Epoll Server IO #0/DEBUG] [net.minecraftforge.network.HandshakeHandler/FMLHANDSHAKE]: Starting new modded impl connection. Found 25 messages to dispatch.
[28Aug2026 04:29:15.155] [Server thread/DEBUG] [net.minecraftforge.network.HandshakeHandler/FMLHANDSHAKE]: Sending ticking packet info 'net.minecraftforge.network.HandshakeMessages$S2CModData' to 'fml:handshake' sequence 0
[28Aug2026 04:29:15.155] [Server thread/DEBUG] [net.minecraftforge.network.HandshakeHandler/FMLHANDSHAKE]: Sending ticking packet info 'net.minecraftforge.network.HandshakeMessages$S2CModList' to 'fml:handshake' sequence 1
[28Aug2026 04:29:15.155] [Server thread/DEBUG] [net.minecraftforge.network.HandshakeHandler/FMLHANDSHAKE]: Sending ticking packet info 'Registry minecraft:command_argument_type' to 'fml:handshake' sequence 2
[28Aug2026 04:29:15.155] [Server thread/DEBUG] [net.minecraftforge.network.HandshakeHandler/FMLHANDSHAKE]: Sending ticking packet info 'Registry minecraft:recipe_serializer' to 'fml:handshake' sequence 3
[28Aug2026 04:29:15.155] [Server thread/DEBUG] [net.minecraftforge.network.HandshakeHandler/FMLHANDSHAKE]: Sending ticking packet info 'Registry minecraft:sound_event' to 'fml:handshake' sequence 4
[28Aug2026 04:29:15.155] [Server thread/DEBUG] [net.minecraftforge.network.HandshakeHandler/FMLHANDSHAKE]: Sending ticking packet info 'Registry minecraft:particle_type' to 'fml:handshake' sequence 5
[28Aug2026 04:29:15.155] [Server thread/DEBUG] [net.minecraftforge.network.HandshakeHandler/FMLHANDSHAKE]: Sending ticking packet info 'Registry minecraft:villager_profession' to 'fml:handshake' sequence 6
[28Aug2026 04:29:15.155] [Server thread/DEBUG] [net.minecraftforge.network.HandshakeHandler/FMLHANDSHAKE]: Sending ticking packet info 'Registry minecraft:item' to 'fml:handshake' sequence 7
[28Aug2026 04:29:15.155] [Server thread/DEBUG] [net.minecraftforge.network.HandshakeHandler/FMLHANDSHAKE]: Sending ticking packet info 'Registry minecraft:potion' to 'fml:handshake' sequence 8
[28Aug2026 04:29:15.155] [Server thread/DEBUG] [net.minecraftforge.network.HandshakeHandler/FMLHANDSHAKE]: Sending ticking packet info 'Registry minecraft:painting_variant' to 'fml:handshake' sequence 9
[28Aug2026 04:29:15.155] [Server thread/DEBUG] [net.minecraftforge.network.HandshakeHandler/FMLHANDSHAKE]: Sending ticking packet info 'Registry forge:fluid_type' to 'fml:handshake' sequence 10
[28Aug2026 04:29:15.155] [Server thread/DEBUG] [net.minecraftforge.network.HandshakeHandler/FMLHANDSHAKE]: Sending ticking packet info 'Registry minecraft:block_entity_type' to 'fml:handshake' sequence 11
[28Aug2026 04:29:15.155] [Server thread/DEBUG] [net.minecraftforge.network.HandshakeHandler/FMLHANDSHAKE]: Sending ticking packet info 'Registry forge:display_contexts' to 'fml:handshake' sequence 12
[28Aug2026 04:29:15.155] [Server thread/DEBUG] [net.minecraftforge.network.HandshakeHandler/FMLHANDSHAKE]: Sending ticking packet info 'Registry minecraft:block' to 'fml:handshake' sequence 13
[28Aug2026 04:29:15.155] [Server thread/DEBUG] [net.minecraftforge.network.HandshakeHandler/FMLHANDSHAKE]: Sending ticking packet info 'Registry forge:entity_data_serializers' to 'fml:handshake' sequence 14
[28Aug2026 04:29:15.155] [Server thread/DEBUG] [net.minecraftforge.network.HandshakeHandler/FMLHANDSHAKE]: Sending ticking packet info 'Registry minecraft:mob_effect' to 'fml:handshake' sequence 15
[28Aug2026 04:29:15.155] [Server thread/DEBUG] [net.minecraftforge.network.HandshakeHandler/FMLHANDSHAKE]: Sending ticking packet info 'Registry minecraft:stat_type' to 'fml:handshake' sequence 16
[28Aug2026 04:29:15.155] [Server thread/DEBUG] [net.minecraftforge.network.HandshakeHandler/FMLHANDSHAKE]: Sending ticking packet info 'Registry minecraft:menu' to 'fml:handshake' sequence 17
[28Aug2026 04:29:15.156] [Server thread/DEBUG] [net.minecraftforge.network.HandshakeHandler/FMLHANDSHAKE]: Sending ticking packet info 'Registry minecraft:enchantment' to 'fml:handshake' sequence 18
[28Aug2026 04:29:15.156] [Server thread/DEBUG] [net.minecraftforge.network.HandshakeHandler/FMLHANDSHAKE]: Sending ticking packet info 'Registry minecraft:fluid' to 'fml:handshake' sequence 19
[28Aug2026 04:29:15.156] [Server thread/DEBUG] [net.minecraftforge.network.HandshakeHandler/FMLHANDSHAKE]: Sending ticking packet info 'Registry minecraft:entity_type' to 'fml:handshake' sequence 20
[28Aug2026 04:29:15.156] [Server thread/DEBUG] [net.minecraftforge.network.HandshakeHandler/FMLHANDSHAKE]: Sending ticking packet info 'Config curios-server.toml' to 'fml:handshake' sequence 21
[28Aug2026 04:29:15.156] [Server thread/DEBUG] [net.minecraftforge.network.HandshakeHandler/FMLHANDSHAKE]: Sending ticking packet info 'Config journeymap-server.toml' to 'fml:handshake' sequence 22
[28Aug2026 04:29:15.156] [Server thread/DEBUG] [net.minecraftforge.network.HandshakeHandler/FMLHANDSHAKE]: Sending ticking packet info 'Config jei-server.toml' to 'fml:handshake' sequence 23
[28Aug2026 04:29:15.156] [Server thread/DEBUG] [net.minecraftforge.network.HandshakeHandler/FMLHANDSHAKE]: Sending ticking packet info 'Config forge-server.toml' to 'fml:handshake' sequence 24
[28Aug2026 04:29:15.302] [Netty Epoll Server IO #0/DEBUG] [net.minecraftforge.network.LoginWrapper/FMLHANDSHAKE]: Recieved login wrapper packet event for channel fml:handshake with index 1
[28Aug2026 04:29:15.302] [Netty Epoll Server IO #0/DEBUG] [net.minecraftforge.network.HandshakeHandler/FMLHANDSHAKE]: Received client indexed reply 1 of type net.minecraftforge.network.HandshakeMessages$C2SModListReply
[28Aug2026 04:29:15.302] [Netty Epoll Server IO #0/DEBUG] [net.minecraftforge.network.HandshakeHandler/FMLHANDSHAKE]: Received client connection with modlist [minecraft, betterdungeons, terrablender, ambientsounds, jade, geckolib, creativecore, jei, commonnetworking, lionfishapi, trender, cataclysm, curios, journeymap, trulydark, modernfix, citadel, alexscaves, alexsmobs, horror_element_mod, yungsapi, entityculling, glitchcore, biomesoplenty, immediatelyfast, starlight, cfm, ferritecore, embeddium_extra, iceandfire, transition, framework, cloth_config, sound_physics_remastered, forge, tlskincape, journeymap_api, embeddium, rubidium, presencefootsteps]
[28Aug2026 04:29:15.302] [Netty Epoll Server IO #0/DEBUG] [net.minecraftforge.network.NetworkRegistry/NETREGISTRY]: Channel 'alexscaves:main_channel' : Version test of '1' from client : ACCEPTED
[28Aug2026 04:29:15.303] [Netty Epoll Server IO #0/DEBUG] [net.minecraftforge.network.NetworkRegistry/NETREGISTRY]: Channel 'jei:channel' : Version test of '1.0.0' from client : ACCEPTED
[28Aug2026 04:29:15.303] [Netty Epoll Server IO #0/DEBUG] [net.minecraftforge.network.NetworkRegistry/NETREGISTRY]: Channel 'minecraft:unregister' : Version test of 'FML3' from client : ACCEPTED
[28Aug2026 04:29:15.303] [Netty Epoll Server IO #0/DEBUG] [net.minecraftforge.network.NetworkRegistry/NETREGISTRY]: Channel 'cfm:network' : Version test of '1' from client : ACCEPTED
[28Aug2026 04:29:15.303] [Netty Epoll Server IO #0/DEBUG] [net.minecraftforge.network.NetworkRegistry/NETREGISTRY]: Channel 'journeymap:waypoint_notification' : Version test of '1' from client : ACCEPTED
[28Aug2026 04:29:15.303] [Netty Epoll Server IO #0/DEBUG] [net.minecraftforge.network.NetworkRegistry/NETREGISTRY]: Channel 'journeymap:remove_player' : Version test of '1' from client : ACCEPTED
[28Aug2026 04:29:15.303] [Netty Epoll Server IO #0/DEBUG] [net.minecraftforge.network.NetworkRegistry/NETREGISTRY]: Channel 'journeymap:version' : Version test of '1' from client : ACCEPTED
[28Aug2026 04:29:15.303] [Netty Epoll Server IO #0/DEBUG] [net.minecraftforge.network.NetworkRegistry/NETREGISTRY]: Channel 'framework:play' : Version test of '1' from client : ACCEPTED
[28Aug2026 04:29:15.303] [Netty Epoll Server IO #0/DEBUG] [net.minecraftforge.network.NetworkRegistry/NETREGISTRY]: Channel 'journeymap:waypoint_scope_resp' : Version test of '1' from client : ACCEPTED
[28Aug2026 04:29:15.303] [Netty Epoll Server IO #0/DEBUG] [net.minecraftforge.network.NetworkRegistry/NETREGISTRY]: Channel 'journeymap:overlay_clear' : Version test of '1' from client : ACCEPTED
[28Aug2026 04:29:15.303] [Netty Epoll Server IO #0/DEBUG] [net.minecraftforge.network.NetworkRegistry/NETREGISTRY]: Channel 'journeymap:admin_req' : Version test of '1' from client : ACCEPTED
[28Aug2026 04:29:15.303] [Netty Epoll Server IO #0/DEBUG] [net.minecraftforge.network.NetworkRegistry/NETREGISTRY]: Channel 'cataclysm:main_channel' : Version test of '1' from client : ACCEPTED
[28Aug2026 04:29:15.303] [Netty Epoll Server IO #0/DEBUG] [net.minecraftforge.network.NetworkRegistry/NETREGISTRY]: Channel 'journeymap:waypoint' : Version test of '1' from client : ACCEPTED
[28Aug2026 04:29:15.303] [Netty Epoll Server IO #0/DEBUG] [net.minecraftforge.network.NetworkRegistry/NETREGISTRY]: Channel 'lionfishapi:main_channel' : Version test of '1' from client : ACCEPTED
[28Aug2026 04:29:15.303] [Netty Epoll Server IO #0/DEBUG] [net.minecraftforge.network.NetworkRegistry/NETREGISTRY]: Channel 'journeymap:waypoint_settings_resp' : Version test of '1' from client : ACCEPTED
[28Aug2026 04:29:15.303] [Netty Epoll Server IO #0/DEBUG] [net.minecraftforge.network.NetworkRegistry/NETREGISTRY]: Channel 'forge:tier_sorting' : Version test of '1.0' from client : ACCEPTED
[28Aug2026 04:29:15.303] [Netty Epoll Server IO #0/DEBUG] [net.minecraftforge.network.NetworkRegistry/NETREGISTRY]: Channel 'alexsmobs:main_channel' : Version test of '1' from client : ACCEPTED
[28Aug2026 04:29:15.303] [Netty Epoll Server IO #0/DEBUG] [net.minecraftforge.network.NetworkRegistry/NETREGISTRY]: Channel 'journeymap:waypoint_settings_update' : Version test of '1' from client : ACCEPTED
[28Aug2026 04:29:15.303] [Netty Epoll Server IO #0/DEBUG] [net.minecraftforge.network.NetworkRegistry/NETREGISTRY]: Channel 'fml:play' : Version test of 'FML3' from client : ACCEPTED
[28Aug2026 04:29:15.303] [Netty Epoll Server IO #0/DEBUG] [net.minecraftforge.network.NetworkRegistry/NETREGISTRY]: Channel 'creativecore:main' : Version test of '1' from client : ACCEPTED
[28Aug2026 04:29:15.303] [Netty Epoll Server IO #0/DEBUG] [net.minecraftforge.network.NetworkRegistry/NETREGISTRY]: Channel 'journeymap:waypoint_scope_req' : Version test of '1' from client : ACCEPTED
[28Aug2026 04:29:15.303] [Netty Epoll Server IO #0/DEBUG] [net.minecraftforge.network.NetworkRegistry/NETREGISTRY]: Channel 'journeymap:teleport_req' : Version test of '1' from client : ACCEPTED
[28Aug2026 04:29:15.303] [Netty Epoll Server IO #0/DEBUG] [net.minecraftforge.network.NetworkRegistry/NETREGISTRY]: Channel 'journeymap:overlay_show' : Version test of '1' from client : ACCEPTED
[28Aug2026 04:29:15.303] [Netty Epoll Server IO #0/DEBUG] [net.minecraftforge.network.NetworkRegistry/NETREGISTRY]: Channel 'modernfix:ingredient_sync' : Version test of '1' from client : ACCEPTED
[28Aug2026 04:29:15.303] [Netty Epoll Server IO #0/DEBUG] [net.minecraftforge.network.NetworkRegistry/NETREGISTRY]: Channel 'journeymap:common' : Version test of '1' from client : ACCEPTED
[28Aug2026 04:29:15.303] [Netty Epoll Server IO #0/DEBUG] [net.minecraftforge.network.NetworkRegistry/NETREGISTRY]: Channel 'minecraft:register' : Version test of 'FML3' from client : ACCEPTED
[28Aug2026 04:29:15.303] [Netty Epoll Server IO #0/DEBUG] [net.minecraftforge.network.NetworkRegistry/NETREGISTRY]: Channel 'geckolib:main' : Version test of '1' from client : ACCEPTED
[28Aug2026 04:29:15.303] [Netty Epoll Server IO #0/DEBUG] [net.minecraftforge.network.NetworkRegistry/NETREGISTRY]: Channel 'journeymap:waypoint_crud_req' : Version test of '1' from client : ACCEPTED
[28Aug2026 04:29:15.303] [Netty Epoll Server IO #0/DEBUG] [net.minecraftforge.network.NetworkRegistry/NETREGISTRY]: Channel 'citadel:main_channel' : Version test of '1' from client : ACCEPTED
[28Aug2026 04:29:15.303] [Netty Epoll Server IO #0/DEBUG] [net.minecraftforge.network.NetworkRegistry/NETREGISTRY]: Channel 'iceandfire:main_channel' : Version test of '1' from client : ACCEPTED
[28Aug2026 04:29:15.303] [Netty Epoll Server IO #0/DEBUG] [net.minecraftforge.network.NetworkRegistry/NETREGISTRY]: Channel 'modernfix:main' : Version test of '1' from client : ACCEPTED
[28Aug2026 04:29:15.303] [Netty Epoll Server IO #0/DEBUG] [net.minecraftforge.network.NetworkRegistry/NETREGISTRY]: Channel 'journeymap:waypoint_crud_resp' : Version test of '1' from client : ACCEPTED
[28Aug2026 04:29:15.303] [Netty Epoll Server IO #0/DEBUG] [net.minecraftforge.network.NetworkRegistry/NETREGISTRY]: Channel 'curios:main' : Version test of '1' from client : ACCEPTED
[28Aug2026 04:29:15.303] [Netty Epoll Server IO #0/DEBUG] [net.minecraftforge.network.NetworkRegistry/NETREGISTRY]: Channel 'worldinfo:world_id' : Version test of '1' from client : ACCEPTED
[28Aug2026 04:29:15.303] [Netty Epoll Server IO #0/DEBUG] [net.minecraftforge.network.NetworkRegistry/NETREGISTRY]: Channel 'journeymap:waypoint_share_op' : Version test of '1' from client : ACCEPTED
[28Aug2026 04:29:15.303] [Netty Epoll Server IO #0/DEBUG] [net.minecraftforge.network.NetworkRegistry/NETREGISTRY]: Channel 'journeymap:global_wp_visibility' : Version test of '1' from client : ACCEPTED
[28Aug2026 04:29:15.303] [Netty Epoll Server IO #0/DEBUG] [net.minecraftforge.network.NetworkRegistry/NETREGISTRY]: Channel 'journeymap:mp_options_req' : Version test of '1' from client : ACCEPTED
[28Aug2026 04:29:15.303] [Netty Epoll Server IO #0/DEBUG] [net.minecraftforge.network.NetworkRegistry/NETREGISTRY]: Channel 'framework:handshake' : Version test of '1' from client : ACCEPTED
[28Aug2026 04:29:15.303] [Netty Epoll Server IO #0/DEBUG] [net.minecraftforge.network.NetworkRegistry/NETREGISTRY]: Channel 'horror_element_mod:horror_element_mod' : Version test of '1' from client : ACCEPTED
[28Aug2026 04:29:15.303] [Netty Epoll Server IO #0/DEBUG] [net.minecraftforge.network.NetworkRegistry/NETREGISTRY]: Channel 'fml:loginwrapper' : Version test of 'FML3' from client : ACCEPTED
[28Aug2026 04:29:15.303] [Netty Epoll Server IO #0/DEBUG] [net.minecraftforge.network.NetworkRegistry/NETREGISTRY]: Channel 'journeymap:waypoint_share_targets_resp' : Version test of '1' from client : ACCEPTED
[28Aug2026 04:29:15.303] [Netty Epoll Server IO #0/DEBUG] [net.minecraftforge.network.NetworkRegistry/NETREGISTRY]: Channel 'journeymap:waypoint_query' : Version test of '1' from client : ACCEPTED
[28Aug2026 04:29:15.303] [Netty Epoll Server IO #0/DEBUG] [net.minecraftforge.network.NetworkRegistry/NETREGISTRY]: Channel 'journeymap:admin_save' : Version test of '1' from client : ACCEPTED
[28Aug2026 04:29:15.304] [Netty Epoll Server IO #0/DEBUG] [net.minecraftforge.network.NetworkRegistry/NETREGISTRY]: Channel 'journeymap:player_loc' : Version test of '1' from client : ACCEPTED
[28Aug2026 04:29:15.304] [Netty Epoll Server IO #0/DEBUG] [net.minecraftforge.network.NetworkRegistry/NETREGISTRY]: Channel 'fml:handshake' : Version test of 'FML3' from client : ACCEPTED
[28Aug2026 04:29:15.304] [Netty Epoll Server IO #0/DEBUG] [net.minecraftforge.network.NetworkRegistry/NETREGISTRY]: Channel 'journeymap:waypoint_scopes' : Version test of '1' from client : ACCEPTED
[28Aug2026 04:29:15.304] [Netty Epoll Server IO #0/DEBUG] [net.minecraftforge.network.NetworkRegistry/NETREGISTRY]: Channel 'journeymap:perm_req' : Version test of '1' from client : ACCEPTED
[28Aug2026 04:29:15.304] [Netty Epoll Server IO #0/DEBUG] [net.minecraftforge.network.NetworkRegistry/NETREGISTRY]: Channel 'forge:split' : Version test of '1.1' from client : ACCEPTED
[28Aug2026 04:29:15.304] [Netty Epoll Server IO #0/DEBUG] [net.minecraftforge.network.NetworkRegistry/NETREGISTRY]: Channel 'journeymap:overlay_remove' : Version test of '1' from client : ACCEPTED
[28Aug2026 04:29:15.304] [Netty Epoll Server IO #0/DEBUG] [net.minecraftforge.network.NetworkRegistry/NETREGISTRY]: Channel 'jade:networking' : Version test of '2' from client : ACCEPTED
[28Aug2026 04:29:15.304] [Netty Epoll Server IO #0/DEBUG] [net.minecraftforge.network.NetworkRegistry/NETREGISTRY]: Channel 'journeymap:waypoint_push' : Version test of '1' from client : ACCEPTED
[28Aug2026 04:29:15.304] [Netty Epoll Server IO #0/DEBUG] [net.minecraftforge.network.NetworkRegistry/NETREGISTRY]: Accepting channel list from client
[28Aug2026 04:29:15.304] [Netty Epoll Server IO #0/DEBUG] [net.minecraftforge.network.HandshakeHandler/FMLHANDSHAKE]: Accepted client connection mod list
[28Aug2026 04:29:15.304] [Netty Epoll Server IO #0/DEBUG] [net.minecraftforge.network.LoginWrapper/FMLHANDSHAKE]: Recieved login wrapper packet event for channel fml:handshake with index 2
[28Aug2026 04:29:15.304] [Netty Epoll Server IO #0/DEBUG] [net.minecraftforge.network.HandshakeHandler/FMLHANDSHAKE]: Received client indexed reply 2 of type net.minecraftforge.network.HandshakeMessages$C2SAcknowledge
[28Aug2026 04:29:15.304] [Netty Epoll Server IO #0/DEBUG] [net.minecraftforge.network.HandshakeHandler/FMLHANDSHAKE]: Received acknowledgement from client
[28Aug2026 04:29:15.304] [Netty Epoll Server IO #0/DEBUG] [net.minecraftforge.network.LoginWrapper/FMLHANDSHAKE]: Recieved login wrapper packet event for channel fml:handshake with index 3
[28Aug2026 04:29:15.304] [Netty Epoll Server IO #0/DEBUG] [net.minecraftforge.network.HandshakeHandler/FMLHANDSHAKE]: Received client indexed reply 3 of type net.minecraftforge.network.HandshakeMessages$C2SAcknowledge
[28Aug2026 04:29:15.304] [Netty Epoll Server IO #0/DEBUG] [net.minecraftforge.network.HandshakeHandler/FMLHANDSHAKE]: Received acknowledgement from client
[28Aug2026 04:29:15.603] [Netty Epoll Server IO #0/DEBUG] [net.minecraftforge.network.LoginWrapper/FMLHANDSHAKE]: Recieved login wrapper packet event for channel fml:handshake with index 4
[28Aug2026 04:29:15.603] [Netty Epoll Server IO #0/DEBUG] [net.minecraftforge.network.HandshakeHandler/FMLHANDSHAKE]: Received client indexed reply 4 of type net.minecraftforge.network.HandshakeMessages$C2SAcknowledge
[28Aug2026 04:29:15.603] [Netty Epoll Server IO #0/DEBUG] [net.minecraftforge.network.HandshakeHandler/FMLHANDSHAKE]: Received acknowledgement from client
[28Aug2026 04:29:15.603] [Netty Epoll Server IO #0/DEBUG] [net.minecraftforge.network.LoginWrapper/FMLHANDSHAKE]: Recieved login wrapper packet event for channel fml:handshake with index 5
[28Aug2026 04:29:15.603] [Netty Epoll Server IO #0/DEBUG] [net.minecraftforge.network.HandshakeHandler/FMLHANDSHAKE]: Received client indexed reply 5 of type net.minecraftforge.network.HandshakeMessages$C2SAcknowledge
[28Aug2026 04:29:15.604] [Netty Epoll Server IO #0/DEBUG] [net.minecraftforge.network.HandshakeHandler/FMLHANDSHAKE]: Received acknowledgement from client
[28Aug2026 04:29:15.604] [Netty Epoll Server IO #0/DEBUG] [net.minecraftforge.network.LoginWrapper/FMLHANDSHAKE]: Recieved login wrapper packet event for channel fml:handshake with index 6
[28Aug2026 04:29:15.604] [Netty Epoll Server IO #0/DEBUG] [net.minecraftforge.network.HandshakeHandler/FMLHANDSHAKE]: Received client indexed reply 6 of type net.minecraftforge.network.HandshakeMessages$C2SAcknowledge
[28Aug2026 04:29:15.604] [Netty Epoll Server IO #0/DEBUG] [net.minecraftforge.network.HandshakeHandler/FMLHANDSHAKE]: Received acknowledgement from client
[28Aug2026 04:29:15.918] [Netty Epoll Server IO #0/DEBUG] [net.minecraftforge.network.LoginWrapper/FMLHANDSHAKE]: Recieved login wrapper packet event for channel fml:handshake with index 7
[28Aug2026 04:29:15.918] [Netty Epoll Server IO #0/DEBUG] [net.minecraftforge.network.HandshakeHandler/FMLHANDSHAKE]: Received client indexed reply 7 of type net.minecraftforge.network.HandshakeMessages$C2SAcknowledge
[28Aug2026 04:29:15.918] [Netty Epoll Server IO #0/DEBUG] [net.minecraftforge.network.HandshakeHandler/FMLHANDSHAKE]: Received acknowledgement from client
[28Aug2026 04:29:15.918] [Netty Epoll Server IO #0/DEBUG] [net.minecraftforge.network.LoginWrapper/FMLHANDSHAKE]: Recieved login wrapper packet event for channel fml:handshake with index 8
[28Aug2026 04:29:15.918] [Netty Epoll Server IO #0/DEBUG] [net.minecraftforge.network.HandshakeHandler/FMLHANDSHAKE]: Received client indexed reply 8 of type net.minecraftforge.network.HandshakeMessages$C2SAcknowledge
[28Aug2026 04:29:15.918] [Netty Epoll Server IO #0/DEBUG] [net.minecraftforge.network.HandshakeHandler/FMLHANDSHAKE]: Received acknowledgement from client
[28Aug2026 04:29:15.918] [Netty Epoll Server IO #0/DEBUG] [net.minecraftforge.network.LoginWrapper/FMLHANDSHAKE]: Recieved login wrapper packet event for channel fml:handshake with index 9
[28Aug2026 04:29:15.918] [Netty Epoll Server IO #0/DEBUG] [net.minecraftforge.network.HandshakeHandler/FMLHANDSHAKE]: Received client indexed reply 9 of type net.minecraftforge.network.HandshakeMessages$C2SAcknowledge
[28Aug2026 04:29:15.918] [Netty Epoll Server IO #0/DEBUG] [net.minecraftforge.network.HandshakeHandler/FMLHANDSHAKE]: Received acknowledgement from client
[28Aug2026 04:29:15.918] [Netty Epoll Server IO #0/DEBUG] [net.minecraftforge.network.LoginWrapper/FMLHANDSHAKE]: Recieved login wrapper packet event for channel fml:handshake with index 10
[28Aug2026 04:29:15.918] [Netty Epoll Server IO #0/DEBUG] [net.minecraftforge.network.HandshakeHandler/FMLHANDSHAKE]: Received client indexed reply 10 of type net.minecraftforge.network.HandshakeMessages$C2SAcknowledge
[28Aug2026 04:29:15.918] [Netty Epoll Server IO #0/DEBUG] [net.minecraftforge.network.HandshakeHandler/FMLHANDSHAKE]: Received acknowledgement from client
[28Aug2026 04:29:15.918] [Netty Epoll Server IO #0/DEBUG] [net.minecraftforge.network.LoginWrapper/FMLHANDSHAKE]: Recieved login wrapper packet event for channel fml:handshake with index 11
[28Aug2026 04:29:15.918] [Netty Epoll Server IO #0/DEBUG] [net.minecraftforge.network.HandshakeHandler/FMLHANDSHAKE]: Received client indexed reply 11 of type net.minecraftforge.network.HandshakeMessages$C2SAcknowledge
[28Aug2026 04:29:15.919] [Netty Epoll Server IO #0/DEBUG] [net.minecraftforge.network.HandshakeHandler/FMLHANDSHAKE]: Received acknowledgement from client
[28Aug2026 04:29:15.919] [Netty Epoll Server IO #0/DEBUG] [net.minecraftforge.network.LoginWrapper/FMLHANDSHAKE]: Recieved login wrapper packet event for channel fml:handshake with index 12
[28Aug2026 04:29:15.919] [Netty Epoll Server IO #0/DEBUG] [net.minecraftforge.network.HandshakeHandler/FMLHANDSHAKE]: Received client indexed reply 12 of type net.minecraftforge.network.HandshakeMessages$C2SAcknowledge
[28Aug2026 04:29:15.919] [Netty Epoll Server IO #0/DEBUG] [net.minecraftforge.network.HandshakeHandler/FMLHANDSHAKE]: Received acknowledgement from client
[28Aug2026 04:29:15.926] [Netty Epoll Server IO #0/DEBUG] [net.minecraftforge.network.LoginWrapper/FMLHANDSHAKE]: Recieved login wrapper packet event for channel fml:handshake with index 13
[28Aug2026 04:29:15.926] [Netty Epoll Server IO #0/DEBUG] [net.minecraftforge.network.HandshakeHandler/FMLHANDSHAKE]: Received client indexed reply 13 of type net.minecraftforge.network.HandshakeMessages$C2SAcknowledge
[28Aug2026 04:29:15.926] [Netty Epoll Server IO #0/DEBUG] [net.minecraftforge.network.HandshakeHandler/FMLHANDSHAKE]: Received acknowledgement from client
[28Aug2026 04:29:15.926] [Netty Epoll Server IO #0/DEBUG] [net.minecraftforge.network.LoginWrapper/FMLHANDSHAKE]: Recieved login wrapper packet event for channel fml:handshake with index 14
[28Aug2026 04:29:15.926] [Netty Epoll Server IO #0/DEBUG] [net.minecraftforge.network.HandshakeHandler/FMLHANDSHAKE]: Received client indexed reply 14 of type net.minecraftforge.network.HandshakeMessages$C2SAcknowledge
[28Aug2026 04:29:15.926] [Netty Epoll Server IO #0/DEBUG] [net.minecraftforge.network.HandshakeHandler/FMLHANDSHAKE]: Received acknowledgement from client
[28Aug2026 04:29:15.927] [Netty Epoll Server IO #0/DEBUG] [net.minecraftforge.network.LoginWrapper/FMLHANDSHAKE]: Recieved login wrapper packet event for channel fml:handshake with index 15
[28Aug2026 04:29:15.927] [Netty Epoll Server IO #0/DEBUG] [net.minecraftforge.network.HandshakeHandler/FMLHANDSHAKE]: Received client indexed reply 15 of type net.minecraftforge.network.HandshakeMessages$C2SAcknowledge
[28Aug2026 04:29:15.927] [Netty Epoll Server IO #0/DEBUG] [net.minecraftforge.network.HandshakeHandler/FMLHANDSHAKE]: Received acknowledgement from client
[28Aug2026 04:29:15.927] [Netty Epoll Server IO #0/DEBUG] [net.minecraftforge.network.LoginWrapper/FMLHANDSHAKE]: Recieved login wrapper packet event for channel fml:handshake with index 16
[28Aug2026 04:29:15.927] [Netty Epoll Server IO #0/DEBUG] [net.minecraftforge.network.HandshakeHandler/FMLHANDSHAKE]: Received client indexed reply 16 of type net.minecraftforge.network.HandshakeMessages$C2SAcknowledge
[28Aug2026 04:29:15.927] [Netty Epoll Server IO #0/DEBUG] [net.minecraftforge.network.HandshakeHandler/FMLHANDSHAKE]: Received acknowledgement from client
[28Aug2026 04:29:15.927] [Netty Epoll Server IO #0/DEBUG] [net.minecraftforge.network.LoginWrapper/FMLHANDSHAKE]: Recieved login wrapper packet event for channel fml:handshake with index 17
[28Aug2026 04:29:15.927] [Netty Epoll Server IO #0/DEBUG] [net.minecraftforge.network.HandshakeHandler/FMLHANDSHAKE]: Received client indexed reply 17 of type net.minecraftforge.network.HandshakeMessages$C2SAcknowledge
[28Aug2026 04:29:15.927] [Netty Epoll Server IO #0/DEBUG] [net.minecraftforge.network.HandshakeHandler/FMLHANDSHAKE]: Received acknowledgement from client
[28Aug2026 04:29:15.928] [Netty Epoll Server IO #0/DEBUG] [net.minecraftforge.network.LoginWrapper/FMLHANDSHAKE]: Recieved login wrapper packet event for channel fml:handshake with index 18
[28Aug2026 04:29:15.928] [Netty Epoll Server IO #0/DEBUG] [net.minecraftforge.network.HandshakeHandler/FMLHANDSHAKE]: Received client indexed reply 18 of type net.minecraftforge.network.HandshakeMessages$C2SAcknowledge
[28Aug2026 04:29:15.928] [Netty Epoll Server IO #0/DEBUG] [net.minecraftforge.network.HandshakeHandler/FMLHANDSHAKE]: Received acknowledgement from client
[28Aug2026 04:29:15.928] [Netty Epoll Server IO #0/DEBUG] [net.minecraftforge.network.LoginWrapper/FMLHANDSHAKE]: Recieved login wrapper packet event for channel fml:handshake with index 19
[28Aug2026 04:29:15.928] [Netty Epoll Server IO #0/DEBUG] [net.minecraftforge.network.HandshakeHandler/FMLHANDSHAKE]: Received client indexed reply 19 of type net.minecraftforge.network.HandshakeMessages$C2SAcknowledge
[28Aug2026 04:29:15.928] [Netty Epoll Server IO #0/DEBUG] [net.minecraftforge.network.HandshakeHandler/FMLHANDSHAKE]: Received acknowledgement from client
[28Aug2026 04:29:16.184] [Netty Epoll Server IO #0/DEBUG] [net.minecraftforge.network.LoginWrapper/FMLHANDSHAKE]: Recieved login wrapper packet event for channel fml:handshake with index 20
[28Aug2026 04:29:16.184] [Netty Epoll Server IO #0/DEBUG] [net.minecraftforge.network.HandshakeHandler/FMLHANDSHAKE]: Received client indexed reply 20 of type net.minecraftforge.network.HandshakeMessages$C2SAcknowledge
[28Aug2026 04:29:16.184] [Netty Epoll Server IO #0/DEBUG] [net.minecraftforge.network.HandshakeHandler/FMLHANDSHAKE]: Received acknowledgement from client
[28Aug2026 04:29:16.184] [Netty Epoll Server IO #0/DEBUG] [net.minecraftforge.network.LoginWrapper/FMLHANDSHAKE]: Recieved login wrapper packet event for channel fml:handshake with index 21
[28Aug2026 04:29:16.184] [Netty Epoll Server IO #0/DEBUG] [net.minecraftforge.network.HandshakeHandler/FMLHANDSHAKE]: Received client indexed reply 21 of type net.minecraftforge.network.HandshakeMessages$C2SAcknowledge
[28Aug2026 04:29:16.184] [Netty Epoll Server IO #0/DEBUG] [net.minecraftforge.network.HandshakeHandler/FMLHANDSHAKE]: Received acknowledgement from client
[28Aug2026 04:29:16.184] [Netty Epoll Server IO #0/DEBUG] [net.minecraftforge.network.LoginWrapper/FMLHANDSHAKE]: Recieved login wrapper packet event for channel fml:handshake with index 22
[28Aug2026 04:29:16.184] [Netty Epoll Server IO #0/DEBUG] [net.minecraftforge.network.HandshakeHandler/FMLHANDSHAKE]: Received client indexed reply 22 of type net.minecraftforge.network.HandshakeMessages$C2SAcknowledge
[28Aug2026 04:29:16.184] [Netty Epoll Server IO #0/DEBUG] [net.minecraftforge.network.HandshakeHandler/FMLHANDSHAKE]: Received acknowledgement from client
[28Aug2026 04:29:16.184] [Netty Epoll Server IO #0/DEBUG] [net.minecraftforge.network.LoginWrapper/FMLHANDSHAKE]: Recieved login wrapper packet event for channel fml:handshake with index 23
[28Aug2026 04:29:16.185] [Netty Epoll Server IO #0/DEBUG] [net.minecraftforge.network.HandshakeHandler/FMLHANDSHAKE]: Received client indexed reply 23 of type net.minecraftforge.network.HandshakeMessages$C2SAcknowledge
[28Aug2026 04:29:16.185] [Netty Epoll Server IO #0/DEBUG] [net.minecraftforge.network.HandshakeHandler/FMLHANDSHAKE]: Received acknowledgement from client
[28Aug2026 04:29:16.185] [Netty Epoll Server IO #0/DEBUG] [net.minecraftforge.network.LoginWrapper/FMLHANDSHAKE]: Recieved login wrapper packet event for channel fml:handshake with index 24
[28Aug2026 04:29:16.185] [Netty Epoll Server IO #0/DEBUG] [net.minecraftforge.network.HandshakeHandler/FMLHANDSHAKE]: Received client indexed reply 24 of type net.minecraftforge.network.HandshakeMessages$C2SAcknowledge
[28Aug2026 04:29:16.185] [Netty Epoll Server IO #0/DEBUG] [net.minecraftforge.network.HandshakeHandler/FMLHANDSHAKE]: Received acknowledgement from client
[28Aug2026 04:29:16.202] [Server thread/DEBUG] [net.minecraftforge.network.HandshakeHandler/FMLHANDSHAKE]: Handshake complete!
[28Aug2026 04:29:16.270] [Server thread/INFO] [net.minecraft.server.players.PlayerList/]: Jr_dark[/10.13.238.142:57820] logged in with entity id 51048 at (-4246.269651001555, 70.02442408821369, -888.9667865988412)
[28Aug2026 04:29:16.270] [Server thread/DEBUG] [net.minecraftforge.network.filters.NetworkFilters/]: Injected net.minecraftforge.network.filters.ForgeConnectionNetworkFilter@77dcf710 into net.minecraft.network.Connection@44f35823
[28Aug2026 04:29:16.274] [Server thread/INFO] [ModernFix/]: Using enhanced recipe sync for player Jr_dark
[28Aug2026 04:29:16.280] [Server thread/INFO] [net.minecraft.server.MinecraftServer/]: Jr_dark joined the game
[28Aug2026 04:29:16.316] [Server thread/INFO] [Jade/]: Syncing config to Jr_dark (e4a447b7-80d3-39bc-aee9-7217339ad2d7)
[28Aug2026 04:30:03.750] [Server thread/INFO] [net.minecraft.server.MinecraftServer/]: Uzielcrak77 was frozen by Jr_dark
[28Aug2026 04:31:08.317] [Server thread/INFO] [net.minecraft.server.MinecraftServer/]: Uzielcrak77 was slain by Jr_dark
[28Aug2026 04:32:56.962] [Server thread/INFO] [net.minecraft.server.MinecraftServer/]: [Uzielcrak77: Set own game mode to Creative Mode]
[28Aug2026 04:33:05.609] [Server thread/INFO] [net.minecraft.server.MinecraftServer/]: [Uzielcrak77: Set own game mode to Survival Mode]
[28Aug2026 04:33:51.935] [Server thread/INFO] [net.minecraft.server.MinecraftServer/]: [Uzielcrak77: Set own game mode to Creative Mode]
[28Aug2026 04:34:08.789] [Server thread/DEBUG] [net.minecraftforge.common.ForgeHooks/WP]: Gathering id map for writing to world save world
[28Aug2026 04:34:08.800] [Server thread/DEBUG] [net.minecraftforge.common.ForgeHooks/WP]: ID Map collection complete world
[28Aug2026 04:34:14.617] [Server thread/INFO] [net.minecraft.server.MinecraftServer/]: [Uzielcrak77: Set own game mode to Survival Mode]
[28Aug2026 04:34:36.010] [Server thread/INFO] [net.minecraft.server.MinecraftServer/]: [Uzielcrak77: Set the time to 1000]
[28Aug2026 04:35:08.654] [Server thread/INFO] [net.minecraft.server.MinecraftServer/]: Uzielcrak77 has made the advancement [Poseidon, God of the Seas]
[28Aug2026 04:35:41.248] [Server thread/INFO] [net.minecraft.world.entity.npc.Villager/]: Villager Villager['Unemployed'/41150, l='ServerLevel[world]', x=-4269.56, y=64.50, z=-899.22] died, message: 'Unemployed was pricked to death'
[28Aug2026 04:39:08.813] [Server thread/DEBUG] [net.minecraftforge.common.ForgeHooks/WP]: Gathering id map for writing to world save world
[28Aug2026 04:39:08.825] [Server thread/DEBUG] [net.minecraftforge.common.ForgeHooks/WP]: ID Map collection complete world
[28Aug2026 04:43:45.637] [Server thread/INFO] [net.minecraft.world.entity.npc.Villager/]: Villager Villager['Librarian'/41012, l='ServerLevel[world]', x=-4212.26, y=65.00, z=-910.28] died, message: 'Librarian was slain by Jr_dark'
[28Aug2026 04:43:54.428] [Server thread/INFO] [net.minecraft.world.entity.npc.Villager/]: Villager Villager['Librarian'/53826, l='ServerLevel[world]', x=-4212.24, y=65.00, z=-910.03] died, message: 'Librarian was slain by Jr_dark'
[28Aug2026 04:43:59.206] [Server thread/INFO] [net.minecraft.server.MinecraftServer/]: [Jr_dark: Set own game mode to Creative Mode]
[28Aug2026 04:44:08.787] [Server thread/DEBUG] [net.minecraftforge.common.ForgeHooks/WP]: Gathering id map for writing to world save world
[28Aug2026 04:44:08.798] [Server thread/DEBUG] [net.minecraftforge.common.ForgeHooks/WP]: ID Map collection complete world
[28Aug2026 04:44:14.434] [Server thread/INFO] [net.minecraft.world.entity.npc.Villager/]: Villager Villager['Librarian'/53872, l='ServerLevel[world]', x=-4212.10, y=65.00, z=-909.55] died, message: 'Librarian was slain by Jr_dark'
[28Aug2026 04:44:21.887] [Server thread/INFO] [net.minecraft.world.entity.npc.Villager/]: Villager Villager['Librarian'/53889, l='ServerLevel[world]', x=-4211.49, y=65.00, z=-911.36] died, message: 'Librarian was slain by Jr_dark'
[28Aug2026 04:44:28.134] [Server thread/INFO] [net.minecraft.world.entity.npc.Villager/]: Villager Villager['Librarian'/53901, l='ServerLevel[world]', x=-4212.24, y=65.00, z=-909.74] died, message: 'Librarian was slain by Jr_dark'
[28Aug2026 04:44:44.282] [Server thread/INFO] [net.minecraft.world.entity.npc.Villager/]: Villager Villager['Librarian'/53913, l='ServerLevel[world]', x=-4212.07, y=65.00, z=-909.48] died, message: 'Librarian was slain by Jr_dark'
[28Aug2026 04:44:52.963] [Server thread/INFO] [net.minecraft.server.MinecraftServer/]: [Uzielcrak77: Set the time to 1000]
[28Aug2026 04:44:55.282] [Server thread/INFO] [net.minecraft.world.entity.npc.Villager/]: Villager Villager['Librarian'/53944, l='ServerLevel[world]', x=-4211.61, y=65.00, z=-910.80] died, message: 'Librarian was slain by Jr_dark'
[28Aug2026 04:45:05.634] [Server thread/INFO] [net.minecraft.world.entity.npc.Villager/]: Villager Villager['Librarian'/53973, l='ServerLevel[world]', x=-4211.77, y=65.00, z=-910.59] died, message: 'Librarian was slain by Jr_dark'
[28Aug2026 04:46:51.190] [Server thread/INFO] [net.minecraft.server.MinecraftServer/]: [Jr_dark: Set own game mode to Survival Mode]
[28Aug2026 04:49:08.790] [Server thread/DEBUG] [net.minecraftforge.common.ForgeHooks/WP]: Gathering id map for writing to world save world
[28Aug2026 04:49:08.800] [Server thread/DEBUG] [net.minecraftforge.common.ForgeHooks/WP]: ID Map collection complete world
[28Aug2026 04:51:03.110] [Server thread/INFO] [net.minecraft.server.MinecraftServer/]: [Jr_dark: Set own game mode to Creative Mode]
[28Aug2026 04:53:39.759] [Server thread/INFO] [net.minecraft.world.entity.npc.Villager/]: Villager Villager['Librarian'/55294, l='ServerLevel[world]', x=-4208.27, y=65.00, z=-911.10] died, message: 'Librarian was slain by Jr_dark using [rompeculos3000]'
[28Aug2026 04:53:52.606] [Server thread/INFO] [net.minecraft.world.entity.npc.Villager/]: Villager Villager['Librarian'/55446, l='ServerLevel[world]', x=-4208.02, y=65.00, z=-911.04] died, message: 'Librarian was slain by Jr_dark using [rompeculos3000]'
[28Aug2026 04:54:07.180] [Server thread/INFO] [net.minecraft.server.MinecraftServer/]: [Uzielcrak77: Set the time to 1000]
[28Aug2026 04:54:08.794] [Server thread/DEBUG] [net.minecraftforge.common.ForgeHooks/WP]: Gathering id map for writing to world save world
[28Aug2026 04:54:08.805] [Server thread/DEBUG] [net.minecraftforge.common.ForgeHooks/WP]: ID Map collection complete world
[28Aug2026 04:54:26.660] [Server thread/INFO] [net.minecraft.world.entity.npc.Villager/]: Villager Villager['Librarian'/55466, l='ServerLevel[world]', x=-4209.15, y=65.00, z=-910.06] died, message: 'Librarian was slain by Jr_dark using [rompeculos3000]'
[28Aug2026 04:54:36.308] [Server thread/INFO] [net.minecraft.world.entity.npc.Villager/]: Villager Villager['Librarian'/55561, l='ServerLevel[world]', x=-4207.75, y=65.00, z=-909.77] died, message: 'Librarian was slain by Jr_dark using [rompeculos3000]'
[28Aug2026 04:54:51.455] [Server thread/INFO] [net.minecraft.world.entity.npc.Villager/]: Villager Villager['Librarian'/55587, l='ServerLevel[world]', x=-4208.73, y=65.00, z=-910.38] died, message: 'Librarian was slain by Jr_dark using [rompeculos3000]'
[28Aug2026 04:55:04.759] [Server thread/INFO] [net.minecraft.world.entity.npc.Villager/]: Villager Villager['Librarian'/55613, l='ServerLevel[world]', x=-4208.68, y=65.00, z=-910.69] died, message: 'Librarian was slain by Jr_dark using [rompeculos3000]'
[28Aug2026 04:55:33.005] [Server thread/INFO] [net.minecraft.world.entity.npc.Villager/]: Villager Villager['Librarian'/55723, l='ServerLevel[world]', x=-4209.01, y=65.00, z=-910.02] died, message: 'Librarian was slain by Jr_dark using [rompeculos3000]'
[28Aug2026 04:55:49.807] [Server thread/INFO] [net.minecraft.world.entity.npc.Villager/]: Villager Villager['Librarian'/55787, l='ServerLevel[world]', x=-4208.63, y=65.00, z=-909.68] died, message: 'Librarian was slain by Jr_dark using [rompeculos3000]'
[28Aug2026 04:55:56.205] [Server thread/INFO] [net.minecraft.world.entity.npc.Villager/]: Villager Villager['Librarian'/55792, l='ServerLevel[world]', x=-4208.03, y=65.00, z=-909.67] died, message: 'Librarian was slain by Jr_dark using [rompeculos3000]'
[28Aug2026 04:56:01.858] [Server thread/INFO] [net.minecraft.world.entity.npc.Villager/]: Villager Villager['Librarian'/55815, l='ServerLevel[world]', x=-4207.66, y=65.00, z=-909.44] died, message: 'Librarian was slain by Jr_dark using [rompeculos3000]'
[28Aug2026 04:56:08.507] [Server thread/INFO] [net.minecraft.world.entity.npc.Villager/]: Villager Villager['Librarian'/55827, l='ServerLevel[world]', x=-4208.46, y=65.00, z=-909.45] died, message: 'Librarian was slain by Jr_dark using [rompeculos3000]'
[28Aug2026 04:56:15.305] [Server thread/INFO] [net.minecraft.world.entity.npc.Villager/]: Villager Villager['Librarian'/55834, l='ServerLevel[world]', x=-4207.45, y=65.00, z=-910.58] died, message: 'Librarian was slain by Jr_dark using [rompeculos3000]'
[28Aug2026 04:56:20.706] [Server thread/INFO] [net.minecraft.world.entity.npc.Villager/]: Villager Villager['Librarian'/55844, l='ServerLevel[world]', x=-4209.23, y=65.00, z=-909.39] died, message: 'Librarian was slain by Jr_dark using [rompeculos3000]'
[28Aug2026 04:56:29.607] [Server thread/INFO] [net.minecraft.world.entity.npc.Villager/]: Villager Villager['Librarian'/55853, l='ServerLevel[world]', x=-4209.25, y=65.00, z=-909.75] died, message: 'Librarian was slain by Jr_dark using [rompeculos3000]'
[28Aug2026 04:56:37.606] [Server thread/INFO] [net.minecraft.world.entity.npc.Villager/]: Villager Villager['Librarian'/55867, l='ServerLevel[world]', x=-4207.68, y=65.00, z=-909.43] died, message: 'Librarian was slain by Jr_dark using [rompeculos3000]'
[28Aug2026 04:56:43.557] [Server thread/INFO] [net.minecraft.world.entity.npc.Villager/]: Villager Villager['Librarian'/55894, l='ServerLevel[world]', x=-4209.13, y=65.00, z=-909.34] died, message: 'Librarian was slain by Jr_dark using [rompeculos3000]'
[28Aug2026 04:56:49.959] [Server thread/INFO] [net.minecraft.world.entity.npc.Villager/]: Villager Villager['Librarian'/55904, l='ServerLevel[world]', x=-4209.44, y=65.00, z=-909.31] died, message: 'Librarian was slain by Jr_dark using [rompeculos3000]'
[28Aug2026 04:56:57.157] [Server thread/INFO] [net.minecraft.world.entity.npc.Villager/]: Villager Villager['Librarian'/55910, l='ServerLevel[world]', x=-4207.62, y=65.00, z=-909.49] died, message: 'Librarian was slain by Jr_dark using [rompeculos3000]'
[28Aug2026 04:57:02.964] [Server thread/INFO] [net.minecraft.world.entity.npc.Villager/]: Villager Villager['Librarian'/55920, l='ServerLevel[world]', x=-4208.47, y=65.00, z=-909.32] died, message: 'Librarian was slain by Jr_dark using [rompeculos3000]'
[28Aug2026 04:57:09.363] [Server thread/INFO] [net.minecraft.world.entity.npc.Villager/]: Villager Villager['Librarian'/55932, l='ServerLevel[world]', x=-4209.30, y=65.00, z=-909.64] died, message: 'Librarian was slain by Jr_dark using [rompeculos3000]'
[28Aug2026 04:57:14.604] [Server thread/INFO] [net.minecraft.world.entity.npc.Villager/]: Villager Villager['Librarian'/55944, l='ServerLevel[world]', x=-4209.41, y=65.00, z=-909.64] died, message: 'Librarian was slain by Jr_dark using [rompeculos3000]'
[28Aug2026 04:57:23.062] [Server thread/INFO] [net.minecraft.world.entity.npc.Villager/]: Villager Villager['Librarian'/55954, l='ServerLevel[world]', x=-4207.30, y=65.00, z=-911.40] died, message: 'Librarian was slain by Jr_dark using [rompeculos3000]'
[28Aug2026 04:57:38.624] [Server thread/INFO] [net.minecraft.server.MinecraftServer/]: [Not Secure] <Uzielcrak77> bro
[28Aug2026 04:57:40.322] [Server thread/INFO] [net.minecraft.server.MinecraftServer/]: [Not Secure] <Uzielcrak77> pera
[28Aug2026 04:57:52.466] [Server thread/INFO] [net.minecraft.server.MinecraftServer/]: [Not Secure] <Jr_dark> yyaya tranqui bro te espero
[28Aug2026 04:58:00.262] [Server thread/INFO] [net.minecraft.server.MinecraftServer/]: [Jr_dark: Set own game mode to Survival Mode]
[28Aug2026 04:58:32.168] [Server thread/INFO] [net.minecraft.server.MinecraftServer/]: [Jr_dark: Set own game mode to Creative Mode]
[28Aug2026 04:59:08.786] [Server thread/DEBUG] [net.minecraftforge.common.ForgeHooks/WP]: Gathering id map for writing to world save world
[28Aug2026 04:59:08.798] [Server thread/DEBUG] [net.minecraftforge.common.ForgeHooks/WP]: ID Map collection complete world
[28Aug2026 05:01:01.081] [Server thread/INFO] [net.minecraft.server.MinecraftServer/]: [Jr_dark: Set own game mode to Survival Mode]
[28Aug2026 05:02:31.161] [Server thread/INFO] [net.minecraft.server.MinecraftServer/]: [Jr_dark: Gave 1000 experience points to Jr_dark]
[28Aug2026 05:04:08.791] [Server thread/DEBUG] [net.minecraftforge.common.ForgeHooks/WP]: Gathering id map for writing to world save world
[28Aug2026 05:04:08.807] [Server thread/DEBUG] [net.minecraftforge.common.ForgeHooks/WP]: ID Map collection complete world
[28Aug2026 05:04:14.709] [Server thread/INFO] [net.minecraft.server.MinecraftServer/]: [Jr_dark: Gave 1000 experience points to Jr_dark]
[28Aug2026 05:04:27.204] [Server thread/INFO] [net.minecraft.server.MinecraftServer/]: Unknown or incomplete command, see below for error
[28Aug2026 05:04:27.262] [Server thread/INFO] [net.minecraft.server.MinecraftServer/]: a/sy te estoy viendo<--[HERE]
[28Aug2026 05:04:38.065] [Server thread/INFO] [net.minecraft.server.MinecraftServer/]: [Not Secure] [Server] te estoy viendo
[28Aug2026 05:04:44.778] [Server thread/INFO] [net.minecraft.server.MinecraftServer/]: [Not Secure] <Jr_dark> lo se bro
[28Aug2026 05:04:54.731] [Server thread/INFO] [net.minecraft.server.MinecraftServer/]: [Uzielcrak77: Set the time to 1000]
[28Aug2026 05:05:41.306] [Server thread/INFO] [net.minecraft.server.MinecraftServer/]: [Jr_dark: Gave 1000 experience points to Jr_dark]
[28Aug2026 05:06:11.359] [Server thread/INFO] [net.minecraft.server.MinecraftServer/]: [Jr_dark: Gave 1000 experience points to Jr_dark]
[28Aug2026 05:06:38.963] [Server thread/INFO] [net.minecraft.server.MinecraftServer/]: [Not Secure] <Uzielcrak77> vro
[28Aug2026 05:06:42.656] [Server thread/INFO] [net.minecraft.server.MinecraftServer/]: [Not Secure] <Uzielcrak77> se me murio el cel
[28Aug2026 05:06:45.857] [Server thread/INFO] [net.minecraft.server.MinecraftServer/]: [Not Secure] <Jr_dark> xddddddd
[28Aug2026 05:06:51.811] [Server thread/INFO] [net.minecraft.server.MinecraftServer/]: [Not Secure] <Uzielcrak77> ere gay
[28Aug2026 05:06:58.757] [Server thread/INFO] [net.minecraft.server.MinecraftServer/]: [Not Secure] <Jr_dark> tu eres gay
[28Aug2026 05:07:03.881] [Server thread/INFO] [net.minecraft.server.MinecraftServer/]: [Not Secure] <Uzielcrak77> ostias mira
[28Aug2026 05:07:07.860] [Server thread/INFO] [net.minecraft.server.MinecraftServer/]: [Not Secure] <Uzielcrak77> mira afuera
[28Aug2026 05:07:07.929] [Server thread/INFO] [net.minecraft.server.MinecraftServer/]: [Not Secure] <Jr_dark> aver
[28Aug2026 05:07:19.974] [Server thread/INFO] [net.minecraft.server.MinecraftServer/]: [Not Secure] <Jr_dark> ostias
[28Aug2026 05:07:23.554] [Server thread/INFO] [net.minecraft.server.MinecraftServer/]: [Not Secure] <Jr_dark> que graficos
[28Aug2026 05:07:25.220] [Server thread/INFO] [net.minecraft.server.MinecraftServer/]: [Not Secure] <Jr_dark> xddddddd
[28Aug2026 05:07:34.761] [Server thread/INFO] [net.minecraft.server.MinecraftServer/]: Jr_dark has reached the goal [Captain Nemo]
[28Aug2026 05:07:51.436] [Server thread/INFO] [net.minecraft.server.MinecraftServer/]: [Not Secure] <Jr_dark> xd
[28Aug2026 05:08:01.208] [Server thread/INFO] [net.minecraft.server.MinecraftServer/]: [Not Secure] <Jr_dark> asi no era bro
[28Aug2026 05:08:05.304] [Server thread/INFO] [net.minecraft.server.MinecraftServer/]: [Not Secure] <Jr_dark> xdddddd
[28Aug2026 05:08:10.704] [Server thread/INFO] [net.minecraft.server.MinecraftServer/]: [Not Secure] <Uzielcrak77> naguaraaa
[28Aug2026 05:08:15.967] [Server thread/INFO] [net.minecraft.server.MinecraftServer/]: Uzielcrak77 has made the advancement [The Secret Ingredient]
[28Aug2026 05:08:24.432] [Server thread/INFO] [net.minecraft.server.MinecraftServer/]: [Not Secure] <Uzielcrak77> tomatelo bro
[28Aug2026 05:08:38.108] [Server thread/INFO] [net.minecraft.server.MinecraftServer/]: [Not Secure] <Jr_dark> este no bro
[28Aug2026 05:08:46.878] [Server thread/INFO] [net.minecraft.server.MinecraftServer/]: [Not Secure] <Jr_dark> xd
[28Aug2026 05:08:54.635] [Server thread/INFO] [net.minecraft.server.MinecraftServer/]: [Jr_dark: Gave 1000 experience points to Jr_dark]
[28Aug2026 05:09:08.793] [Server thread/DEBUG] [net.minecraftforge.common.ForgeHooks/WP]: Gathering id map for writing to world save world
[28Aug2026 05:09:08.804] [Server thread/DEBUG] [net.minecraftforge.common.ForgeHooks/WP]: ID Map collection complete world
[28Aug2026 05:09:27.115] [Server thread/INFO] [net.minecraft.server.MinecraftServer/]: [Not Secure] <Uzielcrak77> bueno mno
[28Aug2026 05:09:30.608] [Server thread/INFO] [net.minecraft.server.MinecraftServer/]: [Not Secure] <Uzielcrak77> me voy ppp
[28Aug2026 05:09:36.071] [Server thread/INFO] [net.minecraft.server.MinecraftServer/]: [Not Secure] <Jr_dark> ala
[28Aug2026 05:09:41.114] [Server thread/INFO] [net.minecraft.server.MinecraftServer/]: [Not Secure] <Uzielcrak77> encantas lo que vas a encantar jejkejke
[28Aug2026 05:09:44.624] [Server thread/INFO] [net.minecraft.server.MinecraftServer/]: [Not Secure] <Uzielcrak77> tal vez en un rato
[28Aug2026 05:09:51.864] [Server thread/INFO] [net.minecraft.server.MinecraftServer/]: [Not Secure] <Uzielcrak77> se cierre el server
[28Aug2026 05:09:53.970] [Server thread/INFO] [net.minecraft.server.MinecraftServer/]: [Not Secure] <Jr_dark> ya pe mano yo me quedare un ratico mas
[28Aug2026 05:09:55.884] [Server thread/INFO] [net.minecraft.server.MinecraftServer/]: [Not Secure] <Jr_dark> yaya
[28Aug2026 05:09:59.258] [Server thread/INFO] [net.minecraft.server.MinecraftServer/]: [Not Secure] <Uzielcrak77> porqe lo tengo en cel
[28Aug2026 05:10:03.071] [Server thread/INFO] [net.minecraft.server.MinecraftServer/]: [Not Secure] <Jr_dark> esta bien mano chvre pe
[28Aug2026 05:10:05.322] [Server thread/INFO] [net.minecraft.server.MinecraftServer/]: [Not Secure] <Uzielcrak77> sino conversa con jhon p
[28Aug2026 05:10:08.389] [Server thread/INFO] [net.minecraft.server.MinecraftServer/]: [Not Secure] <Jr_dark> mmmm con razn pe
[28Aug2026 05:10:09.886] [Server thread/INFO] [net.minecraft.server.MinecraftServer/]: [Not Secure] <Uzielcrak77> ta despierto el pata
[28Aug2026 05:10:11.754] [Server thread/INFO] [net.minecraft.server.MinecraftServer/]: [Not Secure] <Jr_dark> xd
[28Aug2026 05:10:13.703] [Server thread/INFO] [net.minecraft.server.MinecraftServer/]: [Not Secure] <Jr_dark> yayya
[28Aug2026 05:10:22.608] [Server thread/INFO] [net.minecraft.server.MinecraftServer/]: [Not Secure] <Jr_dark> ya pe mano alamos cdt mano saludos
[28Aug2026 05:10:27.328] [Server thread/INFO] [net.minecraft.server.MinecraftServer/]: [Not Secure] <Jr_dark> te quiero manito
[28Aug2026 05:10:28.568] [Server thread/INFO] [net.minecraft.server.MinecraftServer/]: [Not Secure] <Uzielcrak77> velda mañana voy agregar mods nuevos
[28Aug2026 05:10:32.359] [Server thread/INFO] [net.minecraft.server.MinecraftServer/]: [Not Secure] <Jr_dark> vava
[28Aug2026 05:10:36.587] [Server thread/INFO] [net.minecraft.server.MinecraftServer/]: [Not Secure] <Uzielcrak77> va mno yo tmb te quiero alamos p
[28Aug2026 05:10:52.709] [Server thread/INFO] [net.minecraft.server.MinecraftServer/]: [Not Secure] <Jr_dark> vavva alamos beba
[28Aug2026 05:10:57.656] [Server thread/INFO] [net.minecraft.server.MinecraftServer/]: [Not Secure] <Uzielcrak77> vavava bye
[28Aug2026 05:10:59.305] [Server thread/INFO] [net.minecraft.server.network.ServerGamePacketListenerImpl/]: Uzielcrak77 lost connection: Disconnected
[28Aug2026 05:10:59.305] [Server thread/INFO] [net.minecraft.server.MinecraftServer/]: Uzielcrak77 left the game
[28Aug2026 05:11:02.856] [Server thread/INFO] [net.minecraft.server.MinecraftServer/]: [Jr_dark: Gave 1000 experience points to Jr_dark]
[28Aug2026 05:12:14.920] [Server thread/INFO] [net.minecraft.server.MinecraftServer/]: [Jr_dark: Gave 1000 experience points to Jr_dark]
[28Aug2026 05:14:08.782] [Server thread/DEBUG] [net.minecraftforge.common.ForgeHooks/WP]: Gathering id map for writing to world save world
[28Aug2026 05:14:08.793] [Server thread/DEBUG] [net.minecraftforge.common.ForgeHooks/WP]: ID Map collection complete world
[28Aug2026 05:15:29.008] [Server thread/INFO] [net.minecraft.server.MinecraftServer/]: [Jr_dark: Gave 1000 experience points to Jr_dark]
[28Aug2026 05:16:36.982] [Server thread/INFO] [net.minecraft.server.MinecraftServer/]: [Jr_dark: Gave 1000 experience points to Jr_dark]
[28Aug2026 05:17:32.363] [Server thread/INFO] [net.minecraft.server.MinecraftServer/]: [Not Secure] [Server] te sigo viendo
[28Aug2026 05:17:40.807] [Server thread/INFO] [net.minecraft.server.MinecraftServer/]: [Not Secure] <Jr_dark> xdddddd
[28Aug2026 05:18:02.211] [Server thread/INFO] [net.minecraft.server.MinecraftServer/]: [Not Secure] [Server] xd
[28Aug2026 05:18:48.411] [Server thread/INFO] [net.minecraft.server.MinecraftServer/]: [Not Secure] [Server] oe mno le puedo meter mod de the last of us?
[28Aug2026 05:19:08.782] [Server thread/DEBUG] [net.minecraftforge.common.ForgeHooks/WP]: Gathering id map for writing to world save world
[28Aug2026 05:19:08.793] [Server thread/DEBUG] [net.minecraftforge.common.ForgeHooks/WP]: ID Map collection complete world
[28Aug2026 05:19:15.877] [Server thread/INFO] [net.minecraft.server.MinecraftServer/]: [Not Secure] <Jr_dark> xdddd
[28Aug2026 05:19:19.956] [Server thread/INFO] [net.minecraft.server.MinecraftServer/]: [Not Secure] <Jr_dark> a que mano
[28Aug2026 05:19:24.662] [Server thread/INFO] [net.minecraft.server.MinecraftServer/]: [Not Secure] <Jr_dark> a este server ?
[28Aug2026 05:19:32.062] [Server thread/INFO] [net.minecraft.server.MinecraftServer/]: [Not Secure] [Server] le hago lore de qe provienen del espaio
[28Aug2026 05:19:37.868] [Server thread/INFO] [net.minecraft.server.MinecraftServer/]: [Not Secure] [Server] si edte
[28Aug2026 05:19:38.456] [Server thread/INFO] [net.minecraft.server.MinecraftServer/]: [Not Secure] <Jr_dark> mmmm
[28Aug2026 05:19:49.210] [Server thread/INFO] [net.minecraft.server.MinecraftServer/]: [Not Secure] <Jr_dark> primero hay que matarnos los jefes de aca
[28Aug2026 05:19:51.580] [Server thread/INFO] [net.minecraft.server.MinecraftServer/]: [Not Secure] <Jr_dark> todo
[28Aug2026 05:19:55.379] [Server thread/INFO] [net.minecraft.server.MinecraftServer/]: [Not Secure] <Jr_dark> fulll
[28Aug2026 05:20:01.617] [Server thread/INFO] [net.minecraft.server.MinecraftServer/]: [Not Secure] <Jr_dark> hacer unas casas ufffffff
[28Aug2026 05:20:03.854] [Server thread/INFO] [net.minecraft.server.MinecraftServer/]: [Not Secure] <Jr_dark> granjas
[28Aug2026 05:20:07.707] [Server thread/INFO] [net.minecraft.server.MinecraftServer/]: [Not Secure] <Jr_dark> todo
[28Aug2026 05:20:19.807] [Server thread/INFO] [net.minecraft.server.MinecraftServer/]: [Not Secure] <Jr_dark> que sea como nuestro mundo hard
[28Aug2026 05:21:23.329] [Server thread/INFO] [net.minecraft.server.MinecraftServer/]: [Jr_dark: Gave 1000 experience points to Jr_dark]
[28Aug2026 05:21:49.658] [Server thread/INFO] [net.minecraft.server.MinecraftServer/]: [Not Secure] [Server] va toy pensando lore escucha ,entonces despues de los acotcimiento de los bosses aparecio una nueva amenza dl espacio un parasito repr/say yy vienen en hova  va osy l ptoy pensando loren escucha ,entonces deeces despues de nlos tiaacotecimiento de los bosses aparecio una nueva amenza del espacio un parasito reproductor de hongos
[28Aug2026 05:21:59.805] [Server thread/INFO] [net.minecraft.server.MinecraftServer/]: [Not Secure] [Server] opina jkjejej
[28Aug2026 05:22:22.105] [Server thread/INFO] [net.minecraft.server.network.ServerGamePacketListenerImpl/]: Jr_dark lost connection: Timed out
[28Aug2026 05:22:22.105] [Server thread/INFO] [net.minecraft.server.MinecraftServer/]: Jr_dark left the game
[28Aug2026 05:22:41.143] [Server thread/INFO] [net.minecraft.server.MinecraftServer/]: [Not Secure] [Server] JJAJAJJAJAJAJAJAJ
[28Aug2026 05:22:48.193] [Server thread/INFO] [net.minecraft.server.MinecraftServer/]: Unknown or incomplete command, see below for error
[28Aug2026 05:22:48.194] [Server thread/INFO] [net.minecraft.server.MinecraftServer/]: SE SALIA<--[HERE]
[28Aug2026 05:23:03.249] [Netty Epoll Server IO #4/DEBUG] [net.minecraftforge.network.HandshakeHandler/FMLHANDSHAKE]: Starting new modded impl connection. Found 25 messages to dispatch.
[28Aug2026 05:23:03.293] [Server thread/DEBUG] [net.minecraftforge.network.HandshakeHandler/FMLHANDSHAKE]: Sending ticking packet info 'net.minecraftforge.network.HandshakeMessages$S2CModData' to 'fml:handshake' sequence 0
[28Aug2026 05:23:03.293] [Server thread/DEBUG] [net.minecraftforge.network.HandshakeHandler/FMLHANDSHAKE]: Sending ticking packet info 'net.minecraftforge.network.HandshakeMessages$S2CModList' to 'fml:handshake' sequence 1
[28Aug2026 05:23:03.293] [Server thread/DEBUG] [net.minecraftforge.network.HandshakeHandler/FMLHANDSHAKE]: Sending ticking packet info 'Registry minecraft:command_argument_type' to 'fml:handshake' sequence 2
[28Aug2026 05:23:03.293] [Server thread/DEBUG] [net.minecraftforge.network.HandshakeHandler/FMLHANDSHAKE]: Sending ticking packet info 'Registry minecraft:recipe_serializer' to 'fml:handshake' sequence 3
[28Aug2026 05:23:03.293] [Server thread/DEBUG] [net.minecraftforge.network.HandshakeHandler/FMLHANDSHAKE]: Sending ticking packet info 'Registry minecraft:sound_event' to 'fml:handshake' sequence 4
[28Aug2026 05:23:03.294] [Server thread/DEBUG] [net.minecraftforge.network.HandshakeHandler/FMLHANDSHAKE]: Sending ticking packet info 'Registry minecraft:particle_type' to 'fml:handshake' sequence 5
[28Aug2026 05:23:03.294] [Server thread/DEBUG] [net.minecraftforge.network.HandshakeHandler/FMLHANDSHAKE]: Sending ticking packet info 'Registry minecraft:villager_profession' to 'fml:handshake' sequence 6
[28Aug2026 05:23:03.294] [Server thread/DEBUG] [net.minecraftforge.network.HandshakeHandler/FMLHANDSHAKE]: Sending ticking packet info 'Registry minecraft:item' to 'fml:handshake' sequence 7
[28Aug2026 05:23:03.294] [Server thread/DEBUG] [net.minecraftforge.network.HandshakeHandler/FMLHANDSHAKE]: Sending ticking packet info 'Registry minecraft:potion' to 'fml:handshake' sequence 8
[28Aug2026 05:23:03.294] [Server thread/DEBUG] [net.minecraftforge.network.HandshakeHandler/FMLHANDSHAKE]: Sending ticking packet info 'Registry minecraft:painting_variant' to 'fml:handshake' sequence 9
[28Aug2026 05:23:03.294] [Server thread/DEBUG] [net.minecraftforge.network.HandshakeHandler/FMLHANDSHAKE]: Sending ticking packet info 'Registry forge:fluid_type' to 'fml:handshake' sequence 10
[28Aug2026 05:23:03.294] [Server thread/DEBUG] [net.minecraftforge.network.HandshakeHandler/FMLHANDSHAKE]: Sending ticking packet info 'Registry minecraft:block_entity_type' to 'fml:handshake' sequence 11
[28Aug2026 05:23:03.294] [Server thread/DEBUG] [net.minecraftforge.network.HandshakeHandler/FMLHANDSHAKE]: Sending ticking packet info 'Registry forge:display_contexts' to 'fml:handshake' sequence 12
[28Aug2026 05:23:03.294] [Server thread/DEBUG] [net.minecraftforge.network.HandshakeHandler/FMLHANDSHAKE]: Sending ticking packet info 'Registry minecraft:block' to 'fml:handshake' sequence 13
[28Aug2026 05:23:03.294] [Server thread/DEBUG] [net.minecraftforge.network.HandshakeHandler/FMLHANDSHAKE]: Sending ticking packet info 'Registry forge:entity_data_serializers' to 'fml:handshake' sequence 14
[28Aug2026 05:23:03.294] [Server thread/DEBUG] [net.minecraftforge.network.HandshakeHandler/FMLHANDSHAKE]: Sending ticking packet info 'Registry minecraft:mob_effect' to 'fml:handshake' sequence 15
[28Aug2026 05:23:03.294] [Server thread/DEBUG] [net.minecraftforge.network.HandshakeHandler/FMLHANDSHAKE]: Sending ticking packet info 'Registry minecraft:stat_type' to 'fml:handshake' sequence 16
[28Aug2026 05:23:03.294] [Server thread/DEBUG] [net.minecraftforge.network.HandshakeHandler/FMLHANDSHAKE]: Sending ticking packet info 'Registry minecraft:menu' to 'fml:handshake' sequence 17
[28Aug2026 05:23:03.294] [Server thread/DEBUG] [net.minecraftforge.network.HandshakeHandler/FMLHANDSHAKE]: Sending ticking packet info 'Registry minecraft:enchantment' to 'fml:handshake' sequence 18
[28Aug2026 05:23:03.294] [Server thread/DEBUG] [net.minecraftforge.network.HandshakeHandler/FMLHANDSHAKE]: Sending ticking packet info 'Registry minecraft:fluid' to 'fml:handshake' sequence 19
[28Aug2026 05:23:03.294] [Server thread/DEBUG] [net.minecraftforge.network.HandshakeHandler/FMLHANDSHAKE]: Sending ticking packet info 'Registry minecraft:entity_type' to 'fml:handshake' sequence 20
[28Aug2026 05:23:03.294] [Server thread/DEBUG] [net.minecraftforge.network.HandshakeHandler/FMLHANDSHAKE]: Sending ticking packet info 'Config curios-server.toml' to 'fml:handshake' sequence 21
[28Aug2026 05:23:03.294] [Server thread/DEBUG] [net.minecraftforge.network.HandshakeHandler/FMLHANDSHAKE]: Sending ticking packet info 'Config journeymap-server.toml' to 'fml:handshake' sequence 22
[28Aug2026 05:23:03.294] [Server thread/DEBUG] [net.minecraftforge.network.HandshakeHandler/FMLHANDSHAKE]: Sending ticking packet info 'Config jei-server.toml' to 'fml:handshake' sequence 23
[28Aug2026 05:23:03.294] [Server thread/DEBUG] [net.minecraftforge.network.HandshakeHandler/FMLHANDSHAKE]: Sending ticking packet info 'Config forge-server.toml' to 'fml:handshake' sequence 24
[28Aug2026 05:23:04.666] [Netty Epoll Server IO #4/DEBUG] [net.minecraftforge.network.LoginWrapper/FMLHANDSHAKE]: Recieved login wrapper packet event for channel fml:handshake with index 1
[28Aug2026 05:23:04.666] [Netty Epoll Server IO #4/DEBUG] [net.minecraftforge.network.HandshakeHandler/FMLHANDSHAKE]: Received client indexed reply 1 of type net.minecraftforge.network.HandshakeMessages$C2SModListReply
[28Aug2026 05:23:04.666] [Netty Epoll Server IO #4/DEBUG] [net.minecraftforge.network.HandshakeHandler/FMLHANDSHAKE]: Received client connection with modlist [minecraft, betterdungeons, terrablender, ambientsounds, jade, geckolib, creativecore, jei, commonnetworking, lionfishapi, trender, cataclysm, curios, journeymap, trulydark, modernfix, citadel, alexscaves, alexsmobs, horror_element_mod, yungsapi, entityculling, glitchcore, biomesoplenty, immediatelyfast, starlight, cfm, ferritecore, embeddium_extra, iceandfire, transition, framework, cloth_config, sound_physics_remastered, forge, tlskincape, journeymap_api, embeddium, rubidium, presencefootsteps]
[28Aug2026 05:23:04.666] [Netty Epoll Server IO #4/DEBUG] [net.minecraftforge.network.NetworkRegistry/NETREGISTRY]: Channel 'alexscaves:main_channel' : Version test of '1' from client : ACCEPTED
[28Aug2026 05:23:04.667] [Netty Epoll Server IO #4/DEBUG] [net.minecraftforge.network.NetworkRegistry/NETREGISTRY]: Channel 'jei:channel' : Version test of '1.0.0' from client : ACCEPTED
[28Aug2026 05:23:04.667] [Netty Epoll Server IO #4/DEBUG] [net.minecraftforge.network.NetworkRegistry/NETREGISTRY]: Channel 'minecraft:unregister' : Version test of 'FML3' from client : ACCEPTED
[28Aug2026 05:23:04.667] [Netty Epoll Server IO #4/DEBUG] [net.minecraftforge.network.NetworkRegistry/NETREGISTRY]: Channel 'cfm:network' : Version test of '1' from client : ACCEPTED
[28Aug2026 05:23:04.667] [Netty Epoll Server IO #4/DEBUG] [net.minecraftforge.network.NetworkRegistry/NETREGISTRY]: Channel 'journeymap:waypoint_notification' : Version test of '1' from client : ACCEPTED
[28Aug2026 05:23:04.667] [Netty Epoll Server IO #4/DEBUG] [net.minecraftforge.network.NetworkRegistry/NETREGISTRY]: Channel 'journeymap:remove_player' : Version test of '1' from client : ACCEPTED
[28Aug2026 05:23:04.667] [Netty Epoll Server IO #4/DEBUG] [net.minecraftforge.network.NetworkRegistry/NETREGISTRY]: Channel 'journeymap:version' : Version test of '1' from client : ACCEPTED
[28Aug2026 05:23:04.667] [Netty Epoll Server IO #4/DEBUG] [net.minecraftforge.network.NetworkRegistry/NETREGISTRY]: Channel 'framework:play' : Version test of '1' from client : ACCEPTED
[28Aug2026 05:23:04.667] [Netty Epoll Server IO #4/DEBUG] [net.minecraftforge.network.NetworkRegistry/NETREGISTRY]: Channel 'journeymap:waypoint_scope_resp' : Version test of '1' from client : ACCEPTED
[28Aug2026 05:23:04.667] [Netty Epoll Server IO #4/DEBUG] [net.minecraftforge.network.NetworkRegistry/NETREGISTRY]: Channel 'journeymap:overlay_clear' : Version test of '1' from client : ACCEPTED
[28Aug2026 05:23:04.667] [Netty Epoll Server IO #4/DEBUG] [net.minecraftforge.network.NetworkRegistry/NETREGISTRY]: Channel 'journeymap:admin_req' : Version test of '1' from client : ACCEPTED
[28Aug2026 05:23:04.667] [Netty Epoll Server IO #4/DEBUG] [net.minecraftforge.network.NetworkRegistry/NETREGISTRY]: Channel 'cataclysm:main_channel' : Version test of '1' from client : ACCEPTED
[28Aug2026 05:23:04.667] [Netty Epoll Server IO #4/DEBUG] [net.minecraftforge.network.NetworkRegistry/NETREGISTRY]: Channel 'journeymap:waypoint' : Version test of '1' from client : ACCEPTED
[28Aug2026 05:23:04.667] [Netty Epoll Server IO #4/DEBUG] [net.minecraftforge.network.NetworkRegistry/NETREGISTRY]: Channel 'lionfishapi:main_channel' : Version test of '1' from client : ACCEPTED
[28Aug2026 05:23:04.667] [Netty Epoll Server IO #4/DEBUG] [net.minecraftforge.network.NetworkRegistry/NETREGISTRY]: Channel 'journeymap:waypoint_settings_resp' : Version test of '1' from client : ACCEPTED
[28Aug2026 05:23:04.667] [Netty Epoll Server IO #4/DEBUG] [net.minecraftforge.network.NetworkRegistry/NETREGISTRY]: Channel 'forge:tier_sorting' : Version test of '1.0' from client : ACCEPTED
[28Aug2026 05:23:04.667] [Netty Epoll Server IO #4/DEBUG] [net.minecraftforge.network.NetworkRegistry/NETREGISTRY]: Channel 'alexsmobs:main_channel' : Version test of '1' from client : ACCEPTED
[28Aug2026 05:23:04.667] [Netty Epoll Server IO #4/DEBUG] [net.minecraftforge.network.NetworkRegistry/NETREGISTRY]: Channel 'journeymap:waypoint_settings_update' : Version test of '1' from client : ACCEPTED
[28Aug2026 05:23:04.667] [Netty Epoll Server IO #4/DEBUG] [net.minecraftforge.network.NetworkRegistry/NETREGISTRY]: Channel 'fml:play' : Version test of 'FML3' from client : ACCEPTED
[28Aug2026 05:23:04.667] [Netty Epoll Server IO #4/DEBUG] [net.minecraftforge.network.NetworkRegistry/NETREGISTRY]: Channel 'creativecore:main' : Version test of '1' from client : ACCEPTED
[28Aug2026 05:23:04.667] [Netty Epoll Server IO #4/DEBUG] [net.minecraftforge.network.NetworkRegistry/NETREGISTRY]: Channel 'journeymap:waypoint_scope_req' : Version test of '1' from client : ACCEPTED
[28Aug2026 05:23:04.667] [Netty Epoll Server IO #4/DEBUG] [net.minecraftforge.network.NetworkRegistry/NETREGISTRY]: Channel 'journeymap:teleport_req' : Version test of '1' from client : ACCEPTED
[28Aug2026 05:23:04.667] [Netty Epoll Server IO #4/DEBUG] [net.minecraftforge.network.NetworkRegistry/NETREGISTRY]: Channel 'journeymap:overlay_show' : Version test of '1' from client : ACCEPTED
[28Aug2026 05:23:04.667] [Netty Epoll Server IO #4/DEBUG] [net.minecraftforge.network.NetworkRegistry/NETREGISTRY]: Channel 'modernfix:ingredient_sync' : Version test of '1' from client : ACCEPTED
[28Aug2026 05:23:04.667] [Netty Epoll Server IO #4/DEBUG] [net.minecraftforge.network.NetworkRegistry/NETREGISTRY]: Channel 'journeymap:common' : Version test of '1' from client : ACCEPTED
[28Aug2026 05:23:04.667] [Netty Epoll Server IO #4/DEBUG] [net.minecraftforge.network.NetworkRegistry/NETREGISTRY]: Channel 'minecraft:register' : Version test of 'FML3' from client : ACCEPTED
[28Aug2026 05:23:04.667] [Netty Epoll Server IO #4/DEBUG] [net.minecraftforge.network.NetworkRegistry/NETREGISTRY]: Channel 'geckolib:main' : Version test of '1' from client : ACCEPTED
[28Aug2026 05:23:04.667] [Netty Epoll Server IO #4/DEBUG] [net.minecraftforge.network.NetworkRegistry/NETREGISTRY]: Channel 'journeymap:waypoint_crud_req' : Version test of '1' from client : ACCEPTED
[28Aug2026 05:23:04.667] [Netty Epoll Server IO #4/DEBUG] [net.minecraftforge.network.NetworkRegistry/NETREGISTRY]: Channel 'citadel:main_channel' : Version test of '1' from client : ACCEPTED
[28Aug2026 05:23:04.667] [Netty Epoll Server IO #4/DEBUG] [net.minecraftforge.network.NetworkRegistry/NETREGISTRY]: Channel 'iceandfire:main_channel' : Version test of '1' from client : ACCEPTED
[28Aug2026 05:23:04.667] [Netty Epoll Server IO #4/DEBUG] [net.minecraftforge.network.NetworkRegistry/NETREGISTRY]: Channel 'modernfix:main' : Version test of '1' from client : ACCEPTED
[28Aug2026 05:23:04.667] [Netty Epoll Server IO #4/DEBUG] [net.minecraftforge.network.NetworkRegistry/NETREGISTRY]: Channel 'journeymap:waypoint_crud_resp' : Version test of '1' from client : ACCEPTED
[28Aug2026 05:23:04.667] [Netty Epoll Server IO #4/DEBUG] [net.minecraftforge.network.NetworkRegistry/NETREGISTRY]: Channel 'curios:main' : Version test of '1' from client : ACCEPTED
[28Aug2026 05:23:04.667] [Netty Epoll Server IO #4/DEBUG] [net.minecraftforge.network.NetworkRegistry/NETREGISTRY]: Channel 'worldinfo:world_id' : Version test of '1' from client : ACCEPTED
[28Aug2026 05:23:04.667] [Netty Epoll Server IO #4/DEBUG] [net.minecraftforge.network.NetworkRegistry/NETREGISTRY]: Channel 'journeymap:waypoint_share_op' : Version test of '1' from client : ACCEPTED
[28Aug2026 05:23:04.667] [Netty Epoll Server IO #4/DEBUG] [net.minecraftforge.network.NetworkRegistry/NETREGISTRY]: Channel 'journeymap:global_wp_visibility' : Version test of '1' from client : ACCEPTED
[28Aug2026 05:23:04.667] [Netty Epoll Server IO #4/DEBUG] [net.minecraftforge.network.NetworkRegistry/NETREGISTRY]: Channel 'journeymap:mp_options_req' : Version test of '1' from client : ACCEPTED
[28Aug2026 05:23:04.667] [Netty Epoll Server IO #4/DEBUG] [net.minecraftforge.network.NetworkRegistry/NETREGISTRY]: Channel 'framework:handshake' : Version test of '1' from client : ACCEPTED
[28Aug2026 05:23:04.667] [Netty Epoll Server IO #4/DEBUG] [net.minecraftforge.network.NetworkRegistry/NETREGISTRY]: Channel 'horror_element_mod:horror_element_mod' : Version test of '1' from client : ACCEPTED
[28Aug2026 05:23:04.667] [Netty Epoll Server IO #4/DEBUG] [net.minecraftforge.network.NetworkRegistry/NETREGISTRY]: Channel 'fml:loginwrapper' : Version test of 'FML3' from client : ACCEPTED
[28Aug2026 05:23:04.668] [Netty Epoll Server IO #4/DEBUG] [net.minecraftforge.network.NetworkRegistry/NETREGISTRY]: Channel 'journeymap:waypoint_share_targets_resp' : Version test of '1' from client : ACCEPTED
[28Aug2026 05:23:04.668] [Netty Epoll Server IO #4/DEBUG] [net.minecraftforge.network.NetworkRegistry/NETREGISTRY]: Channel 'journeymap:waypoint_query' : Version test of '1' from client : ACCEPTED
[28Aug2026 05:23:04.668] [Netty Epoll Server IO #4/DEBUG] [net.minecraftforge.network.NetworkRegistry/NETREGISTRY]: Channel 'journeymap:admin_save' : Version test of '1' from client : ACCEPTED
[28Aug2026 05:23:04.668] [Netty Epoll Server IO #4/DEBUG] [net.minecraftforge.network.NetworkRegistry/NETREGISTRY]: Channel 'journeymap:player_loc' : Version test of '1' from client : ACCEPTED
[28Aug2026 05:23:04.668] [Netty Epoll Server IO #4/DEBUG] [net.minecraftforge.network.NetworkRegistry/NETREGISTRY]: Channel 'fml:handshake' : Version test of 'FML3' from client : ACCEPTED
[28Aug2026 05:23:04.668] [Netty Epoll Server IO #4/DEBUG] [net.minecraftforge.network.NetworkRegistry/NETREGISTRY]: Channel 'journeymap:waypoint_scopes' : Version test of '1' from client : ACCEPTED
[28Aug2026 05:23:04.668] [Netty Epoll Server IO #4/DEBUG] [net.minecraftforge.network.NetworkRegistry/NETREGISTRY]: Channel 'journeymap:perm_req' : Version test of '1' from client : ACCEPTED
[28Aug2026 05:23:04.668] [Netty Epoll Server IO #4/DEBUG] [net.minecraftforge.network.NetworkRegistry/NETREGISTRY]: Channel 'forge:split' : Version test of '1.1' from client : ACCEPTED
[28Aug2026 05:23:04.668] [Netty Epoll Server IO #4/DEBUG] [net.minecraftforge.network.NetworkRegistry/NETREGISTRY]: Channel 'journeymap:overlay_remove' : Version test of '1' from client : ACCEPTED
[28Aug2026 05:23:04.668] [Netty Epoll Server IO #4/DEBUG] [net.minecraftforge.network.NetworkRegistry/NETREGISTRY]: Channel 'jade:networking' : Version test of '2' from client : ACCEPTED
[28Aug2026 05:23:04.668] [Netty Epoll Server IO #4/DEBUG] [net.minecraftforge.network.NetworkRegistry/NETREGISTRY]: Channel 'journeymap:waypoint_push' : Version test of '1' from client : ACCEPTED
[28Aug2026 05:23:04.668] [Netty Epoll Server IO #4/DEBUG] [net.minecraftforge.network.NetworkRegistry/NETREGISTRY]: Accepting channel list from client
[28Aug2026 05:23:04.668] [Netty Epoll Server IO #4/DEBUG] [net.minecraftforge.network.HandshakeHandler/FMLHANDSHAKE]: Accepted client connection mod list
[28Aug2026 05:23:04.668] [Netty Epoll Server IO #4/DEBUG] [net.minecraftforge.network.LoginWrapper/FMLHANDSHAKE]: Recieved login wrapper packet event for channel fml:handshake with index 2
[28Aug2026 05:23:04.668] [Netty Epoll Server IO #4/DEBUG] [net.minecraftforge.network.HandshakeHandler/FMLHANDSHAKE]: Received client indexed reply 2 of type net.minecraftforge.network.HandshakeMessages$C2SAcknowledge
[28Aug2026 05:23:04.668] [Netty Epoll Server IO #4/DEBUG] [net.minecraftforge.network.HandshakeHandler/FMLHANDSHAKE]: Received acknowledgement from client
[28Aug2026 05:23:04.668] [Netty Epoll Server IO #4/DEBUG] [net.minecraftforge.network.LoginWrapper/FMLHANDSHAKE]: Recieved login wrapper packet event for channel fml:handshake with index 3
[28Aug2026 05:23:04.668] [Netty Epoll Server IO #4/DEBUG] [net.minecraftforge.network.HandshakeHandler/FMLHANDSHAKE]: Received client indexed reply 3 of type net.minecraftforge.network.HandshakeMessages$C2SAcknowledge
[28Aug2026 05:23:04.668] [Netty Epoll Server IO #4/DEBUG] [net.minecraftforge.network.HandshakeHandler/FMLHANDSHAKE]: Received acknowledgement from client
[28Aug2026 05:23:25.851] [Netty Epoll Server IO #4/DEBUG] [net.minecraftforge.network.LoginWrapper/FMLHANDSHAKE]: Recieved login wrapper packet event for channel fml:handshake with index 4
[28Aug2026 05:23:25.852] [Netty Epoll Server IO #4/DEBUG] [net.minecraftforge.network.HandshakeHandler/FMLHANDSHAKE]: Received client indexed reply 4 of type net.minecraftforge.network.HandshakeMessages$C2SAcknowledge
[28Aug2026 05:23:25.852] [Netty Epoll Server IO #4/DEBUG] [net.minecraftforge.network.HandshakeHandler/FMLHANDSHAKE]: Received acknowledgement from client
[28Aug2026 05:23:25.852] [Netty Epoll Server IO #4/DEBUG] [net.minecraftforge.network.LoginWrapper/FMLHANDSHAKE]: Recieved login wrapper packet event for channel fml:handshake with index 5
[28Aug2026 05:23:25.852] [Netty Epoll Server IO #4/DEBUG] [net.minecraftforge.network.HandshakeHandler/FMLHANDSHAKE]: Received client indexed reply 5 of type net.minecraftforge.network.HandshakeMessages$C2SAcknowledge
[28Aug2026 05:23:25.852] [Netty Epoll Server IO #4/DEBUG] [net.minecraftforge.network.HandshakeHandler/FMLHANDSHAKE]: Received acknowledgement from client
[28Aug2026 05:23:25.852] [Netty Epoll Server IO #4/DEBUG] [net.minecraftforge.network.LoginWrapper/FMLHANDSHAKE]: Recieved login wrapper packet event for channel fml:handshake with index 6
[28Aug2026 05:23:25.852] [Netty Epoll Server IO #4/DEBUG] [net.minecraftforge.network.HandshakeHandler/FMLHANDSHAKE]: Received client indexed reply 6 of type net.minecraftforge.network.HandshakeMessages$C2SAcknowledge
[28Aug2026 05:23:25.852] [Netty Epoll Server IO #4/DEBUG] [net.minecraftforge.network.HandshakeHandler/FMLHANDSHAKE]: Received acknowledgement from client
[28Aug2026 05:23:26.393] [Server thread/INFO] [net.minecraft.server.network.ServerLoginPacketListenerImpl/]: com.mojang.authlib.GameProfile@16f173e1[id=<null>,name=Jr_dark,properties={},legacy=false] (/10.13.238.142:58111) lost connection: Disconnected
[28Aug2026 05:23:45.999] [Netty Epoll Server IO #6/DEBUG] [net.minecraftforge.network.HandshakeHandler/FMLHANDSHAKE]: Starting new modded impl connection. Found 25 messages to dispatch.
[28Aug2026 05:23:46.843] [Server thread/DEBUG] [net.minecraftforge.network.HandshakeHandler/FMLHANDSHAKE]: Sending ticking packet info 'net.minecraftforge.network.HandshakeMessages$S2CModData' to 'fml:handshake' sequence 0
[28Aug2026 05:23:46.843] [Server thread/DEBUG] [net.minecraftforge.network.HandshakeHandler/FMLHANDSHAKE]: Sending ticking packet info 'net.minecraftforge.network.HandshakeMessages$S2CModList' to 'fml:handshake' sequence 1
[28Aug2026 05:23:46.843] [Server thread/DEBUG] [net.minecraftforge.network.HandshakeHandler/FMLHANDSHAKE]: Sending ticking packet info 'Registry minecraft:command_argument_type' to 'fml:handshake' sequence 2
[28Aug2026 05:23:46.843] [Server thread/DEBUG] [net.minecraftforge.network.HandshakeHandler/FMLHANDSHAKE]: Sending ticking packet info 'Registry minecraft:recipe_serializer' to 'fml:handshake' sequence 3
[28Aug2026 05:23:46.843] [Server thread/DEBUG] [net.minecraftforge.network.HandshakeHandler/FMLHANDSHAKE]: Sending ticking packet info 'Registry minecraft:sound_event' to 'fml:handshake' sequence 4
[28Aug2026 05:23:46.843] [Server thread/DEBUG] [net.minecraftforge.network.HandshakeHandler/FMLHANDSHAKE]: Sending ticking packet info 'Registry minecraft:particle_type' to 'fml:handshake' sequence 5
[28Aug2026 05:23:46.843] [Server thread/DEBUG] [net.minecraftforge.network.HandshakeHandler/FMLHANDSHAKE]: Sending ticking packet info 'Registry minecraft:villager_profession' to 'fml:handshake' sequence 6
[28Aug2026 05:23:46.843] [Server thread/DEBUG] [net.minecraftforge.network.HandshakeHandler/FMLHANDSHAKE]: Sending ticking packet info 'Registry minecraft:item' to 'fml:handshake' sequence 7
[28Aug2026 05:23:46.843] [Server thread/DEBUG] [net.minecraftforge.network.HandshakeHandler/FMLHANDSHAKE]: Sending ticking packet info 'Registry minecraft:potion' to 'fml:handshake' sequence 8
[28Aug2026 05:23:46.843] [Server thread/DEBUG] [net.minecraftforge.network.HandshakeHandler/FMLHANDSHAKE]: Sending ticking packet info 'Registry minecraft:painting_variant' to 'fml:handshake' sequence 9
[28Aug2026 05:23:46.843] [Server thread/DEBUG] [net.minecraftforge.network.HandshakeHandler/FMLHANDSHAKE]: Sending ticking packet info 'Registry forge:fluid_type' to 'fml:handshake' sequence 10
[28Aug2026 05:23:46.843] [Server thread/DEBUG] [net.minecraftforge.network.HandshakeHandler/FMLHANDSHAKE]: Sending ticking packet info 'Registry minecraft:block_entity_type' to 'fml:handshake' sequence 11
[28Aug2026 05:23:46.843] [Server thread/DEBUG] [net.minecraftforge.network.HandshakeHandler/FMLHANDSHAKE]: Sending ticking packet info 'Registry forge:display_contexts' to 'fml:handshake' sequence 12
[28Aug2026 05:23:46.843] [Server thread/DEBUG] [net.minecraftforge.network.HandshakeHandler/FMLHANDSHAKE]: Sending ticking packet info 'Registry minecraft:block' to 'fml:handshake' sequence 13
[28Aug2026 05:23:46.843] [Server thread/DEBUG] [net.minecraftforge.network.HandshakeHandler/FMLHANDSHAKE]: Sending ticking packet info 'Registry forge:entity_data_serializers' to 'fml:handshake' sequence 14
[28Aug2026 05:23:46.843] [Server thread/DEBUG] [net.minecraftforge.network.HandshakeHandler/FMLHANDSHAKE]: Sending ticking packet info 'Registry minecraft:mob_effect' to 'fml:handshake' sequence 15
[28Aug2026 05:23:46.843] [Server thread/DEBUG] [net.minecraftforge.network.HandshakeHandler/FMLHANDSHAKE]: Sending ticking packet info 'Registry minecraft:stat_type' to 'fml:handshake' sequence 16
[28Aug2026 05:23:46.843] [Server thread/DEBUG] [net.minecraftforge.network.HandshakeHandler/FMLHANDSHAKE]: Sending ticking packet info 'Registry minecraft:menu' to 'fml:handshake' sequence 17
[28Aug2026 05:23:46.843] [Server thread/DEBUG] [net.minecraftforge.network.HandshakeHandler/FMLHANDSHAKE]: Sending ticking packet info 'Registry minecraft:enchantment' to 'fml:handshake' sequence 18
[28Aug2026 05:23:46.843] [Server thread/DEBUG] [net.minecraftforge.network.HandshakeHandler/FMLHANDSHAKE]: Sending ticking packet info 'Registry minecraft:fluid' to 'fml:handshake' sequence 19
[28Aug2026 05:23:46.843] [Server thread/DEBUG] [net.minecraftforge.network.HandshakeHandler/FMLHANDSHAKE]: Sending ticking packet info 'Registry minecraft:entity_type' to 'fml:handshake' sequence 20
[28Aug2026 05:23:46.843] [Server thread/DEBUG] [net.minecraftforge.network.HandshakeHandler/FMLHANDSHAKE]: Sending ticking packet info 'Config curios-server.toml' to 'fml:handshake' sequence 21
[28Aug2026 05:23:46.843] [Server thread/DEBUG] [net.minecraftforge.network.HandshakeHandler/FMLHANDSHAKE]: Sending ticking packet info 'Config journeymap-server.toml' to 'fml:handshake' sequence 22
[28Aug2026 05:23:46.843] [Server thread/DEBUG] [net.minecraftforge.network.HandshakeHandler/FMLHANDSHAKE]: Sending ticking packet info 'Config jei-server.toml' to 'fml:handshake' sequence 23
[28Aug2026 05:23:46.843] [Server thread/DEBUG] [net.minecraftforge.network.HandshakeHandler/FMLHANDSHAKE]: Sending ticking packet info 'Config forge-server.toml' to 'fml:handshake' sequence 24
[28Aug2026 05:24:08.767] [Server thread/DEBUG] [net.minecraftforge.common.ForgeHooks/WP]: Gathering id map for writing to world save world
[28Aug2026 05:24:08.778] [Server thread/DEBUG] [net.minecraftforge.common.ForgeHooks/WP]: ID Map collection complete world
[28Aug2026 05:24:16.043] [Server thread/INFO] [net.minecraft.server.network.ServerLoginPacketListenerImpl/]: Disconnecting com.mojang.authlib.GameProfile@21477087[id=<null>,name=Jr_dark,properties={},legacy=false] (/10.13.238.142:58140): Took too long to log in
[28Aug2026 05:24:16.044] [Server thread/INFO] [net.minecraft.server.network.ServerLoginPacketListenerImpl/]: com.mojang.authlib.GameProfile@21477087[id=<null>,name=Jr_dark,properties={},legacy=false] (/10.13.238.142:58140) lost connection: Took too long to log in
[28Aug2026 05:24:16.093] [Server thread/WARN] [net.minecraft.network.Connection/]: handleDisconnection() called twice
[28Aug2026 05:24:23.707] [Netty Epoll Server IO #0/DEBUG] [net.minecraftforge.network.HandshakeHandler/FMLHANDSHAKE]: Starting new modded impl connection. Found 25 messages to dispatch.
[28Aug2026 05:24:23.744] [Server thread/DEBUG] [net.minecraftforge.network.HandshakeHandler/FMLHANDSHAKE]: Sending ticking packet info 'net.minecraftforge.network.HandshakeMessages$S2CModData' to 'fml:handshake' sequence 0
[28Aug2026 05:24:23.745] [Server thread/DEBUG] [net.minecraftforge.network.HandshakeHandler/FMLHANDSHAKE]: Sending ticking packet info 'net.minecraftforge.network.HandshakeMessages$S2CModList' to 'fml:handshake' sequence 1
[28Aug2026 05:24:23.745] [Server thread/DEBUG] [net.minecraftforge.network.HandshakeHandler/FMLHANDSHAKE]: Sending ticking packet info 'Registry minecraft:command_argument_type' to 'fml:handshake' sequence 2
[28Aug2026 05:24:23.745] [Server thread/DEBUG] [net.minecraftforge.network.HandshakeHandler/FMLHANDSHAKE]: Sending ticking packet info 'Registry minecraft:recipe_serializer' to 'fml:handshake' sequence 3
[28Aug2026 05:24:23.745] [Server thread/DEBUG] [net.minecraftforge.network.HandshakeHandler/FMLHANDSHAKE]: Sending ticking packet info 'Registry minecraft:sound_event' to 'fml:handshake' sequence 4
[28Aug2026 05:24:23.745] [Server thread/DEBUG] [net.minecraftforge.network.HandshakeHandler/FMLHANDSHAKE]: Sending ticking packet info 'Registry minecraft:particle_type' to 'fml:handshake' sequence 5
[28Aug2026 05:24:23.745] [Server thread/DEBUG] [net.minecraftforge.network.HandshakeHandler/FMLHANDSHAKE]: Sending ticking packet info 'Registry minecraft:villager_profession' to 'fml:handshake' sequence 6
[28Aug2026 05:24:23.745] [Server thread/DEBUG] [net.minecraftforge.network.HandshakeHandler/FMLHANDSHAKE]: Sending ticking packet info 'Registry minecraft:item' to 'fml:handshake' sequence 7
[28Aug2026 05:24:23.745] [Server thread/DEBUG] [net.minecraftforge.network.HandshakeHandler/FMLHANDSHAKE]: Sending ticking packet info 'Registry minecraft:potion' to 'fml:handshake' sequence 8
[28Aug2026 05:24:23.745] [Server thread/DEBUG] [net.minecraftforge.network.HandshakeHandler/FMLHANDSHAKE]: Sending ticking packet info 'Registry minecraft:painting_variant' to 'fml:handshake' sequence 9
[28Aug2026 05:24:23.745] [Server thread/DEBUG] [net.minecraftforge.network.HandshakeHandler/FMLHANDSHAKE]: Sending ticking packet info 'Registry forge:fluid_type' to 'fml:handshake' sequence 10
[28Aug2026 05:24:23.745] [Server thread/DEBUG] [net.minecraftforge.network.HandshakeHandler/FMLHANDSHAKE]: Sending ticking packet info 'Registry minecraft:block_entity_type' to 'fml:handshake' sequence 11
[28Aug2026 05:24:23.745] [Server thread/DEBUG] [net.minecraftforge.network.HandshakeHandler/FMLHANDSHAKE]: Sending ticking packet info 'Registry forge:display_contexts' to 'fml:handshake' sequence 12
[28Aug2026 05:24:23.745] [Server thread/DEBUG] [net.minecraftforge.network.HandshakeHandler/FMLHANDSHAKE]: Sending ticking packet info 'Registry minecraft:block' to 'fml:handshake' sequence 13
[28Aug2026 05:24:23.745] [Server thread/DEBUG] [net.minecraftforge.network.HandshakeHandler/FMLHANDSHAKE]: Sending ticking packet info 'Registry forge:entity_data_serializers' to 'fml:handshake' sequence 14
[28Aug2026 05:24:23.745] [Server thread/DEBUG] [net.minecraftforge.network.HandshakeHandler/FMLHANDSHAKE]: Sending ticking packet info 'Registry minecraft:mob_effect' to 'fml:handshake' sequence 15
[28Aug2026 05:24:23.745] [Server thread/DEBUG] [net.minecraftforge.network.HandshakeHandler/FMLHANDSHAKE]: Sending ticking packet info 'Registry minecraft:stat_type' to 'fml:handshake' sequence 16
[28Aug2026 05:24:23.745] [Server thread/DEBUG] [net.minecraftforge.network.HandshakeHandler/FMLHANDSHAKE]: Sending ticking packet info 'Registry minecraft:menu' to 'fml:handshake' sequence 17
[28Aug2026 05:24:23.745] [Server thread/DEBUG] [net.minecraftforge.network.HandshakeHandler/FMLHANDSHAKE]: Sending ticking packet info 'Registry minecraft:enchantment' to 'fml:handshake' sequence 18
[28Aug2026 05:24:23.745] [Server thread/DEBUG] [net.minecraftforge.network.HandshakeHandler/FMLHANDSHAKE]: Sending ticking packet info 'Registry minecraft:fluid' to 'fml:handshake' sequence 19
[28Aug2026 05:24:23.745] [Server thread/DEBUG] [net.minecraftforge.network.HandshakeHandler/FMLHANDSHAKE]: Sending ticking packet info 'Registry minecraft:entity_type' to 'fml:handshake' sequence 20
[28Aug2026 05:24:23.745] [Server thread/DEBUG] [net.minecraftforge.network.HandshakeHandler/FMLHANDSHAKE]: Sending ticking packet info 'Config curios-server.toml' to 'fml:handshake' sequence 21
[28Aug2026 05:24:23.745] [Server thread/DEBUG] [net.minecraftforge.network.HandshakeHandler/FMLHANDSHAKE]: Sending ticking packet info 'Config journeymap-server.toml' to 'fml:handshake' sequence 22
[28Aug2026 05:24:23.745] [Server thread/DEBUG] [net.minecraftforge.network.HandshakeHandler/FMLHANDSHAKE]: Sending ticking packet info 'Config jei-server.toml' to 'fml:handshake' sequence 23
[28Aug2026 05:24:23.745] [Server thread/DEBUG] [net.minecraftforge.network.HandshakeHandler/FMLHANDSHAKE]: Sending ticking packet info 'Config forge-server.toml' to 'fml:handshake' sequence 24
[28Aug2026 05:24:39.246] [Server thread/INFO] [net.minecraft.server.network.ServerLoginPacketListenerImpl/]: com.mojang.authlib.GameProfile@3e5314cc[id=<null>,name=Jr_dark,properties={},legacy=false] (/10.13.238.142:58151) lost connection: Disconnected
[28Aug2026 05:25:07.557] [Netty Epoll Server IO #2/DEBUG] [net.minecraftforge.network.HandshakeHandler/FMLHANDSHAKE]: Starting new modded impl connection. Found 25 messages to dispatch.
[28Aug2026 05:25:08.743] [Server thread/DEBUG] [net.minecraftforge.network.HandshakeHandler/FMLHANDSHAKE]: Sending ticking packet info 'net.minecraftforge.network.HandshakeMessages$S2CModData' to 'fml:handshake' sequence 0
[28Aug2026 05:25:08.743] [Server thread/DEBUG] [net.minecraftforge.network.HandshakeHandler/FMLHANDSHAKE]: Sending ticking packet info 'net.minecraftforge.network.HandshakeMessages$S2CModList' to 'fml:handshake' sequence 1
[28Aug2026 05:25:08.743] [Server thread/DEBUG] [net.minecraftforge.network.HandshakeHandler/FMLHANDSHAKE]: Sending ticking packet info 'Registry minecraft:command_argument_type' to 'fml:handshake' sequence 2
[28Aug2026 05:25:08.743] [Server thread/DEBUG] [net.minecraftforge.network.HandshakeHandler/FMLHANDSHAKE]: Sending ticking packet info 'Registry minecraft:recipe_serializer' to 'fml:handshake' sequence 3
[28Aug2026 05:25:08.743] [Server thread/DEBUG] [net.minecraftforge.network.HandshakeHandler/FMLHANDSHAKE]: Sending ticking packet info 'Registry minecraft:sound_event' to 'fml:handshake' sequence 4
[28Aug2026 05:25:08.743] [Server thread/DEBUG] [net.minecraftforge.network.HandshakeHandler/FMLHANDSHAKE]: Sending ticking packet info 'Registry minecraft:particle_type' to 'fml:handshake' sequence 5
[28Aug2026 05:25:08.743] [Server thread/DEBUG] [net.minecraftforge.network.HandshakeHandler/FMLHANDSHAKE]: Sending ticking packet info 'Registry minecraft:villager_profession' to 'fml:handshake' sequence 6
[28Aug2026 05:25:08.743] [Server thread/DEBUG] [net.minecraftforge.network.HandshakeHandler/FMLHANDSHAKE]: Sending ticking packet info 'Registry minecraft:item' to 'fml:handshake' sequence 7
[28Aug2026 05:25:08.743] [Server thread/DEBUG] [net.minecraftforge.network.HandshakeHandler/FMLHANDSHAKE]: Sending ticking packet info 'Registry minecraft:potion' to 'fml:handshake' sequence 8
[28Aug2026 05:25:08.743] [Server thread/DEBUG] [net.minecraftforge.network.HandshakeHandler/FMLHANDSHAKE]: Sending ticking packet info 'Registry minecraft:painting_variant' to 'fml:handshake' sequence 9
[28Aug2026 05:25:08.743] [Server thread/DEBUG] [net.minecraftforge.network.HandshakeHandler/FMLHANDSHAKE]: Sending ticking packet info 'Registry forge:fluid_type' to 'fml:handshake' sequence 10
[28Aug2026 05:25:08.743] [Server thread/DEBUG] [net.minecraftforge.network.HandshakeHandler/FMLHANDSHAKE]: Sending ticking packet info 'Registry minecraft:block_entity_type' to 'fml:handshake' sequence 11
[28Aug2026 05:25:08.743] [Server thread/DEBUG] [net.minecraftforge.network.HandshakeHandler/FMLHANDSHAKE]: Sending ticking packet info 'Registry forge:display_contexts' to 'fml:handshake' sequence 12
[28Aug2026 05:25:08.743] [Server thread/DEBUG] [net.minecraftforge.network.HandshakeHandler/FMLHANDSHAKE]: Sending ticking packet info 'Registry minecraft:block' to 'fml:handshake' sequence 13
[28Aug2026 05:25:08.743] [Server thread/DEBUG] [net.minecraftforge.network.HandshakeHandler/FMLHANDSHAKE]: Sending ticking packet info 'Registry forge:entity_data_serializers' to 'fml:handshake' sequence 14
[28Aug2026 05:25:08.743] [Server thread/DEBUG] [net.minecraftforge.network.HandshakeHandler/FMLHANDSHAKE]: Sending ticking packet info 'Registry minecraft:mob_effect' to 'fml:handshake' sequence 15
[28Aug2026 05:25:08.744] [Server thread/DEBUG] [net.minecraftforge.network.HandshakeHandler/FMLHANDSHAKE]: Sending ticking packet info 'Registry minecraft:stat_type' to 'fml:handshake' sequence 16
[28Aug2026 05:25:08.744] [Server thread/DEBUG] [net.minecraftforge.network.HandshakeHandler/FMLHANDSHAKE]: Sending ticking packet info 'Registry minecraft:menu' to 'fml:handshake' sequence 17
[28Aug2026 05:25:08.744] [Server thread/DEBUG] [net.minecraftforge.network.HandshakeHandler/FMLHANDSHAKE]: Sending ticking packet info 'Registry minecraft:enchantment' to 'fml:handshake' sequence 18
[28Aug2026 05:25:08.744] [Server thread/DEBUG] [net.minecraftforge.network.HandshakeHandler/FMLHANDSHAKE]: Sending ticking packet info 'Registry minecraft:fluid' to 'fml:handshake' sequence 19
[28Aug2026 05:25:08.744] [Server thread/DEBUG] [net.minecraftforge.network.HandshakeHandler/FMLHANDSHAKE]: Sending ticking packet info 'Registry minecraft:entity_type' to 'fml:handshake' sequence 20
[28Aug2026 05:25:08.744] [Server thread/DEBUG] [net.minecraftforge.network.HandshakeHandler/FMLHANDSHAKE]: Sending ticking packet info 'Config curios-server.toml' to 'fml:handshake' sequence 21
[28Aug2026 05:25:08.744] [Server thread/DEBUG] [net.minecraftforge.network.HandshakeHandler/FMLHANDSHAKE]: Sending ticking packet info 'Config journeymap-server.toml' to 'fml:handshake' sequence 22
[28Aug2026 05:25:08.744] [Server thread/DEBUG] [net.minecraftforge.network.HandshakeHandler/FMLHANDSHAKE]: Sending ticking packet info 'Config jei-server.toml' to 'fml:handshake' sequence 23
[28Aug2026 05:25:08.744] [Server thread/DEBUG] [net.minecraftforge.network.HandshakeHandler/FMLHANDSHAKE]: Sending ticking packet info 'Config forge-server.toml' to 'fml:handshake' sequence 24
[28Aug2026 05:25:09.846] [Netty Epoll Server IO #2/DEBUG] [net.minecraftforge.network.LoginWrapper/FMLHANDSHAKE]: Recieved login wrapper packet event for channel fml:handshake with index 1
[28Aug2026 05:25:09.846] [Netty Epoll Server IO #2/DEBUG] [net.minecraftforge.network.HandshakeHandler/FMLHANDSHAKE]: Received client indexed reply 1 of type net.minecraftforge.network.HandshakeMessages$C2SModListReply
[28Aug2026 05:25:09.847] [Netty Epoll Server IO #2/DEBUG] [net.minecraftforge.network.HandshakeHandler/FMLHANDSHAKE]: Received client connection with modlist [minecraft, betterdungeons, terrablender, ambientsounds, jade, geckolib, creativecore, jei, commonnetworking, lionfishapi, trender, cataclysm, curios, journeymap, trulydark, modernfix, citadel, alexscaves, alexsmobs, horror_element_mod, yungsapi, entityculling, glitchcore, biomesoplenty, immediatelyfast, starlight, cfm, ferritecore, embeddium_extra, iceandfire, transition, framework, cloth_config, sound_physics_remastered, forge, tlskincape, journeymap_api, embeddium, rubidium, presencefootsteps]
[28Aug2026 05:25:09.847] [Netty Epoll Server IO #2/DEBUG] [net.minecraftforge.network.NetworkRegistry/NETREGISTRY]: Channel 'alexscaves:main_channel' : Version test of '1' from client : ACCEPTED
[28Aug2026 05:25:09.847] [Netty Epoll Server IO #2/DEBUG] [net.minecraftforge.network.NetworkRegistry/NETREGISTRY]: Channel 'jei:channel' : Version test of '1.0.0' from client : ACCEPTED
[28Aug2026 05:25:09.847] [Netty Epoll Server IO #2/DEBUG] [net.minecraftforge.network.NetworkRegistry/NETREGISTRY]: Channel 'minecraft:unregister' : Version test of 'FML3' from client : ACCEPTED
[28Aug2026 05:25:09.847] [Netty Epoll Server IO #2/DEBUG] [net.minecraftforge.network.NetworkRegistry/NETREGISTRY]: Channel 'cfm:network' : Version test of '1' from client : ACCEPTED
[28Aug2026 05:25:09.848] [Netty Epoll Server IO #2/DEBUG] [net.minecraftforge.network.NetworkRegistry/NETREGISTRY]: Channel 'journeymap:waypoint_notification' : Version test of '1' from client : ACCEPTED
[28Aug2026 05:25:09.848] [Netty Epoll Server IO #2/DEBUG] [net.minecraftforge.network.NetworkRegistry/NETREGISTRY]: Channel 'journeymap:remove_player' : Version test of '1' from client : ACCEPTED
[28Aug2026 05:25:09.848] [Netty Epoll Server IO #2/DEBUG] [net.minecraftforge.network.NetworkRegistry/NETREGISTRY]: Channel 'journeymap:version' : Version test of '1' from client : ACCEPTED
[28Aug2026 05:25:09.848] [Netty Epoll Server IO #2/DEBUG] [net.minecraftforge.network.NetworkRegistry/NETREGISTRY]: Channel 'framework:play' : Version test of '1' from client : ACCEPTED
[28Aug2026 05:25:09.848] [Netty Epoll Server IO #2/DEBUG] [net.minecraftforge.network.NetworkRegistry/NETREGISTRY]: Channel 'journeymap:waypoint_scope_resp' : Version test of '1' from client : ACCEPTED
[28Aug2026 05:25:09.848] [Netty Epoll Server IO #2/DEBUG] [net.minecraftforge.network.NetworkRegistry/NETREGISTRY]: Channel 'journeymap:overlay_clear' : Version test of '1' from client : ACCEPTED
[28Aug2026 05:25:09.848] [Netty Epoll Server IO #2/DEBUG] [net.minecraftforge.network.NetworkRegistry/NETREGISTRY]: Channel 'journeymap:admin_req' : Version test of '1' from client : ACCEPTED
[28Aug2026 05:25:09.848] [Netty Epoll Server IO #2/DEBUG] [net.minecraftforge.network.NetworkRegistry/NETREGISTRY]: Channel 'cataclysm:main_channel' : Version test of '1' from client : ACCEPTED
[28Aug2026 05:25:09.848] [Netty Epoll Server IO #2/DEBUG] [net.minecraftforge.network.NetworkRegistry/NETREGISTRY]: Channel 'journeymap:waypoint' : Version test of '1' from client : ACCEPTED
[28Aug2026 05:25:09.848] [Netty Epoll Server IO #2/DEBUG] [net.minecraftforge.network.NetworkRegistry/NETREGISTRY]: Channel 'lionfishapi:main_channel' : Version test of '1' from client : ACCEPTED
[28Aug2026 05:25:09.848] [Netty Epoll Server IO #2/DEBUG] [net.minecraftforge.network.NetworkRegistry/NETREGISTRY]: Channel 'journeymap:waypoint_settings_resp' : Version test of '1' from client : ACCEPTED
[28Aug2026 05:25:09.848] [Netty Epoll Server IO #2/DEBUG] [net.minecraftforge.network.NetworkRegistry/NETREGISTRY]: Channel 'forge:tier_sorting' : Version test of '1.0' from client : ACCEPTED
[28Aug2026 05:25:09.848] [Netty Epoll Server IO #2/DEBUG] [net.minecraftforge.network.NetworkRegistry/NETREGISTRY]: Channel 'alexsmobs:main_channel' : Version test of '1' from client : ACCEPTED
[28Aug2026 05:25:09.848] [Netty Epoll Server IO #2/DEBUG] [net.minecraftforge.network.NetworkRegistry/NETREGISTRY]: Channel 'journeymap:waypoint_settings_update' : Version test of '1' from client : ACCEPTED
[28Aug2026 05:25:09.848] [Netty Epoll Server IO #2/DEBUG] [net.minecraftforge.network.NetworkRegistry/NETREGISTRY]: Channel 'fml:play' : Version test of 'FML3' from client : ACCEPTED
[28Aug2026 05:25:09.848] [Netty Epoll Server IO #2/DEBUG] [net.minecraftforge.network.NetworkRegistry/NETREGISTRY]: Channel 'creativecore:main' : Version test of '1' from client : ACCEPTED
[28Aug2026 05:25:09.848] [Netty Epoll Server IO #2/DEBUG] [net.minecraftforge.network.NetworkRegistry/NETREGISTRY]: Channel 'journeymap:waypoint_scope_req' : Version test of '1' from client : ACCEPTED
[28Aug2026 05:25:09.848] [Netty Epoll Server IO #2/DEBUG] [net.minecraftforge.network.NetworkRegistry/NETREGISTRY]: Channel 'journeymap:teleport_req' : Version test of '1' from client : ACCEPTED
[28Aug2026 05:25:09.848] [Netty Epoll Server IO #2/DEBUG] [net.minecraftforge.network.NetworkRegistry/NETREGISTRY]: Channel 'journeymap:overlay_show' : Version test of '1' from client : ACCEPTED
[28Aug2026 05:25:09.848] [Netty Epoll Server IO #2/DEBUG] [net.minecraftforge.network.NetworkRegistry/NETREGISTRY]: Channel 'modernfix:ingredient_sync' : Version test of '1' from client : ACCEPTED
[28Aug2026 05:25:09.848] [Netty Epoll Server IO #2/DEBUG] [net.minecraftforge.network.NetworkRegistry/NETREGISTRY]: Channel 'journeymap:common' : Version test of '1' from client : ACCEPTED
[28Aug2026 05:25:09.848] [Netty Epoll Server IO #2/DEBUG] [net.minecraftforge.network.NetworkRegistry/NETREGISTRY]: Channel 'minecraft:register' : Version test of 'FML3' from client : ACCEPTED
[28Aug2026 05:25:09.849] [Netty Epoll Server IO #2/DEBUG] [net.minecraftforge.network.NetworkRegistry/NETREGISTRY]: Channel 'geckolib:main' : Version test of '1' from client : ACCEPTED
[28Aug2026 05:25:09.849] [Netty Epoll Server IO #2/DEBUG] [net.minecraftforge.network.NetworkRegistry/NETREGISTRY]: Channel 'journeymap:waypoint_crud_req' : Version test of '1' from client : ACCEPTED
[28Aug2026 05:25:09.849] [Netty Epoll Server IO #2/DEBUG] [net.minecraftforge.network.NetworkRegistry/NETREGISTRY]: Channel 'citadel:main_channel' : Version test of '1' from client : ACCEPTED
[28Aug2026 05:25:09.849] [Netty Epoll Server IO #2/DEBUG] [net.minecraftforge.network.NetworkRegistry/NETREGISTRY]: Channel 'iceandfire:main_channel' : Version test of '1' from client : ACCEPTED
[28Aug2026 05:25:09.849] [Netty Epoll Server IO #2/DEBUG] [net.minecraftforge.network.NetworkRegistry/NETREGISTRY]: Channel 'modernfix:main' : Version test of '1' from client : ACCEPTED
[28Aug2026 05:25:09.849] [Netty Epoll Server IO #2/DEBUG] [net.minecraftforge.network.NetworkRegistry/NETREGISTRY]: Channel 'journeymap:waypoint_crud_resp' : Version test of '1' from client : ACCEPTED
[28Aug2026 05:25:09.849] [Netty Epoll Server IO #2/DEBUG] [net.minecraftforge.network.NetworkRegistry/NETREGISTRY]: Channel 'curios:main' : Version test of '1' from client : ACCEPTED
[28Aug2026 05:25:09.849] [Netty Epoll Server IO #2/DEBUG] [net.minecraftforge.network.NetworkRegistry/NETREGISTRY]: Channel 'worldinfo:world_id' : Version test of '1' from client : ACCEPTED
[28Aug2026 05:25:09.849] [Netty Epoll Server IO #2/DEBUG] [net.minecraftforge.network.NetworkRegistry/NETREGISTRY]: Channel 'journeymap:waypoint_share_op' : Version test of '1' from client : ACCEPTED
[28Aug2026 05:25:09.849] [Netty Epoll Server IO #2/DEBUG] [net.minecraftforge.network.NetworkRegistry/NETREGISTRY]: Channel 'journeymap:global_wp_visibility' : Version test of '1' from client : ACCEPTED
[28Aug2026 05:25:09.849] [Netty Epoll Server IO #2/DEBUG] [net.minecraftforge.network.NetworkRegistry/NETREGISTRY]: Channel 'journeymap:mp_options_req' : Version test of '1' from client : ACCEPTED
[28Aug2026 05:25:09.849] [Netty Epoll Server IO #2/DEBUG] [net.minecraftforge.network.NetworkRegistry/NETREGISTRY]: Channel 'framework:handshake' : Version test of '1' from client : ACCEPTED
[28Aug2026 05:25:09.849] [Netty Epoll Server IO #2/DEBUG] [net.minecraftforge.network.NetworkRegistry/NETREGISTRY]: Channel 'horror_element_mod:horror_element_mod' : Version test of '1' from client : ACCEPTED
[28Aug2026 05:25:09.849] [Netty Epoll Server IO #2/DEBUG] [net.minecraftforge.network.NetworkRegistry/NETREGISTRY]: Channel 'fml:loginwrapper' : Version test of 'FML3' from client : ACCEPTED
[28Aug2026 05:25:09.849] [Netty Epoll Server IO #2/DEBUG] [net.minecraftforge.network.NetworkRegistry/NETREGISTRY]: Channel 'journeymap:waypoint_share_targets_resp' : Version test of '1' from client : ACCEPTED
[28Aug2026 05:25:09.849] [Netty Epoll Server IO #2/DEBUG] [net.minecraftforge.network.NetworkRegistry/NETREGISTRY]: Channel 'journeymap:waypoint_query' : Version test of '1' from client : ACCEPTED
[28Aug2026 05:25:09.849] [Netty Epoll Server IO #2/DEBUG] [net.minecraftforge.network.NetworkRegistry/NETREGISTRY]: Channel 'journeymap:admin_save' : Version test of '1' from client : ACCEPTED
[28Aug2026 05:25:09.849] [Netty Epoll Server IO #2/DEBUG] [net.minecraftforge.network.NetworkRegistry/NETREGISTRY]: Channel 'journeymap:player_loc' : Version test of '1' from client : ACCEPTED
[28Aug2026 05:25:09.849] [Netty Epoll Server IO #2/DEBUG] [net.minecraftforge.network.NetworkRegistry/NETREGISTRY]: Channel 'fml:handshake' : Version test of 'FML3' from client : ACCEPTED
[28Aug2026 05:25:09.849] [Netty Epoll Server IO #2/DEBUG] [net.minecraftforge.network.NetworkRegistry/NETREGISTRY]: Channel 'journeymap:waypoint_scopes' : Version test of '1' from client : ACCEPTED
[28Aug2026 05:25:09.849] [Netty Epoll Server IO #2/DEBUG] [net.minecraftforge.network.NetworkRegistry/NETREGISTRY]: Channel 'journeymap:perm_req' : Version test of '1' from client : ACCEPTED
[28Aug2026 05:25:09.849] [Netty Epoll Server IO #2/DEBUG] [net.minecraftforge.network.NetworkRegistry/NETREGISTRY]: Channel 'forge:split' : Version test of '1.1' from client : ACCEPTED
[28Aug2026 05:25:09.849] [Netty Epoll Server IO #2/DEBUG] [net.minecraftforge.network.NetworkRegistry/NETREGISTRY]: Channel 'journeymap:overlay_remove' : Version test of '1' from client : ACCEPTED
[28Aug2026 05:25:09.849] [Netty Epoll Server IO #2/DEBUG] [net.minecraftforge.network.NetworkRegistry/NETREGISTRY]: Channel 'jade:networking' : Version test of '2' from client : ACCEPTED
[28Aug2026 05:25:09.849] [Netty Epoll Server IO #2/DEBUG] [net.minecraftforge.network.NetworkRegistry/NETREGISTRY]: Channel 'journeymap:waypoint_push' : Version test of '1' from client : ACCEPTED
[28Aug2026 05:25:09.849] [Netty Epoll Server IO #2/DEBUG] [net.minecraftforge.network.NetworkRegistry/NETREGISTRY]: Accepting channel list from client
[28Aug2026 05:25:09.849] [Netty Epoll Server IO #2/DEBUG] [net.minecraftforge.network.HandshakeHandler/FMLHANDSHAKE]: Accepted client connection mod list
[28Aug2026 05:25:10.276] [Netty Epoll Server IO #2/DEBUG] [net.minecraftforge.network.LoginWrapper/FMLHANDSHAKE]: Recieved login wrapper packet event for channel fml:handshake with index 2
[28Aug2026 05:25:10.276] [Netty Epoll Server IO #2/DEBUG] [net.minecraftforge.network.HandshakeHandler/FMLHANDSHAKE]: Received client indexed reply 2 of type net.minecraftforge.network.HandshakeMessages$C2SAcknowledge
[28Aug2026 05:25:10.276] [Netty Epoll Server IO #2/DEBUG] [net.minecraftforge.network.HandshakeHandler/FMLHANDSHAKE]: Received acknowledgement from client
[28Aug2026 05:25:10.407] [Netty Epoll Server IO #2/DEBUG] [net.minecraftforge.network.LoginWrapper/FMLHANDSHAKE]: Recieved login wrapper packet event for channel fml:handshake with index 3
[28Aug2026 05:25:10.407] [Netty Epoll Server IO #2/DEBUG] [net.minecraftforge.network.HandshakeHandler/FMLHANDSHAKE]: Received client indexed reply 3 of type net.minecraftforge.network.HandshakeMessages$C2SAcknowledge
[28Aug2026 05:25:10.407] [Netty Epoll Server IO #2/DEBUG] [net.minecraftforge.network.HandshakeHandler/FMLHANDSHAKE]: Received acknowledgement from client
[28Aug2026 05:25:17.193] [Server thread/INFO] [net.minecraft.server.network.ServerLoginPacketListenerImpl/]: com.mojang.authlib.GameProfile@6903f2a0[id=<null>,name=Jr_dark,properties={},legacy=false] (/10.13.238.142:58156) lost connection: Disconnected
[28Aug2026 05:25:40.619] [Netty Epoll Server IO #4/DEBUG] [net.minecraftforge.network.HandshakeHandler/FMLHANDSHAKE]: Starting new modded impl connection. Found 25 messages to dispatch.
[28Aug2026 05:25:40.644] [Server thread/DEBUG] [net.minecraftforge.network.HandshakeHandler/FMLHANDSHAKE]: Sending ticking packet info 'net.minecraftforge.network.HandshakeMessages$S2CModData' to 'fml:handshake' sequence 0
[28Aug2026 05:25:40.644] [Server thread/DEBUG] [net.minecraftforge.network.HandshakeHandler/FMLHANDSHAKE]: Sending ticking packet info 'net.minecraftforge.network.HandshakeMessages$S2CModList' to 'fml:handshake' sequence 1
[28Aug2026 05:25:40.644] [Server thread/DEBUG] [net.minecraftforge.network.HandshakeHandler/FMLHANDSHAKE]: Sending ticking packet info 'Registry minecraft:command_argument_type' to 'fml:handshake' sequence 2
[28Aug2026 05:25:40.644] [Server thread/DEBUG] [net.minecraftforge.network.HandshakeHandler/FMLHANDSHAKE]: Sending ticking packet info 'Registry minecraft:recipe_serializer' to 'fml:handshake' sequence 3
[28Aug2026 05:25:40.644] [Server thread/DEBUG] [net.minecraftforge.network.HandshakeHandler/FMLHANDSHAKE]: Sending ticking packet info 'Registry minecraft:sound_event' to 'fml:handshake' sequence 4
[28Aug2026 05:25:40.645] [Server thread/DEBUG] [net.minecraftforge.network.HandshakeHandler/FMLHANDSHAKE]: Sending ticking packet info 'Registry minecraft:particle_type' to 'fml:handshake' sequence 5
[28Aug2026 05:25:40.645] [Server thread/DEBUG] [net.minecraftforge.network.HandshakeHandler/FMLHANDSHAKE]: Sending ticking packet info 'Registry minecraft:villager_profession' to 'fml:handshake' sequence 6
[28Aug2026 05:25:40.645] [Server thread/DEBUG] [net.minecraftforge.network.HandshakeHandler/FMLHANDSHAKE]: Sending ticking packet info 'Registry minecraft:item' to 'fml:handshake' sequence 7
[28Aug2026 05:25:40.645] [Server thread/DEBUG] [net.minecraftforge.network.HandshakeHandler/FMLHANDSHAKE]: Sending ticking packet info 'Registry minecraft:potion' to 'fml:handshake' sequence 8
[28Aug2026 05:25:40.645] [Server thread/DEBUG] [net.minecraftforge.network.HandshakeHandler/FMLHANDSHAKE]: Sending ticking packet info 'Registry minecraft:painting_variant' to 'fml:handshake' sequence 9
[28Aug2026 05:25:40.645] [Server thread/DEBUG] [net.minecraftforge.network.HandshakeHandler/FMLHANDSHAKE]: Sending ticking packet info 'Registry forge:fluid_type' to 'fml:handshake' sequence 10
[28Aug2026 05:25:40.645] [Server thread/DEBUG] [net.minecraftforge.network.HandshakeHandler/FMLHANDSHAKE]: Sending ticking packet info 'Registry minecraft:block_entity_type' to 'fml:handshake' sequence 11
[28Aug2026 05:25:40.646] [Server thread/DEBUG] [net.minecraftforge.network.HandshakeHandler/FMLHANDSHAKE]: Sending ticking packet info 'Registry forge:display_contexts' to 'fml:handshake' sequence 12
[28Aug2026 05:25:40.646] [Server thread/DEBUG] [net.minecraftforge.network.HandshakeHandler/FMLHANDSHAKE]: Sending ticking packet info 'Registry minecraft:block' to 'fml:handshake' sequence 13
[28Aug2026 05:25:40.646] [Server thread/DEBUG] [net.minecraftforge.network.HandshakeHandler/FMLHANDSHAKE]: Sending ticking packet info 'Registry forge:entity_data_serializers' to 'fml:handshake' sequence 14
[28Aug2026 05:25:40.646] [Server thread/DEBUG] [net.minecraftforge.network.HandshakeHandler/FMLHANDSHAKE]: Sending ticking packet info 'Registry minecraft:mob_effect' to 'fml:handshake' sequence 15
[28Aug2026 05:25:40.646] [Server thread/DEBUG] [net.minecraftforge.network.HandshakeHandler/FMLHANDSHAKE]: Sending ticking packet info 'Registry minecraft:stat_type' to 'fml:handshake' sequence 16
[28Aug2026 05:25:40.646] [Server thread/DEBUG] [net.minecraftforge.network.HandshakeHandler/FMLHANDSHAKE]: Sending ticking packet info 'Registry minecraft:menu' to 'fml:handshake' sequence 17
[28Aug2026 05:25:40.646] [Server thread/DEBUG] [net.minecraftforge.network.HandshakeHandler/FMLHANDSHAKE]: Sending ticking packet info 'Registry minecraft:enchantment' to 'fml:handshake' sequence 18
[28Aug2026 05:25:40.646] [Server thread/DEBUG] [net.minecraftforge.network.HandshakeHandler/FMLHANDSHAKE]: Sending ticking packet info 'Registry minecraft:fluid' to 'fml:handshake' sequence 19
[28Aug2026 05:25:40.646] [Server thread/DEBUG] [net.minecraftforge.network.HandshakeHandler/FMLHANDSHAKE]: Sending ticking packet info 'Registry minecraft:entity_type' to 'fml:handshake' sequence 20
[28Aug2026 05:25:40.646] [Server thread/DEBUG] [net.minecraftforge.network.HandshakeHandler/FMLHANDSHAKE]: Sending ticking packet info 'Config curios-server.toml' to 'fml:handshake' sequence 21
[28Aug2026 05:25:40.647] [Server thread/DEBUG] [net.minecraftforge.network.HandshakeHandler/FMLHANDSHAKE]: Sending ticking packet info 'Config journeymap-server.toml' to 'fml:handshake' sequence 22
[28Aug2026 05:25:40.647] [Server thread/DEBUG] [net.minecraftforge.network.HandshakeHandler/FMLHANDSHAKE]: Sending ticking packet info 'Config jei-server.toml' to 'fml:handshake' sequence 23
[28Aug2026 05:25:40.647] [Server thread/DEBUG] [net.minecraftforge.network.HandshakeHandler/FMLHANDSHAKE]: Sending ticking packet info 'Config forge-server.toml' to 'fml:handshake' sequence 24
[28Aug2026 05:25:40.792] [Netty Epoll Server IO #4/DEBUG] [net.minecraftforge.network.LoginWrapper/FMLHANDSHAKE]: Recieved login wrapper packet event for channel fml:handshake with index 1
[28Aug2026 05:25:40.792] [Netty Epoll Server IO #4/DEBUG] [net.minecraftforge.network.HandshakeHandler/FMLHANDSHAKE]: Received client indexed reply 1 of type net.minecraftforge.network.HandshakeMessages$C2SModListReply
[28Aug2026 05:25:40.792] [Netty Epoll Server IO #4/DEBUG] [net.minecraftforge.network.HandshakeHandler/FMLHANDSHAKE]: Received client connection with modlist [minecraft, betterdungeons, terrablender, ambientsounds, jade, geckolib, creativecore, jei, commonnetworking, lionfishapi, trender, cataclysm, curios, journeymap, trulydark, modernfix, citadel, alexscaves, alexsmobs, horror_element_mod, yungsapi, entityculling, glitchcore, biomesoplenty, immediatelyfast, starlight, cfm, ferritecore, embeddium_extra, iceandfire, transition, framework, cloth_config, sound_physics_remastered, forge, tlskincape, journeymap_api, embeddium, rubidium, presencefootsteps]
[28Aug2026 05:25:40.792] [Netty Epoll Server IO #4/DEBUG] [net.minecraftforge.network.NetworkRegistry/NETREGISTRY]: Channel 'alexscaves:main_channel' : Version test of '1' from client : ACCEPTED
[28Aug2026 05:25:40.793] [Netty Epoll Server IO #4/DEBUG] [net.minecraftforge.network.NetworkRegistry/NETREGISTRY]: Channel 'jei:channel' : Version test of '1.0.0' from client : ACCEPTED
[28Aug2026 05:25:40.793] [Netty Epoll Server IO #4/DEBUG] [net.minecraftforge.network.NetworkRegistry/NETREGISTRY]: Channel 'minecraft:unregister' : Version test of 'FML3' from client : ACCEPTED
[28Aug2026 05:25:40.793] [Netty Epoll Server IO #4/DEBUG] [net.minecraftforge.network.NetworkRegistry/NETREGISTRY]: Channel 'cfm:network' : Version test of '1' from client : ACCEPTED
[28Aug2026 05:25:40.793] [Netty Epoll Server IO #4/DEBUG] [net.minecraftforge.network.NetworkRegistry/NETREGISTRY]: Channel 'journeymap:waypoint_notification' : Version test of '1' from client : ACCEPTED
[28Aug2026 05:25:40.793] [Netty Epoll Server IO #4/DEBUG] [net.minecraftforge.network.NetworkRegistry/NETREGISTRY]: Channel 'journeymap:remove_player' : Version test of '1' from client : ACCEPTED
[28Aug2026 05:25:40.793] [Netty Epoll Server IO #4/DEBUG] [net.minecraftforge.network.NetworkRegistry/NETREGISTRY]: Channel 'journeymap:version' : Version test of '1' from client : ACCEPTED
[28Aug2026 05:25:40.793] [Netty Epoll Server IO #4/DEBUG] [net.minecraftforge.network.NetworkRegistry/NETREGISTRY]: Channel 'framework:play' : Version test of '1' from client : ACCEPTED
[28Aug2026 05:25:40.793] [Netty Epoll Server IO #4/DEBUG] [net.minecraftforge.network.NetworkRegistry/NETREGISTRY]: Channel 'journeymap:waypoint_scope_resp' : Version test of '1' from client : ACCEPTED
[28Aug2026 05:25:40.793] [Netty Epoll Server IO #4/DEBUG] [net.minecraftforge.network.NetworkRegistry/NETREGISTRY]: Channel 'journeymap:overlay_clear' : Version test of '1' from client : ACCEPTED
[28Aug2026 05:25:40.793] [Netty Epoll Server IO #4/DEBUG] [net.minecraftforge.network.NetworkRegistry/NETREGISTRY]: Channel 'journeymap:admin_req' : Version test of '1' from client : ACCEPTED
[28Aug2026 05:25:40.793] [Netty Epoll Server IO #4/DEBUG] [net.minecraftforge.network.NetworkRegistry/NETREGISTRY]: Channel 'cataclysm:main_channel' : Version test of '1' from client : ACCEPTED
[28Aug2026 05:25:40.793] [Netty Epoll Server IO #4/DEBUG] [net.minecraftforge.network.NetworkRegistry/NETREGISTRY]: Channel 'journeymap:waypoint' : Version test of '1' from client : ACCEPTED
[28Aug2026 05:25:40.793] [Netty Epoll Server IO #4/DEBUG] [net.minecraftforge.network.NetworkRegistry/NETREGISTRY]: Channel 'lionfishapi:main_channel' : Version test of '1' from client : ACCEPTED
[28Aug2026 05:25:40.793] [Netty Epoll Server IO #4/DEBUG] [net.minecraftforge.network.NetworkRegistry/NETREGISTRY]: Channel 'journeymap:waypoint_settings_resp' : Version test of '1' from client : ACCEPTED
[28Aug2026 05:25:40.793] [Netty Epoll Server IO #4/DEBUG] [net.minecraftforge.network.NetworkRegistry/NETREGISTRY]: Channel 'forge:tier_sorting' : Version test of '1.0' from client : ACCEPTED
[28Aug2026 05:25:40.793] [Netty Epoll Server IO #4/DEBUG] [net.minecraftforge.network.NetworkRegistry/NETREGISTRY]: Channel 'alexsmobs:main_channel' : Version test of '1' from client : ACCEPTED
[28Aug2026 05:25:40.793] [Netty Epoll Server IO #4/DEBUG] [net.minecraftforge.network.NetworkRegistry/NETREGISTRY]: Channel 'journeymap:waypoint_settings_update' : Version test of '1' from client : ACCEPTED
[28Aug2026 05:25:40.793] [Netty Epoll Server IO #4/DEBUG] [net.minecraftforge.network.NetworkRegistry/NETREGISTRY]: Channel 'fml:play' : Version test of 'FML3' from client : ACCEPTED
[28Aug2026 05:25:40.793] [Netty Epoll Server IO #4/DEBUG] [net.minecraftforge.network.NetworkRegistry/NETREGISTRY]: Channel 'creativecore:main' : Version test of '1' from client : ACCEPTED
[28Aug2026 05:25:40.793] [Netty Epoll Server IO #4/DEBUG] [net.minecraftforge.network.NetworkRegistry/NETREGISTRY]: Channel 'journeymap:waypoint_scope_req' : Version test of '1' from client : ACCEPTED
[28Aug2026 05:25:40.793] [Netty Epoll Server IO #4/DEBUG] [net.minecraftforge.network.NetworkRegistry/NETREGISTRY]: Channel 'journeymap:teleport_req' : Version test of '1' from client : ACCEPTED
[28Aug2026 05:25:40.793] [Netty Epoll Server IO #4/DEBUG] [net.minecraftforge.network.NetworkRegistry/NETREGISTRY]: Channel 'journeymap:overlay_show' : Version test of '1' from client : ACCEPTED
[28Aug2026 05:25:40.793] [Netty Epoll Server IO #4/DEBUG] [net.minecraftforge.network.NetworkRegistry/NETREGISTRY]: Channel 'modernfix:ingredient_sync' : Version test of '1' from client : ACCEPTED
[28Aug2026 05:25:40.793] [Netty Epoll Server IO #4/DEBUG] [net.minecraftforge.network.NetworkRegistry/NETREGISTRY]: Channel 'journeymap:common' : Version test of '1' from client : ACCEPTED
[28Aug2026 05:25:40.793] [Netty Epoll Server IO #4/DEBUG] [net.minecraftforge.network.NetworkRegistry/NETREGISTRY]: Channel 'minecraft:register' : Version test of 'FML3' from client : ACCEPTED
[28Aug2026 05:25:40.793] [Netty Epoll Server IO #4/DEBUG] [net.minecraftforge.network.NetworkRegistry/NETREGISTRY]: Channel 'geckolib:main' : Version test of '1' from client : ACCEPTED
[28Aug2026 05:25:40.793] [Netty Epoll Server IO #4/DEBUG] [net.minecraftforge.network.NetworkRegistry/NETREGISTRY]: Channel 'journeymap:waypoint_crud_req' : Version test of '1' from client : ACCEPTED
[28Aug2026 05:25:40.793] [Netty Epoll Server IO #4/DEBUG] [net.minecraftforge.network.NetworkRegistry/NETREGISTRY]: Channel 'citadel:main_channel' : Version test of '1' from client : ACCEPTED
[28Aug2026 05:25:40.793] [Netty Epoll Server IO #4/DEBUG] [net.minecraftforge.network.NetworkRegistry/NETREGISTRY]: Channel 'iceandfire:main_channel' : Version test of '1' from client : ACCEPTED
[28Aug2026 05:25:40.793] [Netty Epoll Server IO #4/DEBUG] [net.minecraftforge.network.NetworkRegistry/NETREGISTRY]: Channel 'modernfix:main' : Version test of '1' from client : ACCEPTED
[28Aug2026 05:25:40.793] [Netty Epoll Server IO #4/DEBUG] [net.minecraftforge.network.NetworkRegistry/NETREGISTRY]: Channel 'journeymap:waypoint_crud_resp' : Version test of '1' from client : ACCEPTED
[28Aug2026 05:25:40.793] [Netty Epoll Server IO #4/DEBUG] [net.minecraftforge.network.NetworkRegistry/NETREGISTRY]: Channel 'curios:main' : Version test of '1' from client : ACCEPTED
[28Aug2026 05:25:40.793] [Netty Epoll Server IO #4/DEBUG] [net.minecraftforge.network.NetworkRegistry/NETREGISTRY]: Channel 'worldinfo:world_id' : Version test of '1' from client : ACCEPTED
[28Aug2026 05:25:40.793] [Netty Epoll Server IO #4/DEBUG] [net.minecraftforge.network.NetworkRegistry/NETREGISTRY]: Channel 'journeymap:waypoint_share_op' : Version test of '1' from client : ACCEPTED
[28Aug2026 05:25:40.793] [Netty Epoll Server IO #4/DEBUG] [net.minecraftforge.network.NetworkRegistry/NETREGISTRY]: Channel 'journeymap:global_wp_visibility' : Version test of '1' from client : ACCEPTED
[28Aug2026 05:25:40.793] [Netty Epoll Server IO #4/DEBUG] [net.minecraftforge.network.NetworkRegistry/NETREGISTRY]: Channel 'journeymap:mp_options_req' : Version test of '1' from client : ACCEPTED
[28Aug2026 05:25:40.793] [Netty Epoll Server IO #4/DEBUG] [net.minecraftforge.network.NetworkRegistry/NETREGISTRY]: Channel 'framework:handshake' : Version test of '1' from client : ACCEPTED
[28Aug2026 05:25:40.793] [Netty Epoll Server IO #4/DEBUG] [net.minecraftforge.network.NetworkRegistry/NETREGISTRY]: Channel 'horror_element_mod:horror_element_mod' : Version test of '1' from client : ACCEPTED
[28Aug2026 05:25:40.793] [Netty Epoll Server IO #4/DEBUG] [net.minecraftforge.network.NetworkRegistry/NETREGISTRY]: Channel 'fml:loginwrapper' : Version test of 'FML3' from client : ACCEPTED
[28Aug2026 05:25:40.793] [Netty Epoll Server IO #4/DEBUG] [net.minecraftforge.network.NetworkRegistry/NETREGISTRY]: Channel 'journeymap:waypoint_share_targets_resp' : Version test of '1' from client : ACCEPTED
[28Aug2026 05:25:40.793] [Netty Epoll Server IO #4/DEBUG] [net.minecraftforge.network.NetworkRegistry/NETREGISTRY]: Channel 'journeymap:waypoint_query' : Version test of '1' from client : ACCEPTED
[28Aug2026 05:25:40.793] [Netty Epoll Server IO #4/DEBUG] [net.minecraftforge.network.NetworkRegistry/NETREGISTRY]: Channel 'journeymap:admin_save' : Version test of '1' from client : ACCEPTED
[28Aug2026 05:25:40.793] [Netty Epoll Server IO #4/DEBUG] [net.minecraftforge.network.NetworkRegistry/NETREGISTRY]: Channel 'journeymap:player_loc' : Version test of '1' from client : ACCEPTED
[28Aug2026 05:25:40.793] [Netty Epoll Server IO #4/DEBUG] [net.minecraftforge.network.NetworkRegistry/NETREGISTRY]: Channel 'fml:handshake' : Version test of 'FML3' from client : ACCEPTED
[28Aug2026 05:25:40.793] [Netty Epoll Server IO #4/DEBUG] [net.minecraftforge.network.NetworkRegistry/NETREGISTRY]: Channel 'journeymap:waypoint_scopes' : Version test of '1' from client : ACCEPTED
[28Aug2026 05:25:40.793] [Netty Epoll Server IO #4/DEBUG] [net.minecraftforge.network.NetworkRegistry/NETREGISTRY]: Channel 'journeymap:perm_req' : Version test of '1' from client : ACCEPTED
[28Aug2026 05:25:40.793] [Netty Epoll Server IO #4/DEBUG] [net.minecraftforge.network.NetworkRegistry/NETREGISTRY]: Channel 'forge:split' : Version test of '1.1' from client : ACCEPTED
[28Aug2026 05:25:40.793] [Netty Epoll Server IO #4/DEBUG] [net.minecraftforge.network.NetworkRegistry/NETREGISTRY]: Channel 'journeymap:overlay_remove' : Version test of '1' from client : ACCEPTED
[28Aug2026 05:25:40.793] [Netty Epoll Server IO #4/DEBUG] [net.minecraftforge.network.NetworkRegistry/NETREGISTRY]: Channel 'jade:networking' : Version test of '2' from client : ACCEPTED
[28Aug2026 05:25:40.793] [Netty Epoll Server IO #4/DEBUG] [net.minecraftforge.network.NetworkRegistry/NETREGISTRY]: Channel 'journeymap:waypoint_push' : Version test of '1' from client : ACCEPTED
[28Aug2026 05:25:40.793] [Netty Epoll Server IO #4/DEBUG] [net.minecraftforge.network.NetworkRegistry/NETREGISTRY]: Accepting channel list from client
[28Aug2026 05:25:40.793] [Netty Epoll Server IO #4/DEBUG] [net.minecraftforge.network.HandshakeHandler/FMLHANDSHAKE]: Accepted client connection mod list
[28Aug2026 05:25:40.793] [Netty Epoll Server IO #4/DEBUG] [net.minecraftforge.network.LoginWrapper/FMLHANDSHAKE]: Recieved login wrapper packet event for channel fml:handshake with index 2
[28Aug2026 05:25:40.794] [Netty Epoll Server IO #4/DEBUG] [net.minecraftforge.network.HandshakeHandler/FMLHANDSHAKE]: Received client indexed reply 2 of type net.minecraftforge.network.HandshakeMessages$C2SAcknowledge
[28Aug2026 05:25:40.794] [Netty Epoll Server IO #4/DEBUG] [net.minecraftforge.network.HandshakeHandler/FMLHANDSHAKE]: Received acknowledgement from client
[28Aug2026 05:25:40.794] [Netty Epoll Server IO #4/DEBUG] [net.minecraftforge.network.LoginWrapper/FMLHANDSHAKE]: Recieved login wrapper packet event for channel fml:handshake with index 3
[28Aug2026 05:25:40.794] [Netty Epoll Server IO #4/DEBUG] [net.minecraftforge.network.HandshakeHandler/FMLHANDSHAKE]: Received client indexed reply 3 of type net.minecraftforge.network.HandshakeMessages$C2SAcknowledge
[28Aug2026 05:25:40.794] [Netty Epoll Server IO #4/DEBUG] [net.minecraftforge.network.HandshakeHandler/FMLHANDSHAKE]: Received acknowledgement from client
[28Aug2026 05:25:41.099] [Netty Epoll Server IO #4/DEBUG] [net.minecraftforge.network.LoginWrapper/FMLHANDSHAKE]: Recieved login wrapper packet event for channel fml:handshake with index 4
[28Aug2026 05:25:41.099] [Netty Epoll Server IO #4/DEBUG] [net.minecraftforge.network.HandshakeHandler/FMLHANDSHAKE]: Received client indexed reply 4 of type net.minecraftforge.network.HandshakeMessages$C2SAcknowledge
[28Aug2026 05:25:41.099] [Netty Epoll Server IO #4/DEBUG] [net.minecraftforge.network.HandshakeHandler/FMLHANDSHAKE]: Received acknowledgement from client
[28Aug2026 05:25:41.099] [Netty Epoll Server IO #4/DEBUG] [net.minecraftforge.network.LoginWrapper/FMLHANDSHAKE]: Recieved login wrapper packet event for channel fml:handshake with index 5
[28Aug2026 05:25:41.099] [Netty Epoll Server IO #4/DEBUG] [net.minecraftforge.network.HandshakeHandler/FMLHANDSHAKE]: Received client indexed reply 5 of type net.minecraftforge.network.HandshakeMessages$C2SAcknowledge
[28Aug2026 05:25:41.099] [Netty Epoll Server IO #4/DEBUG] [net.minecraftforge.network.HandshakeHandler/FMLHANDSHAKE]: Received acknowledgement from client
[28Aug2026 05:25:41.099] [Netty Epoll Server IO #4/DEBUG] [net.minecraftforge.network.LoginWrapper/FMLHANDSHAKE]: Recieved login wrapper packet event for channel fml:handshake with index 6
[28Aug2026 05:25:41.099] [Netty Epoll Server IO #4/DEBUG] [net.minecraftforge.network.HandshakeHandler/FMLHANDSHAKE]: Received client indexed reply 6 of type net.minecraftforge.network.HandshakeMessages$C2SAcknowledge
[28Aug2026 05:25:41.099] [Netty Epoll Server IO #4/DEBUG] [net.minecraftforge.network.HandshakeHandler/FMLHANDSHAKE]: Received acknowledgement from client
[28Aug2026 05:25:41.413] [Netty Epoll Server IO #4/DEBUG] [net.minecraftforge.network.LoginWrapper/FMLHANDSHAKE]: Recieved login wrapper packet event for channel fml:handshake with index 7
[28Aug2026 05:25:41.413] [Netty Epoll Server IO #4/DEBUG] [net.minecraftforge.network.HandshakeHandler/FMLHANDSHAKE]: Received client indexed reply 7 of type net.minecraftforge.network.HandshakeMessages$C2SAcknowledge
[28Aug2026 05:25:41.413] [Netty Epoll Server IO #4/DEBUG] [net.minecraftforge.network.HandshakeHandler/FMLHANDSHAKE]: Received acknowledgement from client
[28Aug2026 05:25:41.413] [Netty Epoll Server IO #4/DEBUG] [net.minecraftforge.network.LoginWrapper/FMLHANDSHAKE]: Recieved login wrapper packet event for channel fml:handshake with index 8
[28Aug2026 05:25:41.413] [Netty Epoll Server IO #4/DEBUG] [net.minecraftforge.network.HandshakeHandler/FMLHANDSHAKE]: Received client indexed reply 8 of type net.minecraftforge.network.HandshakeMessages$C2SAcknowledge
[28Aug2026 05:25:41.413] [Netty Epoll Server IO #4/DEBUG] [net.minecraftforge.network.HandshakeHandler/FMLHANDSHAKE]: Received acknowledgement from client
[28Aug2026 05:25:41.414] [Netty Epoll Server IO #4/DEBUG] [net.minecraftforge.network.LoginWrapper/FMLHANDSHAKE]: Recieved login wrapper packet event for channel fml:handshake with index 9
[28Aug2026 05:25:41.414] [Netty Epoll Server IO #4/DEBUG] [net.minecraftforge.network.HandshakeHandler/FMLHANDSHAKE]: Received client indexed reply 9 of type net.minecraftforge.network.HandshakeMessages$C2SAcknowledge
[28Aug2026 05:25:41.414] [Netty Epoll Server IO #4/DEBUG] [net.minecraftforge.network.HandshakeHandler/FMLHANDSHAKE]: Received acknowledgement from client
[28Aug2026 05:25:41.414] [Netty Epoll Server IO #4/DEBUG] [net.minecraftforge.network.LoginWrapper/FMLHANDSHAKE]: Recieved login wrapper packet event for channel fml:handshake with index 10
[28Aug2026 05:25:41.414] [Netty Epoll Server IO #4/DEBUG] [net.minecraftforge.network.HandshakeHandler/FMLHANDSHAKE]: Received client indexed reply 10 of type net.minecraftforge.network.HandshakeMessages$C2SAcknowledge
[28Aug2026 05:25:41.414] [Netty Epoll Server IO #4/DEBUG] [net.minecraftforge.network.HandshakeHandler/FMLHANDSHAKE]: Received acknowledgement from client
[28Aug2026 05:25:41.414] [Netty Epoll Server IO #4/DEBUG] [net.minecraftforge.network.LoginWrapper/FMLHANDSHAKE]: Recieved login wrapper packet event for channel fml:handshake with index 11
[28Aug2026 05:25:41.414] [Netty Epoll Server IO #4/DEBUG] [net.minecraftforge.network.HandshakeHandler/FMLHANDSHAKE]: Received client indexed reply 11 of type net.minecraftforge.network.HandshakeMessages$C2SAcknowledge
[28Aug2026 05:25:41.414] [Netty Epoll Server IO #4/DEBUG] [net.minecraftforge.network.HandshakeHandler/FMLHANDSHAKE]: Received acknowledgement from client
[28Aug2026 05:25:41.414] [Netty Epoll Server IO #4/DEBUG] [net.minecraftforge.network.LoginWrapper/FMLHANDSHAKE]: Recieved login wrapper packet event for channel fml:handshake with index 12
[28Aug2026 05:25:41.415] [Netty Epoll Server IO #4/DEBUG] [net.minecraftforge.network.HandshakeHandler/FMLHANDSHAKE]: Received client indexed reply 12 of type net.minecraftforge.network.HandshakeMessages$C2SAcknowledge
[28Aug2026 05:25:41.415] [Netty Epoll Server IO #4/DEBUG] [net.minecraftforge.network.HandshakeHandler/FMLHANDSHAKE]: Received acknowledgement from client
[28Aug2026 05:25:41.434] [Netty Epoll Server IO #4/DEBUG] [net.minecraftforge.network.LoginWrapper/FMLHANDSHAKE]: Recieved login wrapper packet event for channel fml:handshake with index 13
[28Aug2026 05:25:41.435] [Netty Epoll Server IO #4/DEBUG] [net.minecraftforge.network.HandshakeHandler/FMLHANDSHAKE]: Received client indexed reply 13 of type net.minecraftforge.network.HandshakeMessages$C2SAcknowledge
[28Aug2026 05:25:41.435] [Netty Epoll Server IO #4/DEBUG] [net.minecraftforge.network.HandshakeHandler/FMLHANDSHAKE]: Received acknowledgement from client
[28Aug2026 05:25:41.435] [Netty Epoll Server IO #4/DEBUG] [net.minecraftforge.network.LoginWrapper/FMLHANDSHAKE]: Recieved login wrapper packet event for channel fml:handshake with index 14
[28Aug2026 05:25:41.435] [Netty Epoll Server IO #4/DEBUG] [net.minecraftforge.network.HandshakeHandler/FMLHANDSHAKE]: Received client indexed reply 14 of type net.minecraftforge.network.HandshakeMessages$C2SAcknowledge
[28Aug2026 05:25:41.435] [Netty Epoll Server IO #4/DEBUG] [net.minecraftforge.network.HandshakeHandler/FMLHANDSHAKE]: Received acknowledgement from client
[28Aug2026 05:25:41.435] [Netty Epoll Server IO #4/DEBUG] [net.minecraftforge.network.LoginWrapper/FMLHANDSHAKE]: Recieved login wrapper packet event for channel fml:handshake with index 15
[28Aug2026 05:25:41.435] [Netty Epoll Server IO #4/DEBUG] [net.minecraftforge.network.HandshakeHandler/FMLHANDSHAKE]: Received client indexed reply 15 of type net.minecraftforge.network.HandshakeMessages$C2SAcknowledge
[28Aug2026 05:25:41.435] [Netty Epoll Server IO #4/DEBUG] [net.minecraftforge.network.HandshakeHandler/FMLHANDSHAKE]: Received acknowledgement from client
[28Aug2026 05:25:41.439] [Netty Epoll Server IO #4/DEBUG] [net.minecraftforge.network.LoginWrapper/FMLHANDSHAKE]: Recieved login wrapper packet event for channel fml:handshake with index 16
[28Aug2026 05:25:41.439] [Netty Epoll Server IO #4/DEBUG] [net.minecraftforge.network.HandshakeHandler/FMLHANDSHAKE]: Received client indexed reply 16 of type net.minecraftforge.network.HandshakeMessages$C2SAcknowledge
[28Aug2026 05:25:41.439] [Netty Epoll Server IO #4/DEBUG] [net.minecraftforge.network.HandshakeHandler/FMLHANDSHAKE]: Received acknowledgement from client
[28Aug2026 05:25:41.439] [Netty Epoll Server IO #4/DEBUG] [net.minecraftforge.network.LoginWrapper/FMLHANDSHAKE]: Recieved login wrapper packet event for channel fml:handshake with index 17
[28Aug2026 05:25:41.440] [Netty Epoll Server IO #4/DEBUG] [net.minecraftforge.network.HandshakeHandler/FMLHANDSHAKE]: Received client indexed reply 17 of type net.minecraftforge.network.HandshakeMessages$C2SAcknowledge
[28Aug2026 05:25:41.440] [Netty Epoll Server IO #4/DEBUG] [net.minecraftforge.network.HandshakeHandler/FMLHANDSHAKE]: Received acknowledgement from client
[28Aug2026 05:25:41.440] [Netty Epoll Server IO #4/DEBUG] [net.minecraftforge.network.LoginWrapper/FMLHANDSHAKE]: Recieved login wrapper packet event for channel fml:handshake with index 18
[28Aug2026 05:25:41.440] [Netty Epoll Server IO #4/DEBUG] [net.minecraftforge.network.HandshakeHandler/FMLHANDSHAKE]: Received client indexed reply 18 of type net.minecraftforge.network.HandshakeMessages$C2SAcknowledge
[28Aug2026 05:25:41.440] [Netty Epoll Server IO #4/DEBUG] [net.minecraftforge.network.HandshakeHandler/FMLHANDSHAKE]: Received acknowledgement from client
[28Aug2026 05:25:41.550] [Netty Epoll Server IO #4/DEBUG] [net.minecraftforge.network.LoginWrapper/FMLHANDSHAKE]: Recieved login wrapper packet event for channel fml:handshake with index 19
[28Aug2026 05:25:41.550] [Netty Epoll Server IO #4/DEBUG] [net.minecraftforge.network.HandshakeHandler/FMLHANDSHAKE]: Received client indexed reply 19 of type net.minecraftforge.network.HandshakeMessages$C2SAcknowledge
[28Aug2026 05:25:41.550] [Netty Epoll Server IO #4/DEBUG] [net.minecraftforge.network.HandshakeHandler/FMLHANDSHAKE]: Received acknowledgement from client
[28Aug2026 05:25:41.676] [Netty Epoll Server IO #4/DEBUG] [net.minecraftforge.network.LoginWrapper/FMLHANDSHAKE]: Recieved login wrapper packet event for channel fml:handshake with index 20
[28Aug2026 05:25:41.677] [Netty Epoll Server IO #4/DEBUG] [net.minecraftforge.network.HandshakeHandler/FMLHANDSHAKE]: Received client indexed reply 20 of type net.minecraftforge.network.HandshakeMessages$C2SAcknowledge
[28Aug2026 05:25:41.677] [Netty Epoll Server IO #4/DEBUG] [net.minecraftforge.network.HandshakeHandler/FMLHANDSHAKE]: Received acknowledgement from client
[28Aug2026 05:25:41.677] [Netty Epoll Server IO #4/DEBUG] [net.minecraftforge.network.LoginWrapper/FMLHANDSHAKE]: Recieved login wrapper packet event for channel fml:handshake with index 21
[28Aug2026 05:25:41.677] [Netty Epoll Server IO #4/DEBUG] [net.minecraftforge.network.HandshakeHandler/FMLHANDSHAKE]: Received client indexed reply 21 of type net.minecraftforge.network.HandshakeMessages$C2SAcknowledge
[28Aug2026 05:25:41.677] [Netty Epoll Server IO #4/DEBUG] [net.minecraftforge.network.HandshakeHandler/FMLHANDSHAKE]: Received acknowledgement from client
[28Aug2026 05:25:41.677] [Netty Epoll Server IO #4/DEBUG] [net.minecraftforge.network.LoginWrapper/FMLHANDSHAKE]: Recieved login wrapper packet event for channel fml:handshake with index 22
[28Aug2026 05:25:41.677] [Netty Epoll Server IO #4/DEBUG] [net.minecraftforge.network.HandshakeHandler/FMLHANDSHAKE]: Received client indexed reply 22 of type net.minecraftforge.network.HandshakeMessages$C2SAcknowledge
[28Aug2026 05:25:41.677] [Netty Epoll Server IO #4/DEBUG] [net.minecraftforge.network.HandshakeHandler/FMLHANDSHAKE]: Received acknowledgement from client
[28Aug2026 05:25:41.677] [Netty Epoll Server IO #4/DEBUG] [net.minecraftforge.network.LoginWrapper/FMLHANDSHAKE]: Recieved login wrapper packet event for channel fml:handshake with index 23
[28Aug2026 05:25:41.677] [Netty Epoll Server IO #4/DEBUG] [net.minecraftforge.network.HandshakeHandler/FMLHANDSHAKE]: Received client indexed reply 23 of type net.minecraftforge.network.HandshakeMessages$C2SAcknowledge
[28Aug2026 05:25:41.677] [Netty Epoll Server IO #4/DEBUG] [net.minecraftforge.network.HandshakeHandler/FMLHANDSHAKE]: Received acknowledgement from client
[28Aug2026 05:25:41.680] [Netty Epoll Server IO #4/DEBUG] [net.minecraftforge.network.LoginWrapper/FMLHANDSHAKE]: Recieved login wrapper packet event for channel fml:handshake with index 24
[28Aug2026 05:25:41.680] [Netty Epoll Server IO #4/DEBUG] [net.minecraftforge.network.HandshakeHandler/FMLHANDSHAKE]: Received client indexed reply 24 of type net.minecraftforge.network.HandshakeMessages$C2SAcknowledge
[28Aug2026 05:25:41.680] [Netty Epoll Server IO #4/DEBUG] [net.minecraftforge.network.HandshakeHandler/FMLHANDSHAKE]: Received acknowledgement from client
[28Aug2026 05:25:41.693] [Server thread/DEBUG] [net.minecraftforge.network.HandshakeHandler/FMLHANDSHAKE]: Handshake complete!
[28Aug2026 05:25:41.756] [Server thread/INFO] [net.minecraft.server.players.PlayerList/]: Jr_dark[/10.13.238.142:55382] logged in with entity id 59461 at (-4240.41563577269, 65.0, -895.5553503232208)
[28Aug2026 05:25:41.756] [Server thread/DEBUG] [net.minecraftforge.network.filters.NetworkFilters/]: Injected net.minecraftforge.network.filters.ForgeConnectionNetworkFilter@1eba4194 into net.minecraft.network.Connection@1d83248f
[28Aug2026 05:25:41.760] [Server thread/INFO] [ModernFix/]: Using enhanced recipe sync for player Jr_dark
[28Aug2026 05:25:41.766] [Server thread/INFO] [net.minecraft.server.MinecraftServer/]: Jr_dark joined the game
[28Aug2026 05:25:41.774] [Server thread/INFO] [Jade/]: Syncing config to Jr_dark (e4a447b7-80d3-39bc-aee9-7217339ad2d7)
